# generated by causality-bench, do not edit by hand
# generated: 2026-09-12 12:38:38 UTC
# source: experiments/run_delay.py
# machine: AMD Ryzen 7 4700U with Radeon Graphics, 8 cores, 15 GiB, Linux 6.8.0-138-generic, Python 3.12.3
# rows: 270
nodes,events_per_node,message_probability,topology,delay_distribution,mean_delay,mean_interarrival,loss_probability,failure_probability,mean_failure_duration,seed,events,total_pairs,ordered_pairs,concurrent_pairs,causal_density,concurrency_ratio,lamport_tied_pairs,lamport_false_orderings,lamport_false_ordering_rate,lamport_concurrency_recall,lamport_order_precision,lamport_causal_recall,vector_false_ordering_rate,vector_concurrency_recall,vector_order_precision,vector_causal_recall,messages,lamport_timestamp_bytes,vector_timestamp_bytes,lamport_event_metadata_bytes,vector_event_metadata_bytes,lamport_message_metadata_bytes,vector_message_metadata_bytes,metadata_amplification,mean_vector_nonzero_entries,sparse_vector_timestamp_bytes,measured_lamport_retained_bytes,measured_vector_retained_bytes,simulation_seconds,graph_build_seconds,lamport_tick_ns,lamport_send_ns,lamport_receive_ns,vector_tick_ns,vector_send_ns,vector_receive_ns,local_events,send_events,receive_events,messages_lost,messages_dropped_by_network,messages_dropped_by_failure,failures,total_downtime,final_logical_time,experiment
8,1000,0.25,complete,deterministic,1.0,1.0,0.0,0.0,0.0,42,10005,50045010,49121607,923403,0.9815485499952943,0.018451450004705765,25231,898172,0.9726760688453471,0.027323931154652953,0.9820436631677241,1.0,0.0,1.0,1.0,1.0,2005,8,64,80040,640320,16040,128320,8.0,7.927636181909046,95.13163418290856,85120,1125672,0.05832903500049724,0.0799812369987194,120.679,121.10033333333334,271.34133333333335,137.61766666666668,140.04566666666668,549.1013333333333,5995,2005,2005,0,0,0,0,0.0,1016.8877380646217,delay
8,1000,0.25,complete,deterministic,1.0,1.0,0.0,0.0,0.0,43,9994,49935021,49012022,922999,0.9815159985614105,0.018484001438589564,25218,897781,0.9726781935841751,0.027321806415824938,0.9820119306020904,1.0,0.0,1.0,1.0,1.0,1994,8,64,79952,639616,15952,127616,8.0,7.928757254352612,95.14508705223135,85120,1124528,0.05228404700028477,0.03556540299905464,124.93733333333333,122.703,273.71933333333334,138.77,139.44466666666668,545.438,6006,1994,1994,0,0,0,0,0.0,1012.6042038461123,delay
8,1000,0.25,complete,deterministic,1.0,1.0,0.0,0.0,0.0,44,10027,50265351,49338576,926775,0.9815623489827018,0.01843765101729818,24947,901828,0.9730819238758058,0.026918076124194112,0.9820497462560214,1.0,0.0,1.0,1.0,1.0,2027,8,64,80216,641728,16216,129728,8.0,7.911538845118181,94.93846614141817,85120,1127960,0.0877350450027734,0.03641750899987528,120.399,125.211,276.107,136.60566666666668,138.179,595.3516666666667,5973,2027,2027,0,0,0,0,0.0,1034.274041382427,delay
8,1000,0.25,complete,deterministic,1.0,1.0,0.0,0.0,0.0,45,10017,50165136,49226146,938990,0.9812820202460928,0.018717979753907175,25105,913885,0.9732638260258363,0.02673617397416373,0.9817733459319161,1.0,0.0,1.0,1.0,1.0,2017,8,64,80136,641088,16136,129088,8.0,7.919436957172806,95.03324348607367,85120,1126920,0.08770032999746036,0.03758622700115666,137.56433333333334,137.94833333333332,312.56166666666667,156.68,157.66533333333334,634.4113333333333,5983,2017,2017,0,0,0,0,0.0,1063.183362923758,delay
8,1000,0.25,complete,deterministic,1.0,1.0,0.0,0.0,0.0,46,9975,49745325,48819590,925735,0.9813905125758049,0.01860948742419514,25467,900268,0.9724899674312844,0.02751003256871567,0.9818931904431425,1.0,0.0,1.0,1.0,1.0,1975,8,64,79800,638400,15800,126400,8.0,7.917593984962406,95.01112781954888,85120,1122552,0.09221996300038882,0.035664438000821974,123.06033333333333,121.84466666666667,273.44866666666667,139.391,140.54,556.101,6025,1975,1975,0,0,0,0,0.0,1026.6697865112556,delay
8,1000,0.25,complete,deterministic,1.0,1.0,0.0,0.0,0.0,47,10031,50305465,49396727,908738,0.9819356008338259,0.018064399166174094,25108,883630,0.9723704742180914,0.027629525781908536,0.9824259402135908,1.0,0.0,1.0,1.0,1.0,2031,8,64,80248,641984,16248,129984,8.0,7.924334562855149,95.09201475426178,85120,1128376,0.05258338699786691,0.07247060400186456,126.35966666666667,121.99833333333333,281.921,140.31966666666668,141.46833333333333,551.9433333333334,5969,2031,2031,0,0,0,0,0.0,1050.212991677097,delay
8,1000,0.25,complete,deterministic,1.0,1.0,0.0,0.0,0.0,48,10006,50055015,49110779,944236,0.9811360360195677,0.01886396398043233,25374,918862,0.973127480841654,0.026872519158346007,0.9816336479408277,1.0,0.0,1.0,1.0,1.0,2006,8,64,80048,640384,16048,128384,8.0,7.91245252848291,94.94943034179492,85120,1125776,0.05217430199991213,0.07279217600080301,125.515,122.73966666666666,273.983,143.01433333333333,140.60333333333332,553.5263333333334,5994,2006,2006,0,0,0,0,0.0,984.9241091606174,delay
8,1000,0.25,complete,deterministic,1.0,1.0,0.0,0.0,0.0,49,10048,50476128,49558947,917181,0.9818294105284779,0.018170589471522062,25094,892087,0.9726400786758557,0.027359921324144307,0.9823177657766142,1.0,0.0,1.0,1.0,1.0,2048,8,64,80384,643072,16384,131072,8.0,7.932921974522293,95.19506369426752,85120,1130144,0.0561477509982069,0.07665992799957166,123.361,127.10466666666666,274.00966666666665,142.547,145.11166666666668,562.7036666666667,5952,2048,2048,0,0,0,0,0.0,1041.3584746618947,delay
8,1000,0.25,complete,deterministic,1.0,1.0,0.0,0.0,0.0,50,9994,49935021,48988648,946373,0.9810479102431938,0.01895208975680615,24944,921429,0.9736425278405026,0.026357472159497367,0.9815382172221453,1.0,0.0,1.0,1.0,1.0,1994,8,64,79952,639616,15952,127616,8.0,7.918651190714429,95.02381428857315,85120,1124528,0.05516721500316635,0.036038819001987576,114.374,112.995,269.46133333333336,132.802,135.09966666666668,535.3956666666667,6006,1994,1994,0,0,0,0,0.0,1040.4189065205612,delay
8,1000,0.25,complete,deterministic,1.0,1.0,0.0,0.0,0.0,51,9989,49885066,48937878,947188,0.981012594029644,0.018987405970355937,25507,921681,0.973070815930945,0.02692918406905493,0.981514457438342,1.0,0.0,1.0,1.0,1.0,1989,8,64,79912,639296,15912,127296,8.0,7.926018620482531,95.11222344579038,85120,1124008,0.055520445999718504,0.03878303700184915,125.101,122.85,279.844,140.21933333333334,141.37133333333333,559.4976666666666,6011,1989,1989,0,0,0,0,0.0,1062.6757463590798,delay
8,1000,0.25,complete,deterministic,1.0,1.0,0.0,0.0,0.0,52,9951,49506225,48565076,941149,0.9809892796309959,0.0190107203690041,24650,916499,0.9738086105388201,0.0261913894611799,0.9814779743773313,1.0,0.0,1.0,1.0,1.0,1951,8,64,79608,636864,15608,124864,8.0,7.930057280675309,95.16068736810371,85120,1120056,0.08936896399973193,0.035793049002677435,124.81033333333333,121.49066666666667,270.01233333333334,139.688,142.323,546.1226666666666,6049,1951,1951,0,0,0,0,0.0,1030.551613900203,delay
8,1000,0.25,complete,deterministic,1.0,1.0,0.0,0.0,0.0,53,9993,49925028,48986945,938083,0.9812101657709636,0.018789834229036385,24375,913708,0.9740161584849102,0.025983841515089815,0.9816894580517814,1.0,0.0,1.0,1.0,1.0,1993,8,64,79944,639552,15944,127552,8.0,7.922645852096467,95.07175022515761,85120,1124424,0.08994346899999073,0.035685127000760986,123.30433333333333,123.31433333333334,273.57533333333333,140.176,141.48166666666665,548.6136666666666,6007,1993,1993,0,0,0,0,0.0,1063.7712937841636,delay
8,1000,0.25,complete,deterministic,1.0,1.0,0.0,0.0,0.0,54,9962,49615741,48697952,917789,0.9815020600014822,0.018497939998517808,24758,893031,0.973024300792448,0.02697569920755206,0.9819920690017376,1.0,0.0,1.0,1.0,1.0,1962,8,64,79696,637568,15696,125568,8.0,7.900722746436458,94.8086729572375,85120,1121200,0.051915967000240926,0.07216157499715337,125.47166666666666,121.08,269.7816666666667,141.84566666666666,143.021,549.5056666666667,6038,1962,1962,0,0,0,0,0.0,1020.5867627891942,delay
8,1000,0.25,complete,deterministic,1.0,1.0,0.0,0.0,0.0,55,10060,50596770,49683720,913050,0.9819543816729803,0.01804561832701969,25190,887860,0.9724111494441706,0.027588850555829363,0.9824434988979976,1.0,0.0,1.0,1.0,1.0,2060,8,64,80480,643840,16480,131840,8.0,7.927335984095428,95.12803180914513,85120,1131392,0.05526198300140095,0.08107650699821534,154.90333333333334,148.528,349.551,174.75366666666667,175.35166666666666,691.1106666666667,5940,2060,2060,0,0,0,0,0.0,1048.3987473198213,delay
8,1000,0.25,complete,deterministic,1.0,1.0,0.0,0.0,0.0,56,10007,50065021,49139049,925972,0.9815046117727585,0.01849538822724153,24958,901014,0.9730467011961484,0.02695329880385152,0.9819941473694788,1.0,0.0,1.0,1.0,1.0,2007,8,64,80056,640448,16056,128448,8.0,7.908663935245328,94.90396722294393,85120,1125880,0.06527779599855421,0.0915198020011303,136.439,136.48233333333334,309.132,157.685,157.398,632.12,5993,2007,2007,0,0,0,0,0.0,1017.6220995252685,delay
8,1000,0.25,complete,deterministic,1.0,1.0,0.0,0.0,0.0,57,9982,49815171,48877203,937968,0.9811710372328141,0.018828962767185924,25101,912867,0.9732389591116115,0.026761040888388515,0.9816656815304738,1.0,0.0,1.0,1.0,1.0,1982,8,64,79856,638848,15856,126848,8.0,7.933179723502304,95.19815668202764,85120,1123280,0.06736287000239827,0.04169724399980623,129.10833333333332,127.64233333333334,287.99266666666665,148.458,148.144,615.0716666666667,6018,1982,1982,0,0,0,0,0.0,1038.5854059877406,delay
8,1000,0.25,complete,deterministic,1.0,1.0,0.0,0.0,0.0,58,10027,50265351,49332333,933018,0.9814381481191686,0.01856185188083139,25134,907884,0.9730616129592355,0.026938387040764487,0.9819291385624389,1.0,0.0,1.0,1.0,1.0,2027,8,64,80216,641728,16216,129728,8.0,7.919617034008178,95.03540440809815,85120,1127960,0.06097887700161664,0.041841915000986774,143.88633333333334,146.45766666666665,329.447,164.665,167.04266666666666,655.327,5973,2027,2027,0,0,0,0,0.0,1087.1701024136632,delay
8,1000,0.25,complete,deterministic,1.0,1.0,0.0,0.0,0.0,59,9990,49895055,48975179,919876,0.9815637842267134,0.01843621577328655,24865,895011,0.9729691828028996,0.02703081719710048,0.9820531864827465,1.0,0.0,1.0,1.0,1.0,1990,8,64,79920,639360,15920,127360,8.0,7.9224224224224224,95.06906906906907,85120,1124112,0.0975749889985309,0.03976069800046389,148.61166666666668,149.51,328.522,171.845,173.281,683.867,6010,1990,1990,0,0,0,0,0.0,1023.6853238622988,delay
8,1000,0.25,complete,deterministic,1.0,1.0,0.0,0.0,0.0,60,9952,49516176,48537969,978207,0.9802446982174068,0.01975530178259323,25277,952930,0.9741598659588411,0.025840134041158976,0.98074534875594,1.0,0.0,1.0,1.0,1.0,1952,8,64,79616,636928,15616,124928,8.0,7.930164790996785,95.16197749196142,85120,1120160,0.10065310199934174,0.040606721999211004,144.39366666666666,145.586,326.989,172.89366666666666,174.5,658.0686666666667,6048,1952,1952,0,0,0,0,0.0,1018.3552541222139,delay
8,1000,0.25,complete,deterministic,1.0,1.0,0.0,0.0,0.0,61,10026,50255325,49349484,905841,0.9819752235210896,0.018024776478910445,24878,880963,0.9725360190143745,0.027463980985625514,0.9824615735551786,1.0,0.0,1.0,1.0,1.0,2026,8,64,80208,641664,16208,129664,8.0,7.915619389587073,94.98743267504489,85120,1127856,0.06215103100112174,0.07965646800221293,156.87733333333333,163.20533333333333,350.17566666666664,184.776,184.56533333333334,701.6773333333333,5974,2026,2026,0,0,0,0,0.0,1049.1992380806023,delay
8,1000,0.25,complete,deterministic,1.0,1.0,0.0,0.0,0.0,62,9979,49785231,48830614,954617,0.9808252973657992,0.019174702634200895,25550,929067,0.97323533940837,0.026764660591629942,0.9813289196930342,1.0,0.0,1.0,1.0,1.0,1979,8,64,79832,638656,15832,126656,8.0,7.9311554263954305,95.17386511674516,85120,1122968,0.061954433000209974,0.08103851499981829,139.32433333333333,138.24866666666668,301.1603333333333,160.89133333333334,161.33533333333332,630.4636666666667,6021,1979,1979,0,0,0,0,0.0,1055.844407888183,delay
8,1000,0.25,complete,deterministic,1.0,1.0,0.0,0.0,0.0,63,9975,49745325,48792599,952726,0.9808479289259845,0.0191520710740155,25675,927051,0.9730510136177662,0.026948986382233718,0.981354434313194,1.0,0.0,1.0,1.0,1.0,1975,8,64,79800,638400,15800,126400,8.0,7.906065162907268,94.87278195488722,85120,1122552,0.06974840600014431,0.08448154299912858,145.215,142.841,332.56266666666664,167.98433333333332,166.211,633.86,6025,1975,1975,0,0,0,0,0.0,1015.9991949244468,delay
8,1000,0.25,complete,deterministic,1.0,1.0,0.0,0.0,0.0,64,9986,49855105,48902198,952907,0.9808864709040328,0.019113529095967204,25253,927654,0.9734989878340699,0.02650101216593015,0.9813835690300665,1.0,0.0,1.0,1.0,1.0,1986,8,64,79888,639104,15888,127104,8.0,7.931203685159223,95.17444422191068,85120,1123696,0.05393000799813308,0.03549343700069585,113.41566666666667,115.65666666666667,260.1136666666667,139.06033333333335,141.28766666666667,531.9493333333334,6014,1986,1986,0,0,0,0,0.0,1059.5850905590269,delay
8,1000,0.25,complete,deterministic,1.0,1.0,0.0,0.0,0.0,65,10037,50365666,49463132,902534,0.9820803719740349,0.01791962802596515,24337,878197,0.973034810876931,0.02696518912306905,0.9825551486731707,1.0,0.0,1.0,1.0,1.0,2037,8,64,80296,642368,16296,130368,8.0,7.923084587027996,95.07701504433595,85120,1129000,0.052674407001177315,0.03641240899742115,126.67733333333334,123.07366666666667,286.79366666666664,143.923,143.60566666666668,545.2643333333333,5963,2037,2037,0,0,0,0,0.0,1084.0722898624033,delay
8,1000,0.25,complete,deterministic,1.0,1.0,0.0,0.0,0.0,66,10092,50919186,49993750,925436,0.981825396816045,0.01817460318395506,25288,900148,0.9726745015322508,0.027325498467749256,0.9823132431318191,1.0,0.0,1.0,1.0,1.0,2092,8,64,80736,645888,16736,133888,8.0,7.940051525961158,95.28061831153389,85120,1134720,0.087897167999472,0.03701664999971399,122.84,123.69833333333334,276.8283333333333,145.87,144.858,569.513,5908,2092,2092,0,0,0,0,0.0,1034.5360587644884,delay
8,1000,0.25,complete,deterministic,1.0,1.0,0.0,0.0,0.0,67,10074,50737701,49825216,912485,0.9820156415837603,0.017984358416239632,25529,886956,0.9720225537954048,0.027977446204595142,0.9825099977969786,1.0,0.0,1.0,1.0,1.0,2074,8,64,80592,644736,16592,132736,8.0,7.9122493547746675,94.94699225729602,85120,1132848,0.09281635799925425,0.03636092099986854,155.077,142.74066666666667,330.58233333333334,162.88166666666666,163.87,636.8656666666667,5926,2074,2074,0,0,0,0,0.0,1061.522269188886,delay
8,1000,0.25,complete,deterministic,1.0,1.0,0.0,0.0,0.0,68,9958,49575903,48616966,958937,0.9806571954927377,0.019342804507262328,25354,933583,0.973560306881474,0.026439693118526033,0.9811589776734865,1.0,0.0,1.0,1.0,1.0,1958,8,64,79664,637312,15664,125312,8.0,7.922876079534043,95.07451295440852,85120,1120784,0.05495344399969326,0.0721725140028866,120.46866666666666,122.06866666666667,270.55966666666666,141.89233333333334,142.70366666666666,552.284,6042,1958,1958,0,0,0,0,0.0,1033.453650083286,delay
8,1000,0.25,complete,deterministic,1.0,1.0,0.0,0.0,0.0,69,10030,50295435,49409408,886027,0.9823835503162464,0.017616449683753605,24975,861052,0.971812371406289,0.028187628593711028,0.9828716108824148,1.0,0.0,1.0,1.0,1.0,2030,8,64,80240,641920,16240,129920,8.0,7.889431704885344,94.67318045862413,85120,1128272,0.05349947200011229,0.07666262200291385,139.98533333333333,141.82533333333333,316.82,163.9,167.233,646.661,5970,2030,2030,0,0,0,0,0.0,1048.2388627674961,delay
8,1000,0.25,complete,deterministic,1.0,1.0,0.0,0.0,0.0,70,9960,49595820,48660787,935033,0.9811469393993284,0.01885306060067159,24842,910191,0.9734319537385312,0.026568046261468848,0.9816386313782229,1.0,0.0,1.0,1.0,1.0,1960,8,64,79680,637440,15680,125440,8.0,7.911847389558233,94.94216867469879,85120,1120992,0.0624532170004386,0.09969772299882607,143.02433333333335,141.879,312.7923333333333,161.596,163.446,642.7003333333333,6040,1960,1960,0,0,0,0,0.0,1029.8760977796608,delay
8,1000,0.25,complete,deterministic,1.0,1.0,0.0,0.0,0.0,71,10039,50385741,49487193,898548,0.9821666213066114,0.01783337869338867,25230,873318,0.9719213664712403,0.028078633528759733,0.9826586747699999,1.0,0.0,1.0,1.0,1.0,2039,8,64,80312,642496,16312,130496,8.0,7.91911544974599,95.02938539695188,85120,1129208,0.0671399319980992,0.043924243000219576,128.791,129.66633333333334,301.5013333333333,158.046,160.17666666666668,623.6006666666667,5961,2039,2039,0,0,0,0,0.0,1036.6932108529513,delay
8,1000,0.25,complete,deterministic,10.0,1.0,0.0,0.0,0.0,42,10005,50045010,47878334,2166676,0.9567054537505337,0.04329454624946623,32818,2133858,0.984853296016571,0.015146703983428994,0.9573332438618167,1.0,0.0,1.0,1.0,1.0,2005,8,64,80040,640320,16040,128320,8.0,7.84447776111944,94.13373313343328,85120,1125672,0.06204757700106711,0.04179614799795672,138.67633333333333,134.889,301.89866666666666,159.66233333333332,160.891,632.698,5995,2005,2005,0,0,0,0,0.0,1021.8490752887827,delay
8,1000,0.25,complete,deterministic,10.0,1.0,0.0,0.0,0.0,43,9994,49935021,47774075,2160946,0.9567248404681756,0.04327515953182437,32107,2128839,0.9851421553338214,0.014857844666178609,0.9573403869761994,1.0,0.0,1.0,1.0,1.0,1994,8,64,79952,639616,15952,127616,8.0,7.835701420852511,94.02841705023013,85120,1124528,0.10435780699845054,0.036812397000176134,121.92166666666667,121.93166666666667,281.26,143.195,145.40566666666666,541.8376666666667,6006,1994,1994,0,0,0,0,0.0,1021.0752888902014,delay
8,1000,0.25,complete,deterministic,10.0,1.0,0.0,0.0,0.0,44,10027,50265351,48127236,2138115,0.9574634423621154,0.042536557637884595,32603,2105512,0.9847515217843755,0.01524847821562451,0.9580848732384698,1.0,0.0,1.0,1.0,1.0,2027,8,64,80216,641728,16216,129728,8.0,7.840331106013763,94.08397327216515,85120,1127960,0.09002196499932325,0.03638350399705814,123.28766666666667,121.04666666666667,271.62533333333334,145.22866666666667,147.169,550.3203333333333,5973,2027,2027,0,0,0,0,0.0,1043.274041382427,delay
8,1000,0.25,complete,deterministic,10.0,1.0,0.0,0.0,0.0,45,10017,50165136,48038233,2126903,0.9576019688255206,0.04239803117447943,32331,2094572,0.9847990246851878,0.015200975314812194,0.958219533098138,1.0,0.0,1.0,1.0,1.0,2017,8,64,80136,641088,16136,129088,8.0,7.847159828291904,94.16591793950285,85120,1126920,0.053114922000531806,0.07388019200152485,122.60966666666667,125.26466666666667,271.0373333333333,142.72033333333334,143.31166666666667,556.118,5983,2017,2017,0,0,0,0,0.0,1070.5076373070715,delay
8,1000,0.25,complete,deterministic,10.0,1.0,0.0,0.0,0.0,46,9975,49745325,47588256,2157069,0.9566377544020468,0.043362245597953174,32438,2124631,0.9849620016791303,0.015037998320869661,0.9572619671032181,1.0,0.0,1.0,1.0,1.0,1975,8,64,79800,638400,15800,126400,8.0,7.822857142857143,93.87428571428572,85120,1122552,0.0529100780004228,0.07395272799840313,123.85866666666666,125.438,274.26366666666667,142.03933333333333,144.46733333333333,552.441,6025,1975,1975,0,0,0,0,0.0,1027.4791949545738,delay
8,1000,0.25,complete,deterministic,10.0,1.0,0.0,0.0,0.0,47,10031,50305465,48191482,2113983,0.9579770706820819,0.04202292931791805,32161,2081822,0.9847865380185177,0.01521346198148235,0.9585899108600461,1.0,0.0,1.0,1.0,1.0,2031,8,64,80248,641984,16248,129984,8.0,7.836307446914565,94.03568936297478,85120,1128376,0.053462272000615485,0.07512904000031995,123.17033333333333,125.50833333333334,272.02933333333334,139.792,141.602,552.5513333333333,5969,2031,2031,0,0,0,0,0.0,1059.212991677097,delay
8,1000,0.25,complete,deterministic,10.0,1.0,0.0,0.0,0.0,48,10006,50055015,47869337,2185678,0.9563344851659719,0.04366551483402812,32422,2153256,0.9851661589676064,0.014833841032393609,0.9569543306161677,1.0,0.0,1.0,1.0,1.0,2006,8,64,80048,640384,16048,128384,8.0,7.818109134519289,93.81730961423146,85120,1125776,0.05657412900109193,0.037666917000024114,119.901,115.91033333333333,272.51366666666667,133.20266666666666,136.38533333333334,529.007,5994,2006,2006,0,0,0,0,0.0,993.9241091606174,delay
8,1000,0.25,complete,deterministic,10.0,1.0,0.0,0.0,0.0,49,10048,50476128,48351924,2124204,0.95791666111949,0.04208333888051001,32015,2092189,0.9849284720299933,0.015071527970006647,0.9585246151518216,1.0,0.0,1.0,1.0,1.0,2048,8,64,80384,643072,16384,131072,8.0,7.849323248407643,94.19187898089172,85120,1130144,0.05469490999894333,0.03666570199857233,123.69133333333333,123.41433333333333,269.311,138.95333333333335,139.845,545.7853333333334,5952,2048,2048,0,0,0,0,0.0,1047.6877011815118,delay
8,1000,0.25,complete,deterministic,10.0,1.0,0.0,0.0,0.0,50,9994,49935021,47773741,2161280,0.9567181517756846,0.043281848224315356,32778,2128502,0.9848339872668048,0.015166012733195143,0.9573465665661561,1.0,0.0,1.0,1.0,1.0,1994,8,64,79952,639616,15952,127616,8.0,7.829297578547128,93.95157094256554,85120,1124528,0.08781805800026632,0.03746779400171363,124.984,124.206,281.42033333333336,142.824,142.77733333333333,549.6993333333334,6006,1994,1994,0,0,0,0,0.0,1046.6244717925365,delay
8,1000,0.25,complete,deterministic,10.0,1.0,0.0,0.0,0.0,51,9989,49885066,47737683,2147383,0.9569533896176463,0.04304661038235371,31972,2115411,0.9851111795147861,0.014888820485213863,0.9575671070686205,1.0,0.0,1.0,1.0,1.0,1989,8,64,79912,639296,15912,127296,8.0,7.8299129041946145,93.95895485033537,85120,1124008,0.08913154800029588,0.03583768099997542,121.511,122.13866666666667,273.6023333333333,147.30233333333334,147.309,553.6063333333333,6011,1989,1989,0,0,0,0,0.0,1071.6757463590798,delay
8,1000,0.25,complete,deterministic,10.0,1.0,0.0,0.0,0.0,52,9951,49506225,47334516,2171709,0.9561326075660183,0.043867392433981786,31497,2140212,0.9854966756595842,0.014503324340415773,0.9567413084110337,1.0,0.0,1.0,1.0,1.0,1951,8,64,79608,636864,15608,124864,8.0,7.833685056778213,94.00422068133855,85120,1120056,0.052536097002302995,0.07426630500049214,121.80466666666666,126.477,272.72066666666666,141.318,140.18266666666668,558.4123333333333,6049,1951,1951,0,0,0,0,0.0,1032.8198015166836,delay
8,1000,0.25,complete,deterministic,10.0,1.0,0.0,0.0,0.0,53,9993,49925028,47780196,2144832,0.9570389424719,0.042961057528099936,31535,2113297,0.9852972167517083,0.014702783248291707,0.9576438354396234,1.0,0.0,1.0,1.0,1.0,1993,8,64,79944,639552,15944,127552,8.0,7.831381967377164,93.97658360852597,85120,1124424,0.055172314001538325,0.07383912499790313,120.27866666666667,124.31966666666666,279.7903333333333,141.88566666666668,142.72066666666666,559.3706666666667,6007,1993,1993,0,0,0,0,0.0,1072.2229611041719,delay
8,1000,0.25,complete,deterministic,10.0,1.0,0.0,0.0,0.0,54,9962,49615741,47486843,2128898,0.9570922864983514,0.0429077135016486,31867,2097031,0.9850312227264998,0.014968777273500187,0.9577073989821772,1.0,0.0,1.0,1.0,1.0,1962,8,64,79696,637568,15696,125568,8.0,7.794920698654889,93.53904838385867,85120,1121200,0.053332088002207456,0.07508551800128771,121.90466666666667,122.763,276.98533333333336,144.44366666666667,145.536,560.4426666666667,6038,1962,1962,0,0,0,0,0.0,1026.9582313214119,delay
8,1000,0.25,complete,deterministic,10.0,1.0,0.0,0.0,0.0,55,10060,50596770,48474457,2122313,0.9580543777794511,0.04194562222054886,31826,2090487,0.9850040969451725,0.014995903054827446,0.9586573852430252,1.0,0.0,1.0,1.0,1.0,2060,8,64,80480,643840,16480,131840,8.0,7.848707753479125,94.1844930417495,85120,1131392,0.05371077599920682,0.037513729999773204,120.01466666666667,116.44466666666666,262.28766666666667,136.37566666666666,138.40233333333333,549.1083333333333,5940,2060,2060,0,0,0,0,0.0,1055.8454969302843,delay
8,1000,0.25,complete,deterministic,10.0,1.0,0.0,0.0,0.0,56,10007,50065021,47913108,2151913,0.9570176351269283,0.04298236487307176,32144,2119769,0.9850625931438678,0.014937406856132195,0.9576324783401922,1.0,0.0,1.0,1.0,1.0,2007,8,64,80056,640448,16056,128448,8.0,7.824822624163086,93.89787148995703,85120,1125880,0.05341796900029294,0.03637515800073743,124.30266666666667,125.939,275.24533333333335,141.505,142.59033333333332,550.5943333333333,5993,2007,2007,0,0,0,0,0.0,1026.6220995252684,delay
8,1000,0.25,complete,deterministic,10.0,1.0,0.0,0.0,0.0,57,9982,49815171,47691627,2123544,0.9573715404891413,0.04262845951085865,31920,2091624,0.9849685243159548,0.015031475684045162,0.9579853874950834,1.0,0.0,1.0,1.0,1.0,1982,8,64,79856,638848,15856,126848,8.0,7.820977759967942,93.8517331196153,85120,1123280,0.08718310000040219,0.03706617200077744,125.39833333333333,123.55466666666666,268.92333333333335,140.89033333333333,142.62033333333332,550.6913333333333,6018,1982,1982,0,0,0,0,0.0,1042.2055722251202,delay
8,1000,0.25,complete,deterministic,10.0,1.0,0.0,0.0,0.0,58,10027,50265351,48142019,2123332,0.957757541571728,0.04224245842827199,31151,2092181,0.9853291901596171,0.014670809840382945,0.9583514617531482,1.0,0.0,1.0,1.0,1.0,2027,8,64,80216,641728,16216,129728,8.0,7.820883614241548,93.85060337089857,85120,1127960,0.09038868100105901,0.03625580500010983,122.13233333333334,122.09833333333333,269.75166666666667,141.211,142.73066666666668,558.9166666666666,5973,2027,2027,0,0,0,0,0.0,1096.1701024136632,delay
8,1000,0.25,complete,deterministic,10.0,1.0,0.0,0.0,0.0,59,9990,49895055,47730810,2164245,0.9566240582358312,0.04337594176416881,31853,2132392,0.9852821653740681,0.014717834625931908,0.9572351571004205,1.0,0.0,1.0,1.0,1.0,1990,8,64,79920,639360,15920,127360,8.0,7.842042042042042,94.1045045045045,85120,1124112,0.05441692900058115,0.07433076500092284,131.112,134.866,290.6306666666667,153.64766666666668,154.39566666666667,590.5123333333333,6010,1990,1990,0,0,0,0,0.0,1032.629935411734,delay
8,1000,0.25,complete,deterministic,10.0,1.0,0.0,0.0,0.0,60,9952,49516176,47337553,2178623,0.9560017922224042,0.04399820777759575,32116,2146507,0.9852585784690605,0.014741421530939497,0.9566222537115993,1.0,0.0,1.0,1.0,1.0,1952,8,64,79616,636928,15616,124928,8.0,7.831792604501608,93.9815112540193,85120,1120160,0.05651066900099977,0.0784342579972872,122.012,120.35533333333333,274.277,141.95566666666667,142.49333333333334,551.319,6048,1952,1952,0,0,0,0,0.0,1021.820634171557,delay
8,1000,0.25,complete,deterministic,10.0,1.0,0.0,0.0,0.0,61,10026,50255325,48121553,2133772,0.9575413749687223,0.04245862503127778,32502,2101270,0.9847678196170913,0.015232180382908765,0.9581610535911134,1.0,0.0,1.0,1.0,1.0,2026,8,64,80208,641664,16208,129664,8.0,7.836325553560742,94.0359066427289,85120,1127856,0.05453026100076386,0.07665444600206683,126.38666666666667,123.24733333333333,276.618,142.32966666666667,142.25966666666667,556.896,5974,2026,2026,0,0,0,0,0.0,1058.1992380806023,delay
8,1000,0.25,complete,deterministic,10.0,1.0,0.0,0.0,0.0,62,9979,49785231,47634550,2150681,0.9568008231196116,0.04319917688038848,32789,2117892,0.9847541313658325,0.015245868634167502,0.9574313960307718,1.0,0.0,1.0,1.0,1.0,1979,8,64,79832,638656,15832,126656,8.0,7.836456558773424,94.03747870528109,85120,1122968,0.05426126699967426,0.037435112997627584,112.44066666666667,118.51866666666666,276.24066666666664,135.07966666666667,136.27166666666668,548.33,6021,1979,1979,0,0,0,0,0.0,1063.4504309090748,delay
8,1000,0.25,complete,deterministic,10.0,1.0,0.0,0.0,0.0,63,9975,49745325,47591294,2154031,0.9566988254675188,0.043301174532481196,31872,2122159,0.9852035555662848,0.014796444433715207,0.9573121786571535,1.0,0.0,1.0,1.0,1.0,1975,8,64,79800,638400,15800,126400,8.0,7.8267669172932335,93.9212030075188,85120,1122552,0.05318506199910189,0.03636409799946705,126.577,124.04233333333333,274.6073333333333,144.52033333333333,149.323,561.1976666666667,6025,1975,1975,0,0,0,0,0.0,1024.9991949244468,delay
8,1000,0.25,complete,deterministic,10.0,1.0,0.0,0.0,0.0,64,9986,49855105,47710249,2144856,0.9569782071464898,0.04302179285351019,32171,2112685,0.9850008578664489,0.014999142133551156,0.9575961343424697,1.0,0.0,1.0,1.0,1.0,1986,8,64,79888,639104,15888,127104,8.0,7.844882835970359,94.1385940316443,85120,1123696,0.08714978699936182,0.03748769099911442,121.314,125.32133333333333,269.4243333333333,141.712,143.49866666666668,550.0233333333333,6014,1986,1986,0,0,0,0,0.0,1060.1977404234353,delay
8,1000,0.25,complete,deterministic,10.0,1.0,0.0,0.0,0.0,65,10037,50365666,48234144,2131522,0.9576790665291709,0.04232093347082912,31416,2100106,0.9852612358680792,0.014738764131920759,0.9582767995947093,1.0,0.0,1.0,1.0,1.0,2037,8,64,80296,642368,16296,130368,8.0,7.839394241307163,94.07273089568596,85120,1129000,0.09003878600196913,0.0363503109983867,123.87866666666666,122.052,273.198,142.42666666666668,143.80933333333334,560.3656666666667,5963,2037,2037,0,0,0,0,0.0,1089.9302794460723,delay
8,1000,0.25,complete,deterministic,10.0,1.0,0.0,0.0,0.0,66,10092,50919186,48770956,2148230,0.9578109909298236,0.04218900907017642,32447,2115783,0.9848959375858265,0.015104062414173529,0.9584217216198507,1.0,0.0,1.0,1.0,1.0,2092,8,64,80736,645888,16736,133888,8.0,7.825108997225525,93.9013079667063,85120,1134720,0.05444097299914574,0.07498239499909687,128.16333333333333,122.68,282.783,140.86033333333333,143.57533333333333,562.0956666666667,5908,2092,2092,0,0,0,0,0.0,1041.9791176484098,delay
8,1000,0.25,complete,deterministic,10.0,1.0,0.0,0.0,0.0,67,10074,50737701,48592915,2144786,0.957727962486909,0.0422720375130911,32482,2112304,0.9848553655236466,0.015144634476353351,0.9583414874906664,1.0,0.0,1.0,1.0,1.0,2074,8,64,80592,644736,16592,132736,8.0,7.820726622989875,93.84871947587851,85120,1132848,0.054418109997641295,0.0741566589967988,126.09633333333333,126.19966666666667,274.043,144.918,146.324,576.4093333333333,5926,2074,2074,0,0,0,0,0.0,1061.522269188886,delay
8,1000,0.25,complete,deterministic,10.0,1.0,0.0,0.0,0.0,68,9958,49575903,47390143,2185760,0.9559108383764588,0.04408916162354118,31784,2153976,0.9854586047873508,0.014541395212649147,0.9565240831106513,1.0,0.0,1.0,1.0,1.0,1958,8,64,79664,637312,15664,125312,8.0,7.83219521992368,93.98634263908416,85120,1120784,0.054948863999015884,0.07633190100023057,119.96133333333333,122.857,271.074,140.27266666666668,141.742,563.6586666666667,6042,1958,1958,0,0,0,0,0.0,1042.453650083286,delay
8,1000,0.25,complete,deterministic,10.0,1.0,0.0,0.0,0.0,69,10030,50295435,48161826,2133609,0.9575784760585131,0.04242152394148693,32162,2101447,0.9849260103421011,0.015073989657898893,0.9581912025506178,1.0,0.0,1.0,1.0,1.0,2030,8,64,80240,641920,16240,129920,8.0,7.791525423728814,93.49830508474577,85120,1128272,0.0548442889994476,0.03740856199874543,115.45633333333333,118.769,265.908,142.026,142.89766666666668,542.1686666666667,5970,2030,2030,0,0,0,0,0.0,1055.2197902978112,delay
8,1000,0.25,complete,deterministic,10.0,1.0,0.0,0.0,0.0,70,9960,49595820,47443257,2152563,0.9565978947419359,0.04340210525806409,32033,2120530,0.9851186701620347,0.014881329837965253,0.9572161425033967,1.0,0.0,1.0,1.0,1.0,1960,8,64,79680,637440,15680,125440,8.0,7.830120481927711,93.96144578313253,85120,1120992,0.053159985000093,0.03783988000213867,127.01466666666667,123.69166666666666,269.26733333333334,141.33466666666666,142.12933333333334,547.358,6040,1960,1960,0,0,0,0,0.0,1033.7127903005464,delay
8,1000,0.25,complete,deterministic,10.0,1.0,0.0,0.0,0.0,71,10039,50385741,48260238,2125503,0.9578153866983915,0.042184613301608484,32420,2093083,0.984747139853484,0.015252860146515907,0.9584320764066386,1.0,0.0,1.0,1.0,1.0,2039,8,64,80312,642496,16312,130496,8.0,7.8422153600956275,94.10658432114752,85120,1129208,0.0905737280008907,0.039794319000066025,134.355,135.31666666666666,298.58233333333334,158.587,163.91366666666667,629.552,5961,2039,2039,0,0,0,0,0.0,1045.6932108529513,delay
8,1000,0.25,complete,deterministic,50.0,1.0,0.0,0.0,0.0,42,10005,50045010,43867864,6177146,0.8765681933123802,0.1234318066876198,34715,6142431,0.9943800907409344,0.005619909259065595,0.8771766693237862,1.0,0.0,1.0,1.0,1.0,2005,8,64,80040,640320,16040,128320,8.0,7.567416291854073,90.80899550224888,85120,1125672,0.09394525999960024,0.03817745299966191,120.50233333333334,124.363,269.234,144.17666666666668,144.53066666666666,547.1743333333334,5995,2005,2005,0,0,0,0,0.0,1061.8490752887828,delay
8,1000,0.25,complete,deterministic,50.0,1.0,0.0,0.0,0.0,43,9994,49935021,43747110,6187911,0.8760807370041959,0.12391926299580408,34491,6153420,0.9944260672139597,0.0055739327860403936,0.876686279684805,1.0,0.0,1.0,1.0,1.0,1994,8,64,79952,639616,15952,127616,8.0,7.568741244746848,90.82489493696218,85120,1124528,0.05520922099822201,0.07385066599817947,121.13,124.88733333333333,277.543,150.69233333333332,143.72933333333333,557.0696666666666,6006,1994,1994,0,0,0,0,0.0,1061.0752888902014,delay
8,1000,0.25,complete,deterministic,50.0,1.0,0.0,0.0,0.0,44,10027,50265351,44146473,6118878,0.8782684716555546,0.12173152834444546,34650,6084228,0.9943371971135885,0.005662802886411528,0.878874316326981,1.0,0.0,1.0,1.0,1.0,2027,8,64,80216,641728,16216,129728,8.0,7.5532063428742395,90.63847611449087,85120,1127960,0.055236412001249846,0.075695318999351,121.49433333333333,124.97066666666667,272.48,140.533,142.29966666666667,558.863,5973,2027,2027,0,0,0,0,0.0,1083.274041382427,delay
8,1000,0.25,complete,deterministic,50.0,1.0,0.0,0.0,0.0,45,10017,50165136,44061065,6104071,0.8783204534719092,0.12167954652809074,33977,6070094,0.9944337148109843,0.005566285189015659,0.8789157457939483,1.0,0.0,1.0,1.0,1.0,2017,8,64,80136,641088,16136,129088,8.0,7.555954876709594,90.67145852051513,85120,1126920,0.05573744099820033,0.0756825860007666,125.031,121.404,276.775,141.191,140.64666666666668,569.4526666666667,5983,2017,2017,0,0,0,0,0.0,1110.5076373070715,delay
8,1000,0.25,complete,deterministic,50.0,1.0,0.0,0.0,0.0,46,9975,49745325,43618610,6126715,0.8768383762695289,0.12316162373047115,34253,6092462,0.9944092388825007,0.005590761117499345,0.8774425544474277,1.0,0.0,1.0,1.0,1.0,1975,8,64,79800,638400,15800,126400,8.0,7.528822055137844,90.34586466165413,85120,1122552,0.05427391999910469,0.03697640400059754,114.62466666666667,117.53033333333333,264.492,136.73933333333332,139.73166666666665,550.2036666666667,6025,1975,1975,0,0,0,0,0.0,1067.4791949545738,delay
8,1000,0.25,complete,deterministic,50.0,1.0,0.0,0.0,0.0,47,10031,50305465,44225799,6079666,0.8791450193333865,0.12085498066661346,34490,6045176,0.9943269909893077,0.005673009010692363,0.8797481847129481,1.0,0.0,1.0,1.0,1.0,2031,8,64,80248,641984,16248,129984,8.0,7.548798723955737,90.58558468746884,85120,1128376,0.054774708001787076,0.038065000997448806,121.43066666666667,122.33233333333334,271.3546666666667,141.67866666666666,144.247,560.4226666666667,5969,2031,2031,0,0,0,0,0.0,1099.212991677097,delay
8,1000,0.25,complete,deterministic,50.0,1.0,0.0,0.0,0.0,48,10006,50055015,43785144,6269871,0.8747404031344311,0.1252595968655688,34734,6235137,0.9944601731040399,0.005539826895960061,0.875347821416677,1.0,0.0,1.0,1.0,1.0,2006,8,64,80048,640384,16048,128384,8.0,7.543074155506696,90.51688986608036,85120,1125776,0.08770503500272753,0.037699896998674376,126.42,123.107,283.985,144.57066666666665,146.845,556.0443333333334,5994,2006,2006,0,0,0,0,0.0,1033.9241091606173,delay
8,1000,0.25,complete,deterministic,50.0,1.0,0.0,0.0,0.0,49,10048,50476128,44343599,6132529,0.8785063505663508,0.12149364943364911,34500,6098029,0.9943742622334114,0.005625737766588629,0.8791072127965418,1.0,0.0,1.0,1.0,1.0,2048,8,64,80384,643072,16384,131072,8.0,7.555931528662421,90.67117834394905,85120,1130144,0.08898030400087009,0.03744172499864362,126.36,122.88,281.8276666666667,143.15466666666666,143.35833333333332,555.9843333333333,5952,2048,2048,0,0,0,0,0.0,1087.6877011815118,delay
8,1000,0.25,complete,deterministic,50.0,1.0,0.0,0.0,0.0,50,9994,49935021,43790724,6144297,0.8769541520769562,0.12304584792304384,34303,6109994,0.9944170993036306,0.005582900696369332,0.8775569922661233,1.0,0.0,1.0,1.0,1.0,1994,8,64,79952,639616,15952,127616,8.0,7.536822093255954,90.44186511907145,85120,1124528,0.09169992500028457,0.03600381200158154,127.07133333333333,125.06766666666667,270.443,145.34533333333334,146.531,560.5326666666666,6006,1994,1994,0,0,0,0,0.0,1086.6244717925365,delay
8,1000,0.25,complete,deterministic,50.0,1.0,0.0,0.0,0.0,51,9989,49885066,43816756,6068310,0.8783541751753922,0.12164582482460783,33938,6034372,0.9944073391108892,0.005592660889110807,0.8789521472814016,1.0,0.0,1.0,1.0,1.0,1989,8,64,79912,639296,15912,127296,8.0,7.565722294523976,90.78866753428771,85120,1124008,0.05596391499784659,0.07516206999935093,126.92766666666667,123.12066666666666,276.94866666666667,142.243,144.04966666666667,556.2816666666666,6011,1989,1989,0,0,0,0,0.0,1111.6757463590798,delay
8,1000,0.25,complete,deterministic,50.0,1.0,0.0,0.0,0.0,52,9951,49506225,43358651,6147574,0.8758222021574055,0.12417779784259454,33727,6113847,0.9945137707980416,0.005486229201958366,0.8764192784443591,1.0,0.0,1.0,1.0,1.0,1951,8,64,79608,636864,15608,124864,8.0,7.527886644558336,90.33463973470003,85120,1120056,0.0548904749994108,0.07483044899709057,131.21566666666666,126.19966666666667,278.575,148.254,150.08766666666668,576.065,6049,1951,1951,0,0,0,0,0.0,1072.8198015166836,delay
8,1000,0.25,complete,deterministic,50.0,1.0,0.0,0.0,0.0,53,9993,49925028,43868225,6056803,0.8786820309845395,0.12131796901546055,34336,6022467,0.9943310026758341,0.005668997324165901,0.8792867615466228,1.0,0.0,1.0,1.0,1.0,1993,8,64,79944,639552,15944,127552,8.0,7.541679175422796,90.50015010507354,85120,1124424,0.059005118997447425,0.08321574999717996,125.37133333333334,122.663,269.8283333333333,139.99533333333332,141.72533333333334,550.2603333333333,6007,1993,1993,0,0,0,0,0.0,1112.2229611041719,delay
8,1000,0.25,complete,deterministic,50.0,1.0,0.0,0.0,0.0,54,9962,49615741,43511231,6104510,0.8769642481002148,0.12303575189978519,34286,6070224,0.9943834967917163,0.005616503208283712,0.8775706763748664,1.0,0.0,1.0,1.0,1.0,1962,8,64,79696,637568,15696,125568,8.0,7.503111824934752,90.03734189921703,85120,1121200,0.05389703499895404,0.03725077700073598,124.54,126.79733333333333,276.90866666666665,142.90433333333334,145.53266666666667,563.5586666666667,6038,1962,1962,0,0,0,0,0.0,1066.9582313214119,delay
8,1000,0.25,complete,deterministic,50.0,1.0,0.0,0.0,0.0,55,10060,50596770,44513238,6083532,0.8797644197445805,0.12023558025541947,34600,6048932,0.9943125145063756,0.005687485493624428,0.880366447879907,1.0,0.0,1.0,1.0,1.0,2060,8,64,80480,643840,16480,131840,8.0,7.5639165009940355,90.76699801192842,85120,1131392,0.08825826099928236,0.03804857100112713,122.48266666666666,122.072,274.417,144.2,144.03966666666668,553.1223333333334,5940,2060,2060,0,0,0,0,0.0,1095.8454969302843,delay
8,1000,0.25,complete,deterministic,50.0,1.0,0.0,0.0,0.0,56,10007,50065021,43964680,6100341,0.878151634052046,0.12184836594795397,34088,6066253,0.9944121156505841,0.005587884349415877,0.8787499525543527,1.0,0.0,1.0,1.0,1.0,2007,8,64,80056,640448,16056,128448,8.0,7.496152693114819,89.95383231737783,85120,1125880,0.08841215999927954,0.03691458699904615,122.50633333333333,127.001,285.6313333333333,142.901,146.257,554.969,5993,2007,2007,0,0,0,0,0.0,1066.6220995252684,delay
8,1000,0.25,complete,deterministic,50.0,1.0,0.0,0.0,0.0,57,9982,49815171,43732490,6082681,0.8778950091328603,0.12210499086713965,34456,6048225,0.9943353925678496,0.005664607432150396,0.8785026490680176,1.0,0.0,1.0,1.0,1.0,1982,8,64,79856,638848,15856,126848,8.0,7.54758565417752,90.57102785013024,85120,1123280,0.0915509460028261,0.037156960999709554,121.42733333333334,120.15166666666667,276.6813333333333,142.31666666666666,143.54533333333333,546.7,6018,1982,1982,0,0,0,0,0.0,1082.2055722251202,delay
8,1000,0.25,complete,deterministic,50.0,1.0,0.0,0.0,0.0,58,10027,50265351,44196764,6068587,0.879268981927531,0.12073101807246904,33516,6035071,0.9944771328152665,0.005522867184733448,0.8798556532923792,1.0,0.0,1.0,1.0,1.0,2027,8,64,80216,641728,16216,129728,8.0,7.505734516804628,90.06881420165553,85120,1127960,0.054439499999716645,0.07447133699679398,125.81566666666667,123.341,270.924,144.417,141.999,553.0756666666666,5973,2027,2027,0,0,0,0,0.0,1136.1701024136632,delay
8,1000,0.25,complete,deterministic,50.0,1.0,0.0,0.0,0.0,59,9990,49895055,43706076,6188979,0.8759600725963725,0.12403992740362747,34569,6154410,0.9944144260305294,0.005585573969470571,0.8765673884526517,1.0,0.0,1.0,1.0,1.0,1990,8,64,79920,639360,15920,127360,8.0,7.56986986986987,90.83843843843844,85120,1124112,0.053731645002699224,0.07566748699900927,122.987,121.32366666666667,280.071,142.04933333333332,145.74633333333333,556.799,6010,1990,1990,0,0,0,0,0.0,1072.629935411734,delay
8,1000,0.25,complete,deterministic,50.0,1.0,0.0,0.0,0.0,60,9952,49516176,43310287,6205889,0.8746694615513121,0.12533053844868797,34256,6171633,0.9944800817417134,0.005519918258286605,0.8752749893294359,1.0,0.0,1.0,1.0,1.0,1952,8,64,79616,636928,15616,124928,8.0,7.550743569131833,90.608922829582,85120,1120160,0.05401419299960253,0.07783176900193212,122.626,124.293,272.547,142.233,142.83733333333333,555.0226666666666,6048,1952,1952,0,0,0,0,0.0,1061.820634171557,delay
8,1000,0.25,complete,deterministic,50.0,1.0,0.0,0.0,0.0,61,10026,50255325,44154178,6101147,0.8785970043970465,0.12140299560295352,34233,6066914,0.994389087822339,0.0056109121776610205,0.8791958964173857,1.0,0.0,1.0,1.0,1.0,2026,8,64,80208,641664,16208,129664,8.0,7.557550369040495,90.69060442848594,85120,1127856,0.05487676900156657,0.037502638002479216,112.464,112.387,255.29466666666667,132.40766666666667,132.281,538.465,5974,2026,2026,0,0,0,0,0.0,1098.1992380806023,delay
8,1000,0.25,complete,deterministic,50.0,1.0,0.0,0.0,0.0,62,9979,49785231,43663697,6121534,0.8770411650796599,0.12295883492034013,34742,6086792,0.9943246251674825,0.00567537483251747,0.8776536246709052,1.0,0.0,1.0,1.0,1.0,1979,8,64,79832,638656,15832,126656,8.0,7.5481511173464275,90.57781340815713,85120,1122968,0.054008532999432646,0.0379850509998505,123.094,126.89766666666667,273.619,145.222,144.48366666666666,556.4553333333333,6021,1979,1979,0,0,0,0,0.0,1103.4504309090748,delay
8,1000,0.25,complete,deterministic,50.0,1.0,0.0,0.0,0.0,63,9975,49745325,43603332,6141993,0.8765312519317142,0.12346874806828581,34108,6107885,0.994446753684024,0.0055532463159759385,0.8771326600191663,1.0,0.0,1.0,1.0,1.0,1975,8,64,79800,638400,15800,126400,8.0,7.525614035087719,90.30736842105263,85120,1122552,0.08843128500302555,0.03657942900099442,126.657,122.92,273.6256666666667,147.192,148.32766666666666,557.744,6025,1975,1975,0,0,0,0,0.0,1064.9991949244468,delay
8,1000,0.25,complete,deterministic,50.0,1.0,0.0,0.0,0.0,64,9986,49855105,43718031,6137074,0.8769017937079864,0.12309820629201362,34200,6102874,0.9944273117775669,0.005572688222433036,0.8775037506845771,1.0,0.0,1.0,1.0,1.0,1986,8,64,79888,639104,15888,127104,8.0,7.532946124574404,90.39535349489284,85120,1123696,0.0946780909980589,0.03809587900104816,142.34333333333333,141.268,307.4556666666667,165.00566666666666,166.16433333333333,618.2043333333334,6014,1986,1986,0,0,0,0,0.0,1100.1977404234353,delay
8,1000,0.25,complete,deterministic,50.0,1.0,0.0,0.0,0.0,65,10037,50365666,44272020,6093646,0.8790119046574307,0.12098809534256928,33562,6060084,0.9944922957454372,0.005507704254562868,0.8795980394541026,1.0,0.0,1.0,1.0,1.0,2037,8,64,80296,642368,16296,130368,8.0,7.570588821360964,90.84706585633157,85120,1129000,0.05648819499765523,0.07444749199930811,118.579,119.10633333333334,285.528,140.08566666666667,140.74666666666667,550.6376666666666,5963,2037,2037,0,0,0,0,0.0,1129.9302794460723,delay
8,1000,0.25,complete,deterministic,50.0,1.0,0.0,0.0,0.0,66,10092,50919186,44714159,6205027,0.8781397055326061,0.12186029446739388,35033,6169994,0.9943540938661508,0.0056459061338492164,0.8787442919606031,1.0,0.0,1.0,1.0,1.0,2092,8,64,80736,645888,16736,133888,8.0,7.5365636147443515,90.43876337693222,85120,1134720,0.0552517110008921,0.07616313399921637,120.315,123.27433333333333,263.5966666666667,145.37233333333333,144.20333333333335,549.6023333333334,5908,2092,2092,0,0,0,0,0.0,1081.9791176484098,delay
8,1000,0.25,complete,deterministic,50.0,1.0,0.0,0.0,0.0,67,10074,50737701,44581651,6156050,0.8786691182558706,0.12133088174412948,34689,6121361,0.9943650555144938,0.005634944485506128,0.8792702689930926,1.0,0.0,1.0,1.0,1.0,2074,8,64,80592,644736,16592,132736,8.0,7.500992654357753,90.01191185229304,85120,1132848,0.05573560600169003,0.07774046800113865,125.47166666666666,122.10166666666667,271.49833333333333,144.72433333333333,146.24066666666667,563.3483333333334,5926,2074,2074,0,0,0,0,0.0,1091.6404300193683,delay
8,1000,0.25,complete,deterministic,50.0,1.0,0.0,0.0,0.0,68,9958,49575903,43429556,6146347,0.8760214816460328,0.12397851835396725,34289,6112058,0.9944212391522965,0.005578760847703522,0.8766277981980967,1.0,0.0,1.0,1.0,1.0,1958,8,64,79664,637312,15664,125312,8.0,7.516469170516168,90.19763004619402,85120,1120784,0.054579743002250325,0.03809386499779066,114.67466666666667,114.45433333333334,271.92266666666666,136.23833333333334,138.12866666666667,530.3963333333334,6042,1958,1958,0,0,0,0,0.0,1082.453650083286,delay
8,1000,0.25,complete,deterministic,50.0,1.0,0.0,0.0,0.0,69,10030,50295435,44157575,6137860,0.8779638748526581,0.1220361251473419,34768,6103092,0.9943354850061747,0.0056645149938252095,0.8785712095702988,1.0,0.0,1.0,1.0,1.0,2030,8,64,80240,641920,16240,129920,8.0,7.5147557328015955,90.17706879361914,85120,1128272,0.05447669999921345,0.03784681300021475,122.18866666666666,121.217,278.468,143.69566666666665,142.931,594.4563333333333,5970,2030,2030,0,0,0,0,0.0,1095.2197902978112,delay
8,1000,0.25,complete,deterministic,50.0,1.0,0.0,0.0,0.0,70,9960,49595820,43445136,6150684,0.8759838228302305,0.12401617716976955,34113,6116571,0.9944537875787474,0.00554621242125266,0.8765867567878564,1.0,0.0,1.0,1.0,1.0,1960,8,64,79680,637440,15680,125440,8.0,7.548895582329317,90.58674698795181,85120,1120992,0.08905645499908132,0.03811603700160049,119.84433333333334,119.02966666666667,285.007,140.39966666666666,140.857,547.5653333333333,6040,1960,1960,0,0,0,0,0.0,1073.7127903005464,delay
8,1000,0.25,complete,deterministic,50.0,1.0,0.0,0.0,0.0,71,10039,50385741,44252508,6133233,0.8782744308553485,0.12172556914465146,34143,6099090,0.9944331154547691,0.0055668845452308754,0.8788699814452761,1.0,0.0,1.0,1.0,1.0,2039,8,64,80312,642496,16312,130496,8.0,7.578244845104094,90.93893814124912,85120,1129208,0.09121495599902119,0.037074025996844284,121.93833333333333,123.047,285.43466666666666,142.507,142.21933333333334,559.945,5961,2039,2039,0,0,0,0,0.0,1085.6932108529513,delay
8,1000,0.25,complete,uniform,1.0,1.0,0.0,0.0,0.0,42,10005,50045010,49119335,925675,0.9815031508635926,0.018496849136407405,25072,900603,0.9729148999378832,0.027085100062116833,0.9819951196260979,1.0,0.0,1.0,1.0,1.0,2005,8,64,80040,640320,16040,128320,8.0,7.928235882058971,95.13883058470765,85120,1125672,0.05871364300037385,0.07521884600282647,123.31433333333334,120.75266666666667,271.071,142.47666666666666,142.63366666666667,551.456,5995,2005,2005,0,0,0,0,0.0,1016.8877380646217,delay
8,1000,0.25,complete,uniform,1.0,1.0,0.0,0.0,0.0,43,9994,49935021,49012814,922207,0.9815318591735448,0.018468140826455245,25055,897152,0.9728314792665855,0.027168520733414515,0.9820245920423989,1.0,0.0,1.0,1.0,1.0,1994,8,64,79952,639616,15952,127616,8.0,7.930758455073044,95.16910146087653,85120,1124528,0.05943563500113669,0.07591348599817138,119.711,127.766,272.624,142.60366666666667,145.32866666666666,555.4933333333333,6006,1994,1994,0,0,0,0,0.0,1012.6042038461123,delay
8,1000,0.25,complete,uniform,1.0,1.0,0.0,0.0,0.0,44,10027,50265351,49341729,923622,0.9816250760886958,0.01837492391130423,24402,899220,0.9735801009503888,0.026419899049611204,0.9821018508229213,1.0,0.0,1.0,1.0,1.0,2027,8,64,80216,641728,16216,129728,8.0,7.9133339982048465,94.96000797845815,85120,1127960,0.05874661399866454,0.076497179998114,124.767,121.99166666666666,271.555,141.11766666666668,143.00133333333332,549.125,5973,2027,2027,0,0,0,0,0.0,1034.0466728976094,delay
8,1000,0.25,complete,uniform,1.0,1.0,0.0,0.0,0.0,45,10017,50165136,49236436,928700,0.9814871427837851,0.018512857216214863,24399,904301,0.9737277915365565,0.026272208463443525,0.9819647445549116,1.0,0.0,1.0,1.0,1.0,2017,8,64,80136,641088,16136,129088,8.0,7.920135769192373,95.04162923030847,85120,1126920,0.05874916900211247,0.038941401999181835,120.332,125.22133333333333,287.672,149.68033333333332,154.38233333333332,569.0653333333333,5983,2017,2017,0,0,0,0,0.0,1063.183362923758,delay
8,1000,0.25,complete,uniform,1.0,1.0,0.0,0.0,0.0,46,9975,49745325,48823567,921758,0.9814704597869247,0.018529540213075298,24730,897028,0.9731708322574906,0.026829167742509423,0.9819586229810806,1.0,0.0,1.0,1.0,1.0,1975,8,64,79800,638400,15800,126400,8.0,7.909573934837093,94.91488721804512,85120,1122552,0.06610642400119104,0.037562048997642705,123.11733333333333,123.401,273.2986666666667,146.648,145.45233333333334,546.7303333333333,6025,1975,1975,0,0,0,0,0.0,1026.6697865112556,delay
8,1000,0.25,complete,uniform,1.0,1.0,0.0,0.0,0.0,47,10031,50305465,49405389,900076,0.9821077888853627,0.017892211114637346,24334,875742,0.9729645052195592,0.027035494780440764,0.98258308867396,1.0,0.0,1.0,1.0,1.0,2031,8,64,80248,641984,16248,129984,8.0,7.924633635729239,95.09560362875087,85120,1128376,0.09338866600228357,0.038395900002797134,122.09866666666667,124.954,284.733,143.95966666666666,142.52033333333333,547.6586666666667,5969,2031,2031,0,0,0,0,0.0,1050.9517778891525,delay
8,1000,0.25,complete,uniform,1.0,1.0,0.0,0.0,0.0,48,10006,50055015,49106638,948377,0.981053307046257,0.018946692953742995,25030,923347,0.9736075421483229,0.02639245785167713,0.9815441279864465,1.0,0.0,1.0,1.0,1.0,2006,8,64,80048,640384,16048,128384,8.0,7.918848690785529,95.02618428942634,85120,1125776,0.09441919500022777,0.03733987300074659,120.706,122.60966666666667,285.044,143.07466666666667,144.41033333333334,549.2616666666667,5994,2006,2006,0,0,0,0,0.0,984.5465341006702,delay
8,1000,0.25,complete,uniform,1.0,1.0,0.0,0.0,0.0,49,10048,50476128,49563340,912788,0.9819164417682751,0.018083558231724906,24819,887969,0.9728096776031236,0.027190322396876382,0.9823994854127571,1.0,0.0,1.0,1.0,1.0,2048,8,64,80384,643072,16384,131072,8.0,7.934514331210191,95.21417197452229,85120,1130144,0.06063764500140678,0.07521242299844744,120.833,120.77933333333333,286.38966666666664,144.32033333333334,144.28366666666668,550.855,5952,2048,2048,0,0,0,0,0.0,1041.3584746618947,delay
8,1000,0.25,complete,uniform,1.0,1.0,0.0,0.0,0.0,50,9994,49935021,48998450,936571,0.9812442053443815,0.01875579465561855,24543,912028,0.9737948324259453,0.026205167574054715,0.9817267227935585,1.0,0.0,1.0,1.0,1.0,1994,8,64,79952,639616,15952,127616,8.0,7.91875125075045,95.0250150090054,85120,1124528,0.05872507400272298,0.07483400399723905,123.665,124.363,272.42333333333335,142.52666666666667,143.42533333333333,553.9873333333334,6006,1994,1994,0,0,0,0,0.0,1040.4189065205612,delay
8,1000,0.25,complete,uniform,1.0,1.0,0.0,0.0,0.0,51,9989,49885066,48944668,940398,0.981148706909599,0.018851293090401042,25278,915120,0.9731198917904972,0.026880108209502786,0.9816461313473696,1.0,0.0,1.0,1.0,1.0,1989,8,64,79912,639296,15912,127296,8.0,7.927820602662929,95.13384723195514,85120,1124008,0.05880563499886193,0.07657498399930773,120.89966666666666,123.668,271.03066666666666,139.86166666666668,142.036,545.154,6011,1989,1989,0,0,0,0,0.0,1063.4051409744338,delay
8,1000,0.25,complete,uniform,1.0,1.0,0.0,0.0,0.0,52,9951,49506225,48560719,945506,0.9809012704967911,0.01909872950320894,24470,921036,0.9741196777175396,0.025880322282460396,0.9813863513935591,1.0,0.0,1.0,1.0,1.0,1951,8,64,79608,636864,15608,124864,8.0,7.9296553110240175,95.15586373228821,85120,1120056,0.058901733998936834,0.03733432299850392,120.25866666666667,124.96733333333333,278.154,138.249,140.14233333333334,547.5153333333334,6049,1951,1951,0,0,0,0,0.0,1030.551613900203,delay
8,1000,0.25,complete,uniform,1.0,1.0,0.0,0.0,0.0,53,9993,49925028,48997739,927289,0.981426369956167,0.018573630043832924,24265,903024,0.973832321962193,0.026167678037806983,0.9819036033577282,1.0,0.0,1.0,1.0,1.0,1993,8,64,79944,639552,15944,127552,8.0,7.927249074352046,95.12698889222455,85120,1124424,0.058854345999861835,0.03802288199949544,125.545,123.50766666666667,275.39566666666667,144.62733333333333,146.46733333333333,570.448,6007,1993,1993,0,0,0,0,0.0,1063.7712937841636,delay
8,1000,0.25,complete,uniform,1.0,1.0,0.0,0.0,0.0,54,9962,49615741,48707494,908247,0.9816943779999174,0.018305622000082594,24099,884148,0.9734664689231013,0.026533531076898684,0.9821714312262538,1.0,0.0,1.0,1.0,1.0,1962,8,64,79696,637568,15696,125568,8.0,7.897610921501706,94.77133105802048,85120,1121200,0.0928425829988555,0.037836633000551956,121.88133333333333,122.08166666666666,286.75033333333334,141.78866666666667,140.92366666666666,551.7763333333334,6038,1962,1962,0,0,0,0,0.0,1020.5867627891942,delay
8,1000,0.25,complete,uniform,1.0,1.0,0.0,0.0,0.0,55,10060,50596770,49682717,914053,0.9819345582731862,0.018065441726813788,24927,889126,0.9727291524670889,0.027270847532911112,0.982418556507818,1.0,0.0,1.0,1.0,1.0,2060,8,64,80480,643840,16480,131840,8.0,7.927335984095428,95.12803180914513,85120,1131392,0.09563133399933577,0.0384385299985297,125.16433333333333,120.449,272.096,144.05633333333333,145.91633333333334,548.0996666666666,5940,2060,2060,0,0,0,0,0.0,1048.3987473198213,delay
8,1000,0.25,complete,uniform,1.0,1.0,0.0,0.0,0.0,56,10007,50065021,49141382,923639,0.9815512111739652,0.01844878882603485,24528,899111,0.9734441702873092,0.02655582971269078,0.9820323312961765,1.0,0.0,1.0,1.0,1.0,2007,8,64,80056,640448,16056,128448,8.0,7.90956330568602,94.91475966823224,85120,1125880,0.05994940500022494,0.07420226199974422,130.441,126.90766666666667,289.9963333333333,150.071,151.59366666666668,587.7436666666666,5993,2007,2007,0,0,0,0,0.0,1018.415753241696,delay
8,1000,0.25,complete,uniform,1.0,1.0,0.0,0.0,0.0,57,9982,49815171,48890736,924435,0.981442701461368,0.018557298538631938,24741,899694,0.9732366256145646,0.02676337438543543,0.9819303830073369,1.0,0.0,1.0,1.0,1.0,1982,8,64,79856,638848,15856,126848,8.0,7.925866559807654,95.11039871769185,85120,1123280,0.06426080700111925,0.07884013500006404,119.527,121.23366666666666,271.5416666666667,141.60533333333333,140.393,558.519,6018,1982,1982,0,0,0,0,0.0,1038.5854059877406,delay
8,1000,0.25,complete,uniform,1.0,1.0,0.0,0.0,0.0,58,10027,50265351,49330953,934398,0.981410693819685,0.018589306180314943,24717,909681,0.9735476745455363,0.02645232545446373,0.9818935206908416,1.0,0.0,1.0,1.0,1.0,2027,8,64,80216,641728,16216,129728,8.0,7.92121272564077,95.05455270768924,85120,1127960,0.059315878999768756,0.07706084399978863,125.388,121.84833333333333,268.9936666666667,140.16233333333332,142.704,551.5726666666667,5973,2027,2027,0,0,0,0,0.0,1087.9647822290926,delay
8,1000,0.25,complete,uniform,1.0,1.0,0.0,0.0,0.0,59,9990,49895055,48973994,921061,0.9815400343781563,0.01845996562184369,24360,896701,0.9735522402967881,0.02644775970321184,0.9820194805787247,1.0,0.0,1.0,1.0,1.0,1990,8,64,79920,639360,15920,127360,8.0,7.919519519519519,95.03423423423423,85120,1124112,0.05811545199685497,0.03718545399897266,115.31266666666667,120.883,268.419,140.677,140.797,545.4913333333334,6010,1990,1990,0,0,0,0,0.0,1023.6853238622988,delay
8,1000,0.25,complete,uniform,1.0,1.0,0.0,0.0,0.0,60,9952,49516176,48544785,971391,0.980382350204103,0.019617649795897002,24674,946717,0.9745993117086734,0.02540068829132656,0.980871120056126,1.0,0.0,1.0,1.0,1.0,1952,8,64,79616,636928,15616,124928,8.0,7.924738745980707,95.09686495176848,85120,1120160,0.05785684799775481,0.03773378999903798,123.30766666666666,126.27966666666667,287.0106666666667,140.90066666666667,141.35133333333334,545.665,6048,1952,1952,0,0,0,0,0.0,1018.3552541222139,delay
8,1000,0.25,complete,uniform,1.0,1.0,0.0,0.0,0.0,61,10026,50255325,49363464,891861,0.9822534029975928,0.01774659700240721,24309,867552,0.972743510479772,0.02725648952022793,0.9827287586617798,1.0,0.0,1.0,1.0,1.0,2026,8,64,80208,641664,16208,129664,8.0,7.914023538799122,94.96828246558947,85120,1127856,0.09183546699932776,0.03791513999749441,121.187,123.74166666666666,273.4753333333333,142.844,142.981,547.475,5974,2026,2026,0,0,0,0,0.0,1049.2247318172745,delay
8,1000,0.25,complete,uniform,1.0,1.0,0.0,0.0,0.0,62,9979,49785231,48843630,941601,0.9810867403628196,0.018913259637180352,24980,916621,0.9734707163649996,0.026529283635000386,0.9815792528860033,1.0,0.0,1.0,1.0,1.0,1979,8,64,79832,638656,15832,126656,8.0,7.934061529211344,95.20873835053612,85120,1122968,0.09361383699797443,0.038154287001816556,122.486,121.42066666666666,285.4576666666667,147.24566666666666,147.76333333333332,563.719,6021,1979,1979,0,0,0,0,0.0,1055.844407888183,delay
8,1000,0.25,complete,uniform,1.0,1.0,0.0,0.0,0.0,63,9975,49745325,48799134,946191,0.9809792980546413,0.019020701945358685,25131,921060,0.973439823460591,0.026560176539409064,0.9814751326191526,1.0,0.0,1.0,1.0,1.0,1975,8,64,79800,638400,15800,126400,8.0,7.910877192982456,94.93052631578948,85120,1122552,0.05999255600181641,0.07470821799870464,119.183,122.172,269.448,141.869,144.644,554.1106666666667,6025,1975,1975,0,0,0,0,0.0,1016.0626283361325,delay
8,1000,0.25,complete,uniform,1.0,1.0,0.0,0.0,0.0,64,9986,49855105,48903972,951133,0.9809220540203456,0.01907794597965444,24858,926275,0.9738648538111915,0.026135146188808505,0.9814113905556198,1.0,0.0,1.0,1.0,1.0,1986,8,64,79888,639104,15888,127104,8.0,7.928800320448628,95.14560384538353,85120,1123696,0.05979203099923325,0.07400604400027078,126.06933333333333,122.52933333333333,276.30066666666664,144.46033333333332,146.79166666666666,559.5376666666667,6014,1986,1986,0,0,0,0,0.0,1059.5850905590269,delay
8,1000,0.25,complete,uniform,1.0,1.0,0.0,0.0,0.0,65,10037,50365666,49466898,898768,0.9821551451339887,0.0178448548660113,24146,874622,0.973134335000801,0.026865664999198905,0.9826262297999743,1.0,0.0,1.0,1.0,1.0,2037,8,64,80296,642368,16296,130368,8.0,7.921689747932649,95.06027697519178,85120,1129000,0.059356213998398744,0.0775787839993427,125.06433333333334,124.73033333333333,281.36,147.25233333333333,147.64633333333333,584.3206666666666,5963,2037,2037,0,0,0,0,0.0,1084.0722898624033,delay
8,1000,0.25,complete,uniform,1.0,1.0,0.0,0.0,0.0,66,10092,50919186,49986125,933061,0.981675649724644,0.018324350275355932,25072,907989,0.9731293023714419,0.02687069762855805,0.9821592532291652,1.0,0.0,1.0,1.0,1.0,2092,8,64,80736,645888,16736,133888,8.0,7.940150614347998,95.28180737217598,85120,1134720,0.06186163499660324,0.03862244300034945,116.86533333333334,117.92733333333334,263.62333333333333,139.36766666666668,138.673,547.9193333333334,5908,2092,2092,0,0,0,0,0.0,1034.5360587644884,delay
8,1000,0.25,complete,uniform,1.0,1.0,0.0,0.0,0.0,67,10074,50737701,49831920,905781,0.9821477721270816,0.017852227872918406,25195,880586,0.9721842255467933,0.02781577445320668,0.9826357230305283,1.0,0.0,1.0,1.0,1.0,2074,8,64,80592,644736,16592,132736,8.0,7.907484613857455,94.88981536628945,85120,1132848,0.05948398400141741,0.03835595599957742,121.00633333333333,121.39066666666666,279.8106666666667,144.76433333333333,144.02633333333333,573.497,5926,2074,2074,0,0,0,0,0.0,1061.522269188886,delay
8,1000,0.25,complete,uniform,1.0,1.0,0.0,0.0,0.0,68,9958,49575903,48632555,943348,0.9809716426143564,0.019028357385643586,24633,918715,0.9738876851384642,0.026112314861535722,0.9814593046757429,1.0,0.0,1.0,1.0,1.0,1958,8,64,79664,637312,15664,125312,8.0,7.91634866439044,94.99618397268527,85120,1120784,0.09698915599801694,0.04258712800219655,122.85,121.68466666666667,269.2373333333333,141.752,143.55533333333332,558.389,6042,1958,1958,0,0,0,0,0.0,1033.0267313646743,delay
8,1000,0.25,complete,uniform,1.0,1.0,0.0,0.0,0.0,69,10030,50295435,49413055,882380,0.982456061867245,0.01754393813275499,24433,857947,0.9723101158231148,0.02768988417688524,0.9829335607832126,1.0,0.0,1.0,1.0,1.0,2030,8,64,80240,641920,16240,129920,8.0,7.902193419740778,94.82632103688934,85120,1128272,0.09596344500096166,0.03779302100156201,120.95666666666666,122.73666666666666,271.91566666666665,147.466,144.033,551.6596666666667,5970,2030,2030,0,0,0,0,0.0,1048.2388627674961,delay
8,1000,0.25,complete,uniform,1.0,1.0,0.0,0.0,0.0,70,9960,49595820,48664734,931086,0.9812265227190518,0.018773477280948272,24455,906631,0.9737349718500762,0.026265028149923854,0.9817105903781347,1.0,0.0,1.0,1.0,1.0,1960,8,64,79680,637440,15680,125440,8.0,7.910843373493976,94.93012048192772,85120,1120992,0.059256848002405604,0.0740184570022393,121.481,123.842,274.4773333333333,145.37566666666666,145.78266666666667,560.1553333333334,6040,1960,1960,0,0,0,0,0.0,1029.8760977796608,delay
8,1000,0.25,complete,uniform,1.0,1.0,0.0,0.0,0.0,71,10039,50385741,49488312,897429,0.982188829970765,0.017811170029235057,24859,872570,0.9722997585324299,0.027700241467570136,0.9826736553184275,1.0,0.0,1.0,1.0,1.0,2039,8,64,80312,642496,16312,130496,8.0,7.919613507321446,95.03536208785735,85120,1129208,0.05874830600077985,0.0766806510000606,122.27566666666667,123.13366666666667,278.241,142.22633333333334,143.04433333333333,560.1286666666666,5961,2039,2039,0,0,0,0,0.0,1036.6626957087035,delay
8,1000,0.25,complete,uniform,10.0,1.0,0.0,0.0,0.0,42,10005,50045010,48044519,2000491,0.960026164446765,0.03997383555323498,30985,1969506,0.9845113024752423,0.015488697524757672,0.9606209258303046,1.0,0.0,1.0,1.0,1.0,2005,8,64,80040,640320,16040,128320,8.0,7.8533733133433286,94.24047976011994,85120,1125672,0.059740103999502026,0.0782303519990819,121.344,124.44966666666667,266.115,141.13766666666666,141.301,554.9223333333333,5995,2005,2005,0,0,0,0,0.0,1028.0758007602294,delay
8,1000,0.25,complete,uniform,10.0,1.0,0.0,0.0,0.0,43,9994,49935021,47993758,1941263,0.9611242178109828,0.0388757821890172,30699,1910564,0.9841860685543381,0.015813931445661924,0.9617154602360893,1.0,0.0,1.0,1.0,1.0,1994,8,64,79952,639616,15952,127616,8.0,7.854412647588553,94.25295177106264,85120,1124528,0.05954521800231305,0.038905593999515986,115.93366666666667,118.56166666666667,255.84566666666666,133.88733333333334,134.03066666666666,537.049,6006,1994,1994,0,0,0,0,0.0,1024.2050702328615,delay
8,1000,0.25,complete,uniform,10.0,1.0,0.0,0.0,0.0,44,10027,50265351,48299908,1965443,0.9608986516377852,0.03910134836221476,30401,1935042,0.9845322403142701,0.015467759685729884,0.9614801647060462,1.0,0.0,1.0,1.0,1.0,2027,8,64,80216,641728,16216,129728,8.0,7.8395332601974665,94.0743991223696,85120,1127960,0.05951577299856581,0.0382950709972647,124.18933333333334,126.55,274.10633333333334,140.12566666666666,141.448,562.313,5973,2027,2027,0,0,0,0,0.0,1043.501681212466,delay
8,1000,0.25,complete,uniform,10.0,1.0,0.0,0.0,0.0,45,10017,50165136,48184733,1980403,0.9605223237110331,0.0394776762889669,30111,1950292,0.9847955188918619,0.015204481108138091,0.9610992115791306,1.0,0.0,1.0,1.0,1.0,2017,8,64,80136,641088,16136,129088,8.0,7.8498552460816615,94.19826295297995,85120,1126920,0.09403670699975919,0.03920502500113798,122.68633333333334,124.46966666666667,268.81666666666666,141.00066666666666,140.61666666666667,548.871,5983,2017,2017,0,0,0,0,0.0,1074.4421214976496,delay
8,1000,0.25,complete,uniform,10.0,1.0,0.0,0.0,0.0,46,9975,49745325,47767495,1977830,0.9602408869577191,0.03975911304228086,30982,1946848,0.9843353574371912,0.015664642562808733,0.9608393094926347,1.0,0.0,1.0,1.0,1.0,1975,8,64,79800,638400,15800,126400,8.0,7.828671679197995,93.94406015037593,85120,1122552,0.09544467399973655,0.03753390599740669,124.49633333333334,123.92533333333333,269.74833333333333,142.163,143.12466666666666,556.3883333333333,6025,1975,1975,0,0,0,0,0.0,1031.0748429738521,delay
8,1000,0.25,complete,uniform,10.0,1.0,0.0,0.0,0.0,47,10031,50305465,48371231,1934234,0.9615502212334187,0.03844977876658132,30901,1903333,0.9840241666726983,0.01597583332730166,0.96214123308956,1.0,0.0,1.0,1.0,1.0,2031,8,64,80248,641984,16248,129984,8.0,7.849466653374539,94.19359984049447,85120,1128376,0.06129128699831199,0.07589846599876182,122.64966666666666,124.66033333333333,267.72433333333333,140.984,140.49633333333333,549.145,5969,2031,2031,0,0,0,0,0.0,1066.6008537976504,delay
8,1000,0.25,complete,uniform,10.0,1.0,0.0,0.0,0.0,48,10006,50055015,48028686,2026329,0.9595179623859867,0.040482037614013304,30488,1995841,0.9849540721176078,0.015045927882392247,0.9601027511964281,1.0,0.0,1.0,1.0,1.0,2006,8,64,80048,640384,16048,128384,8.0,7.836098340995402,94.03318009194483,85120,1125776,0.05954350500178407,0.0763366870014579,121.60766666666666,124.54666666666667,275.16866666666664,143.48533333333333,142.203,560.042,5994,2006,2006,0,0,0,0,0.0,999.6913193732514,delay
8,1000,0.25,complete,uniform,10.0,1.0,0.0,0.0,0.0,49,10048,50476128,48535841,1940287,0.9615603043086031,0.03843969569139693,30450,1909837,0.9843064453866877,0.01569355461331236,0.9621407209553214,1.0,0.0,1.0,1.0,1.0,2048,8,64,80384,643072,16384,131072,8.0,7.8710191082802545,94.45222929936305,85120,1130144,0.06368802499855519,0.08231940800033044,122.476,120.24166666666666,270.42966666666666,141.94233333333332,143.499,550.6776666666667,5952,2048,2048,0,0,0,0,0.0,1054.6355751247552,delay
8,1000,0.25,complete,uniform,10.0,1.0,0.0,0.0,0.0,50,9994,49935021,47998172,1936849,0.961212612687196,0.03878738731280398,30399,1906450,0.9843049200015076,0.015695079998492397,0.961798127636354,1.0,0.0,1.0,1.0,1.0,1994,8,64,79952,639616,15952,127616,8.0,7.860816489893937,94.32979787872725,85120,1124528,0.060804065000411356,0.03882263900231919,121.87166666666667,117.89733333333334,260.5276666666667,138.88,141.06733333333332,543.2336666666666,6006,1994,1994,0,0,0,0,0.0,1047.4129362820697,delay
8,1000,0.25,complete,uniform,10.0,1.0,0.0,0.0,0.0,51,9989,49885066,47926341,1958725,0.9607352428881221,0.039264757111877935,30882,1927843,0.9842336213608343,0.015766378639165784,0.961330366975819,1.0,0.0,1.0,1.0,1.0,1989,8,64,79912,639296,15912,127296,8.0,7.841926118730604,94.10311342476724,85120,1124008,0.05872609500147519,0.036749296999914804,122.74633333333334,124.91066666666667,270.333,144.838,146.89866666666666,549.846,6011,1989,1989,0,0,0,0,0.0,1078.9696925126211,delay
8,1000,0.25,complete,uniform,10.0,1.0,0.0,0.0,0.0,52,9951,49506225,47486124,2020101,0.9591950103244592,0.040804989675540804,30062,1990039,0.9851185658538856,0.014881434146114477,0.9597778227062596,1.0,0.0,1.0,1.0,1.0,1951,8,64,79608,636864,15608,124864,8.0,7.843935282886142,94.1272233946337,85120,1120056,0.09248418999777641,0.037910630999249406,122.623,125.849,281.143,142.16966666666667,144.10666666666665,550.2636666666667,6049,1951,1951,0,0,0,0,0.0,1038.9406601311857,delay
8,1000,0.25,complete,uniform,10.0,1.0,0.0,0.0,0.0,53,9993,49925028,47946207,1978821,0.960364148418705,0.03963585158129506,30168,1948653,0.9847545583961359,0.015245441603864119,0.9609448147564699,1.0,0.0,1.0,1.0,1.0,1993,8,64,79944,639552,15944,127552,8.0,7.84749324527169,94.16991894326029,85120,1124424,0.09466001400141977,0.03674803399917437,126.68366666666667,124.48966666666666,267.1666666666667,142.31966666666668,146.26033333333334,545.251,6007,1993,1993,0,0,0,0,0.0,1074.7040495306042,delay
8,1000,0.25,complete,uniform,10.0,1.0,0.0,0.0,0.0,54,9962,49615741,47665310,1950431,0.9606892699637399,0.039310730036260066,29716,1920715,0.984764393100807,0.01523560689919305,0.9612649935137975,1.0,0.0,1.0,1.0,1.0,1962,8,64,79696,637568,15696,125568,8.0,7.810279060429632,93.72334872515559,85120,1121200,0.05940208999891183,0.07559605999995256,128.013,126.02266666666667,275.7463333333333,147.987,148.52133333333333,559.15,6038,1962,1962,0,0,0,0,0.0,1034.2934613430448,delay
8,1000,0.25,complete,uniform,10.0,1.0,0.0,0.0,0.0,55,10060,50596770,48621079,1975691,0.9609522307451641,0.03904776925483583,30246,1945445,0.9846909258583453,0.015309074141654742,0.9615270173603391,1.0,0.0,1.0,1.0,1.0,2060,8,64,80480,643840,16480,131840,8.0,7.8732604373757455,94.47912524850895,85120,1131392,0.06110184299905086,0.07601799999974901,125.739,122.48266666666666,270.974,140.16566666666668,141.34133333333332,558.2116666666667,5940,2060,2060,0,0,0,0,0.0,1059.928683011813,delay
8,1000,0.25,complete,uniform,10.0,1.0,0.0,0.0,0.0,56,10007,50065021,48122240,1942781,0.961194843002263,0.038805156997737004,30158,1912623,0.9844768916311205,0.015523108368879457,0.9617741933259616,1.0,0.0,1.0,1.0,1.0,2007,8,64,80056,640448,16056,128448,8.0,7.842510242830019,94.11012291396023,85120,1125880,0.060685632000968326,0.07765667900093831,122.339,122.693,270.42633333333333,140.74,140.16233333333332,550.2936666666667,5993,2007,2007,0,0,0,0,0.0,1034.5586366895443,delay
8,1000,0.25,complete,uniform,10.0,1.0,0.0,0.0,0.0,57,9982,49815171,47901040,1914131,0.9615753401709692,0.038424659829030795,30449,1883682,0.9840925203133954,0.015907479686604522,0.9621634524744358,1.0,0.0,1.0,1.0,1.0,1982,8,64,79856,638848,15856,126848,8.0,7.852534562211981,94.23041474654377,85120,1123280,0.05943436099914834,0.0381705769977998,116.378,117.45,257.30833333333334,137.11333333333334,138.83666666666667,544.7566666666667,6018,1982,1982,0,0,0,0,0.0,1050.0296125975995,delay
8,1000,0.25,complete,uniform,10.0,1.0,0.0,0.0,0.0,58,10027,50265351,48288437,1976914,0.9606704427469331,0.03932955725306683,30037,1946877,0.9848061170086306,0.015193882991369376,0.9612448525752223,1.0,0.0,1.0,1.0,1.0,2027,8,64,80216,641728,16216,129728,8.0,7.842126259100429,94.10551510920514,85120,1127960,0.05960639200202422,0.039052758998877835,126.72733333333333,126.34,275.579,141.395,142.106,549.4253333333334,5973,2027,2027,0,0,0,0,0.0,1104.116900567957,delay
8,1000,0.25,complete,uniform,10.0,1.0,0.0,0.0,0.0,59,9990,49895055,47936350,1958705,0.9607435045416826,0.03925649545831746,30073,1928632,0.9846464883685905,0.015353511631409529,0.9613229179547282,1.0,0.0,1.0,1.0,1.0,1990,8,64,79920,639360,15920,127360,8.0,7.85015015015015,94.2018018018018,85120,1124112,0.09314809299758053,0.037653809999028454,128.3,125.48166666666667,286.25266666666664,139.66833333333332,143.08466666666666,545.331,6010,1990,1990,0,0,0,0,0.0,1033.6246511602121,delay
8,1000,0.25,complete,uniform,10.0,1.0,0.0,0.0,0.0,60,9952,49516176,47487704,2028472,0.9590341548184174,0.04096584518158268,30830,1997642,0.9848013677290098,0.015198632270990184,0.9596316452955588,1.0,0.0,1.0,1.0,1.0,1952,8,64,79616,636928,15616,124928,8.0,7.833902733118971,94.00683279742765,85120,1120160,0.09726930799661204,0.040089269998134114,128.85133333333334,127.73266666666666,291.753,145.92,148.635,562.7636666666667,6048,1952,1952,0,0,0,0,0.0,1029.714977686886,delay
8,1000,0.25,complete,uniform,10.0,1.0,0.0,0.0,0.0,61,10026,50255325,48331414,1923911,0.96171727075688,0.038282729243120005,30858,1893053,0.9839607965233319,0.0160392034766681,0.9623081515230415,1.0,0.0,1.0,1.0,1.0,2026,8,64,80208,641664,16208,129664,8.0,7.8453022142429685,94.14362657091561,85120,1127856,0.06159617700177478,0.07590856500246446,123.224,121.945,272.33,145.656,144.64766666666668,557.594,5974,2026,2026,0,0,0,0,0.0,1061.958362361563,delay
8,1000,0.25,complete,uniform,10.0,1.0,0.0,0.0,0.0,62,9979,49785231,47790250,1994981,0.9599282566349848,0.04007174336501522,31324,1963657,0.9842985973299996,0.015701402670000367,0.9605326070171736,1.0,0.0,1.0,1.0,1.0,1979,8,64,79832,638656,15832,126656,8.0,7.849784547549855,94.19741457059826,85120,1122968,0.05893102800109773,0.07463508000000729,124.19933333333333,123.007,276.19733333333335,145.66933333333333,144.68733333333333,561.9053333333334,6021,1979,1979,0,0,0,0,0.0,1059.2408940367443,delay
8,1000,0.25,complete,uniform,10.0,1.0,0.0,0.0,0.0,63,9975,49745325,47722640,2022685,0.9593391941855842,0.040660805814415724,30529,1992156,0.9849066958028561,0.015093304197143895,0.9599283078623112,1.0,0.0,1.0,1.0,1.0,1975,8,64,79800,638400,15800,126400,8.0,7.834786967418546,94.01744360902256,85120,1122552,0.059421816000394756,0.07695854099802091,121.918,121.59433333333334,278.545,146.70466666666667,143.355,561.0936666666666,6025,1975,1975,0,0,0,0,0.0,1026.1362111092358,delay
8,1000,0.25,complete,uniform,10.0,1.0,0.0,0.0,0.0,64,9986,49855105,47875288,1979817,0.9602885802767841,0.03971141972321591,30457,1949360,0.9846162549366937,0.015383745063306356,0.9608755891260887,1.0,0.0,1.0,1.0,1.0,1986,8,64,79888,639104,15888,127104,8.0,7.858602042860004,94.30322451432005,85120,1123696,0.06027526400066563,0.037843153997528134,117.04266666666666,114.50766666666667,276.8283333333333,137.37366666666668,137.89133333333334,545.194,6014,1986,1986,0,0,0,0,0.0,1066.8184730830922,delay
8,1000,0.25,complete,uniform,10.0,1.0,0.0,0.0,0.0,65,10037,50365666,48392939,1972727,0.9608319087848456,0.03916809121515439,30220,1942507,0.9846811038729637,0.015318896127036331,0.9614087655049287,1.0,0.0,1.0,1.0,1.0,2037,8,64,80296,642368,16296,130368,8.0,7.848161801335061,94.17794161602073,85120,1129000,0.05999737400270533,0.038725705999240745,127.43866666666666,122.60966666666667,268.94666666666666,146.04,148.61466666666666,558.7996666666667,5963,2037,2037,0,0,0,0,0.0,1091.2652271350737,delay
8,1000,0.25,complete,uniform,10.0,1.0,0.0,0.0,0.0,66,10092,50919186,48955690,1963496,0.9614389750849512,0.038561024915048724,30147,1933349,0.9846462636032872,0.015353736396712801,0.9620085378307105,1.0,0.0,1.0,1.0,1.0,2092,8,64,80736,645888,16736,133888,8.0,7.846016646848989,94.15219976218788,85120,1134720,0.09462216300016735,0.03805050200026017,123.62833333333333,124.20266666666667,284.1453333333333,145.332,147.10866666666666,558.923,5908,2092,2092,0,0,0,0,0.0,1042.9760807701762,delay
8,1000,0.25,complete,uniform,10.0,1.0,0.0,0.0,0.0,67,10074,50737701,48815802,1921899,0.9621208891589313,0.03787911084106865,30574,1891325,0.984091775894571,0.015908224105429056,0.9627010025632097,1.0,0.0,1.0,1.0,1.0,2074,8,64,80592,644736,16592,132736,8.0,7.81893984514592,93.82727814175104,85120,1132848,0.09663091399852419,0.03873550500065903,125.51833333333333,124.68033333333334,274.0966666666667,142.84066666666666,144.18633333333332,550.09,5926,2074,2074,0,0,0,0,0.0,1061.522269188886,delay
8,1000,0.25,complete,uniform,10.0,1.0,0.0,0.0,0.0,68,9958,49575903,47589684,1986219,0.9599357978411407,0.040064202158859315,30181,1956038,0.9848047974568767,0.015195202543123391,0.9605205470615606,1.0,0.0,1.0,1.0,1.0,1958,8,64,79664,637312,15664,125312,8.0,7.829684675637679,93.95621610765214,85120,1120784,0.059097138000652194,0.07399936000001617,125.75866666666667,122.94033333333333,283.80133333333333,139.56466666666665,140.03233333333333,577.321,6042,1958,1958,0,0,0,0,0.0,1038.1844628971696,delay
8,1000,0.25,complete,uniform,10.0,1.0,0.0,0.0,0.0,69,10030,50295435,48331880,1963555,0.9609595781406404,0.0390404218593596,30847,1932708,0.9842902286923463,0.01570977130765372,0.9615493118137166,1.0,0.0,1.0,1.0,1.0,2030,8,64,80240,641920,16240,129920,8.0,7.798504486540379,93.58205383848454,85120,1128272,0.060067815000365954,0.07628528999703121,126.10266666666666,123.38433333333333,276.855,145.97666666666666,150.97933333333333,578.7336666666666,5970,2030,2030,0,0,0,0,0.0,1061.2446437685032,delay
8,1000,0.25,complete,uniform,10.0,1.0,0.0,0.0,0.0,70,9960,49595820,47628774,1967046,0.9603384720728481,0.03966152792715193,30092,1936954,0.9847019337626065,0.015298066237393533,0.9609215060858181,1.0,0.0,1.0,1.0,1.0,1960,8,64,79680,637440,15680,125440,8.0,7.8545180722891565,94.25421686746988,85120,1120992,0.059888740001042606,0.07637172099930467,123.76166666666667,120.34533333333333,270.6333333333333,140.90033333333332,142.96766666666667,558.1753333333334,6040,1960,1960,0,0,0,0,0.0,1041.235930374637,delay
8,1000,0.25,complete,uniform,10.0,1.0,0.0,0.0,0.0,71,10039,50385741,48429756,1955985,0.9611797909253731,0.03882020907462689,29709,1926276,0.9848112332149787,0.015188766785021358,0.9617468667904572,1.0,0.0,1.0,1.0,1.0,2039,8,64,80312,642496,16312,130496,8.0,7.8394262376730754,94.07311485207691,85120,1129208,0.06399173300087568,0.03932387699751416,119.02633333333333,117.22966666666666,263.3763333333333,138.252,138.34233333333333,542.0046666666667,5961,2039,2039,0,0,0,0,0.0,1046.1418857321985,delay
8,1000,0.25,complete,uniform,50.0,1.0,0.0,0.0,0.0,42,10005,50045010,45393873,4651137,0.9070609237564344,0.09293907624356554,33298,4617839,0.9928408903027367,0.007159109697263272,0.9076648485858673,1.0,0.0,1.0,1.0,1.0,2005,8,64,80040,640320,16040,128320,8.0,7.618690654672664,91.42428785607197,85120,1125672,0.06225572199764429,0.03912730800220743,124.35266666666666,122.51933333333334,270.039,144.27,143.08433333333332,552.0403333333334,5995,2005,2005,0,0,0,0,0.0,1101.7060101479597,delay
8,1000,0.25,complete,uniform,50.0,1.0,0.0,0.0,0.0,43,9994,49935021,45368913,4566108,0.9085590051118633,0.09144099488813673,32824,4533284,0.992811383348795,0.007188616651204921,0.909156624907717,1.0,0.0,1.0,1.0,1.0,1994,8,64,79952,639616,15952,127616,8.0,7.658895337202321,91.90674404642786,85120,1124528,0.09540936600023997,0.03868947899900377,124.63,121.24366666666667,272.6836666666667,143.676,142.94433333333333,559.4673333333334,6006,1994,1994,0,0,0,0,0.0,1084.2484017911756,delay
8,1000,0.25,complete,uniform,50.0,1.0,0.0,0.0,0.0,44,10027,50265351,45722763,4542588,0.9096278468243463,0.09037215317565374,32995,4509593,0.9927365193585683,0.0072634806414317125,0.9102253336475,1.0,0.0,1.0,1.0,1.0,2027,8,64,80216,641728,16216,129728,8.0,7.668694524783086,92.02433429739703,85120,1127960,0.09701768699960667,0.038441805001639295,121.84466666666667,123.25066666666666,271.89566666666667,142.69366666666667,144.85133333333334,544.449,5973,2027,2027,0,0,0,0,0.0,1110.519123809901,delay
8,1000,0.25,complete,uniform,50.0,1.0,0.0,0.0,0.0,45,10017,50165136,45604666,4560470,0.9090908474762234,0.09090915252377667,32811,4527659,0.9928053468173237,0.007194653182676347,0.9096858364338778,1.0,0.0,1.0,1.0,1.0,2017,8,64,80136,641088,16136,129088,8.0,7.683837476290306,92.20604971548367,85120,1126920,0.06057673900068039,0.07475425300071947,120.639,122.87,267.778,140.864,141.82233333333335,562.6266666666667,5983,2017,2017,0,0,0,0,0.0,1144.386926442632,delay
8,1000,0.25,complete,uniform,50.0,1.0,0.0,0.0,0.0,46,9975,49745325,45121647,4623678,0.907053014529506,0.09294698547049396,32872,4590806,0.9928905083788274,0.007109491621172582,0.9076527967750857,1.0,0.0,1.0,1.0,1.0,1975,8,64,79800,638400,15800,126400,8.0,7.666967418546366,92.00360902255639,85120,1122552,0.060523198000737466,0.07627180500276154,127.78266666666667,123.78533333333333,269.9053333333333,140.89033333333333,141.712,553.8236666666667,6025,1975,1975,0,0,0,0,0.0,1103.3827902068274,delay
8,1000,0.25,complete,uniform,50.0,1.0,0.0,0.0,0.0,47,10031,50305465,45705299,4600166,0.9085553428439633,0.09144465715603663,32803,4567363,0.9928691703734169,0.007130829626583041,0.909148176796367,1.0,0.0,1.0,1.0,1.0,2031,8,64,80248,641984,16248,129984,8.0,7.651181337852657,91.8141760542319,85120,1128376,0.061259025998879224,0.07765545499933069,120.26833333333333,121.91166666666666,283.6646666666667,143.295,143.295,555.2026666666667,5969,2031,2031,0,0,0,0,0.0,1136.1523022798635,delay
8,1000,0.25,complete,uniform,50.0,1.0,0.0,0.0,0.0,48,10006,50055015,45224377,4830638,0.9034934261831706,0.09650657381682934,33073,4797565,0.9931534923544261,0.006846507645573939,0.9040907887982438,1.0,0.0,1.0,1.0,1.0,2006,8,64,80048,640384,16048,128384,8.0,7.612232660403758,91.34679192484509,85120,1125776,0.06165626000074553,0.03901550900263828,118.43533333333333,117.88733333333333,260.30733333333336,139.785,139.78866666666667,540.5586666666667,5994,2006,2006,0,0,0,0,0.0,1075.2000345672764,delay
8,1000,0.25,complete,uniform,50.0,1.0,0.0,0.0,0.0,49,10048,50476128,45863716,4612412,0.9086219133131607,0.09137808668683937,32303,4580109,0.9929965059495987,0.007003494050401396,0.9092037727115262,1.0,0.0,1.0,1.0,1.0,2048,8,64,80384,643072,16384,131072,8.0,7.675955414012739,92.11146496815286,85120,1130144,0.060915010999451624,0.03765358900272986,122.54266666666666,123.224,272.30333333333334,144.15333333333334,146.758,568.4076666666666,5952,2048,2048,0,0,0,0,0.0,1125.0213279137804,delay
8,1000,0.25,complete,uniform,50.0,1.0,0.0,0.0,0.0,50,9994,49935021,45429716,4505305,0.9097766475356043,0.09022335246439568,33062,4472243,0.9926615401177057,0.007338459882294318,0.9103794101550202,1.0,0.0,1.0,1.0,1.0,1994,8,64,79952,639616,15952,127616,8.0,7.7172303382029215,92.60676405843506,85120,1124528,0.09481199700167053,0.03846350599997095,119.781,123.952,284.219,139.78166666666667,139.53133333333332,546.9873333333334,6006,1994,1994,0,0,0,0,0.0,1116.7010405592637,delay
8,1000,0.25,complete,uniform,50.0,1.0,0.0,0.0,0.0,51,9989,49885066,45347278,4537788,0.9090351408976787,0.09096485910232133,32870,4504918,0.992756382625191,0.007243617374809048,0.909634512389384,1.0,0.0,1.0,1.0,1.0,1989,8,64,79912,639296,15912,127296,8.0,7.664731204324757,91.97677445189709,85120,1124008,0.09712034900076105,0.03724359099942376,125.88933333333334,121.65433333333333,281.42033333333336,143.64233333333334,142.58033333333333,563.582,6011,1989,1989,0,0,0,0,0.0,1148.1454771267865,delay
8,1000,0.25,complete,uniform,50.0,1.0,0.0,0.0,0.0,52,9951,49506225,44856011,4650214,0.9060680954768819,0.09393190452311805,32414,4617800,0.993029568101597,0.006970431898402955,0.9066617285658467,1.0,0.0,1.0,1.0,1.0,1951,8,64,79608,636864,15608,124864,8.0,7.64405587378153,91.72867048537836,85120,1120056,0.06365135500163888,0.07658718499806128,136.225,135.51366666666667,292.13366666666667,152.76933333333332,153.80133333333333,597.7293333333333,6049,1951,1951,0,0,0,0,0.0,1111.3550954708332,delay
8,1000,0.25,complete,uniform,50.0,1.0,0.0,0.0,0.0,53,9993,49925028,45232614,4692414,0.906010788817184,0.09398921118281596,32705,4659709,0.9930302398722705,0.006969760127729565,0.906604689462946,1.0,0.0,1.0,1.0,1.0,1993,8,64,79944,639552,15944,127552,8.0,7.646252376663664,91.75502851996397,85120,1124424,0.06197039700055029,0.0761371920016245,123.84533333333333,125.29133333333333,273.235,143.16466666666668,143.31166666666667,548.9413333333333,6007,1993,1993,0,0,0,0,0.0,1146.2557474161674,delay
8,1000,0.25,complete,uniform,50.0,1.0,0.0,0.0,0.0,54,9962,49615741,45162121,4453620,0.9102377610363614,0.08976223896363858,32550,4421070,0.9926913387311894,0.007308661268810541,0.9108353070700915,1.0,0.0,1.0,1.0,1.0,1962,8,64,79696,637568,15696,125568,8.0,7.631298935956635,91.57558723147962,85120,1121200,0.06129432099987753,0.07633342899862328,121.39033333333333,124.21566666666666,284.062,139.97866666666667,141.94566666666665,551.5193333333333,6038,1962,1962,0,0,0,0,0.0,1107.2804223165535,delay
8,1000,0.25,complete,uniform,50.0,1.0,0.0,0.0,0.0,55,10060,50596770,45946147,4650623,0.9080845872177216,0.0919154127822784,32499,4618124,0.9930119039965183,0.006988096003481684,0.9086682373013941,1.0,0.0,1.0,1.0,1.0,2060,8,64,80480,643840,16480,131840,8.0,7.698608349900597,92.38330019880716,85120,1131392,0.06169859800138511,0.03951283000060357,120.43566666666666,122.84666666666666,260.44433333333336,138.93,140.30933333333334,537.4463333333333,5940,2060,2060,0,0,0,0,0.0,1116.261427337928,delay
8,1000,0.25,complete,uniform,50.0,1.0,0.0,0.0,0.0,56,10007,50065021,45555275,4509746,0.9099222189480356,0.0900777810519644,32628,4477118,0.9927650027296437,0.007234997270356246,0.910515613354732,1.0,0.0,1.0,1.0,1.0,2007,8,64,80056,640448,16056,128448,8.0,7.646747276906166,91.760967322874,85120,1125880,0.06020940999951563,0.037392018999526044,120.559,122.626,270.189,142.597,143.59566666666666,553.0656666666666,5993,2007,2007,0,0,0,0,0.0,1106.3047853466473,delay
8,1000,0.25,complete,uniform,50.0,1.0,0.0,0.0,0.0,57,9982,49815171,45349371,4465800,0.9103526112557156,0.08964738874428435,32415,4433385,0.9927415020824936,0.007258497917506382,0.9109453683118709,1.0,0.0,1.0,1.0,1.0,1982,8,64,79856,638848,15856,126848,8.0,7.699859747545582,92.39831697054699,85120,1123280,0.09560948999933316,0.03875347900248016,121.67433333333334,126.18266666666666,291.94666666666666,142.67366666666666,139.952,542.3086666666667,6018,1982,1982,0,0,0,0,0.0,1121.3257740875163,delay
8,1000,0.25,complete,uniform,50.0,1.0,0.0,0.0,0.0,58,10027,50265351,45663195,4602156,0.9084427760188126,0.09155722398118736,32038,4570118,0.9930384802253552,0.006961519774644753,0.9090221662266234,1.0,0.0,1.0,1.0,1.0,2027,8,64,80216,641728,16216,129728,8.0,7.645656726837538,91.74788072205047,85120,1127960,0.0973427549979533,0.03729028800080414,121.45433333333334,127.19133333333333,281.68733333333336,139.94866666666667,140.44966666666667,571.0693333333334,5973,2027,2027,0,0,0,0,0.0,1175.904093185132,delay
8,1000,0.25,complete,uniform,50.0,1.0,0.0,0.0,0.0,59,9990,49895055,45221859,4673196,0.9063394959680874,0.09366050403191258,32798,4640398,0.99298167677966,0.007018323220339999,0.9069356607744411,1.0,0.0,1.0,1.0,1.0,1990,8,64,79920,639360,15920,127360,8.0,7.639239239239239,91.67087087087087,85120,1124112,0.06178784499934409,0.07585855000070296,125.759,125.515,270.4963333333333,141.50833333333333,142.23966666666666,565.125,6010,1990,1990,0,0,0,0,0.0,1108.709573154122,delay
8,1000,0.25,complete,uniform,50.0,1.0,0.0,0.0,0.0,60,9952,49516176,44690639,4825537,0.9025462507444032,0.0974537492555968,32533,4793004,0.9932581596618159,0.006741840338184124,0.9031396293922822,1.0,0.0,1.0,1.0,1.0,1952,8,64,79616,636928,15616,124928,8.0,7.648814308681672,91.78577170418006,85120,1120160,0.06088789999921573,0.07545676700101467,121.94833333333334,121.17366666666666,274.1433333333333,142.116,141.81233333333333,550.1433333333333,6048,1952,1952,0,0,0,0,0.0,1105.166484355659,delay
8,1000,0.25,complete,uniform,50.0,1.0,0.0,0.0,0.0,61,10026,50255325,45798880,4456445,0.9113239243801528,0.08867607561984725,32735,4423710,0.9926544588792188,0.00734554112078125,0.9119179237868855,1.0,0.0,1.0,1.0,1.0,2026,8,64,80208,641664,16208,129664,8.0,7.657590265310193,91.89108318372232,85120,1127856,0.06053791500016814,0.07848824400207377,120.82266666666666,125.161,273.3586666666667,140.35933333333332,141.14766666666668,552.007,5974,2026,2026,0,0,0,0,0.0,1121.2436066900684,delay
8,1000,0.25,complete,uniform,50.0,1.0,0.0,0.0,0.0,62,9979,49785231,45081427,4703804,0.9055180842688065,0.09448191573119345,33460,4670344,0.9928866083705868,0.00711339162941313,0.9061270803807165,1.0,0.0,1.0,1.0,1.0,1979,8,64,79832,638656,15832,126656,8.0,7.705581721615392,92.4669806593847,85120,1122968,0.05977170100231888,0.03861685300216777,119.11966666666666,113.14866666666667,275.322,136.73933333333332,137.417,551.646,6021,1979,1979,0,0,0,0,0.0,1123.7648495578171,delay
8,1000,0.25,complete,uniform,50.0,1.0,0.0,0.0,0.0,63,9975,49745325,44985054,4760271,0.904307168563076,0.09569283143692398,32526,4727745,0.9931671957331841,0.0068328042668159015,0.904898837017807,1.0,0.0,1.0,1.0,1.0,1975,8,64,79800,638400,15800,126400,8.0,7.616240601503759,91.39488721804511,85120,1122552,0.06442674600111786,0.03759016999902087,143.02433333333335,141.16766666666666,322.88433333333336,166.21766666666667,165.687,630.774,6025,1975,1975,0,0,0,0,0.0,1093.6766502374132,delay
8,1000,0.25,complete,uniform,50.0,1.0,0.0,0.0,0.0,64,9986,49855105,45249288,4605817,0.9076159402332018,0.0923840597667982,32686,4573131,0.9929033220381965,0.00709667796180352,0.9082113817075,1.0,0.0,1.0,1.0,1.0,1986,8,64,79888,639104,15888,127104,8.0,7.645203284598438,91.74243941518125,85120,1123696,0.09642692999841529,0.0379554739993182,122.723,125.34466666666667,276.54466666666667,142.84733333333332,144.31333333333333,551.7063333333333,6014,1986,1986,0,0,0,0,0.0,1133.3014037217192,delay
8,1000,0.25,complete,uniform,50.0,1.0,0.0,0.0,0.0,65,10037,50365666,45729720,4635946,0.9079542400968151,0.09204575990318484,31963,4603983,0.9931053985529599,0.006894601447040151,0.9085308108564951,1.0,0.0,1.0,1.0,1.0,2037,8,64,80296,642368,16296,130368,8.0,7.694928763574773,92.33914516289728,85120,1129000,0.09596320200216724,0.039442878998670494,122.052,123.805,273.128,142.02266666666668,141.672,564.7706666666667,5963,2037,2037,0,0,0,0,0.0,1163.1258160435939,delay
8,1000,0.25,complete,uniform,50.0,1.0,0.0,0.0,0.0,66,10092,50919186,46376457,4542729,0.910785514128211,0.08921448587178907,33335,4509394,0.9926618999284351,0.007338100071564912,0.9113821639732428,1.0,0.0,1.0,1.0,1.0,2092,8,64,80736,645888,16736,133888,8.0,7.6565596512088785,91.87871581450653,85120,1134720,0.06139541100128554,0.07657071299763629,127.09133333333334,122.172,273.4886666666667,145.19833333333332,147.74666666666667,558.9833333333333,5908,2092,2092,0,0,0,0,0.0,1104.698202084762,delay
8,1000,0.25,complete,uniform,50.0,1.0,0.0,0.0,0.0,67,10074,50737701,46242856,4494845,0.9114101563253724,0.08858984367462767,33441,4461404,0.9925601438981767,0.007439856101823311,0.9120112590145285,1.0,0.0,1.0,1.0,1.0,2074,8,64,80592,644736,16592,132736,8.0,7.590430811991265,91.08516974389518,85120,1132848,0.061564127001474844,0.07678668700100388,122.43566666666666,121.62433333333334,269.17066666666665,141.26133333333334,141.692,552.8283333333334,5926,2074,2074,0,0,0,0,0.0,1103.1765272826635,delay
8,1000,0.25,complete,uniform,50.0,1.0,0.0,0.0,0.0,68,9958,49575903,44995993,4579910,0.9076182233130479,0.09238177668695213,32035,4547875,0.9930053210652611,0.006994678934738892,0.9082050880645814,1.0,0.0,1.0,1.0,1.0,1958,8,64,79664,637312,15664,125312,8.0,7.583751757381,91.005021088572,85120,1120784,0.060265505002462305,0.07653076800124836,120.79633333333334,126.28333333333333,264.71566666666666,143.903,144.45366666666666,557.377,6042,1958,1958,0,0,0,0,0.0,1096.3118318051727,delay
8,1000,0.25,complete,uniform,50.0,1.0,0.0,0.0,0.0,69,10030,50295435,45616973,4678462,0.9069803849991555,0.0930196150008445,33074,4645388,0.9929305827427902,0.007069417257209741,0.9075772027501852,1.0,0.0,1.0,1.0,1.0,2030,8,64,80240,641920,16240,129920,8.0,7.619042871385843,91.42851445663011,85120,1128272,0.060731396999472054,0.038391620000766125,120.10133333333333,118.34833333333333,284.19533333333334,140.957,143.29166666666666,543.127,5970,2030,2030,0,0,0,0,0.0,1125.3440576512712,delay
8,1000,0.25,complete,uniform,50.0,1.0,0.0,0.0,0.0,70,9960,49595820,44978541,4617279,0.9069018518092855,0.09309814819071446,32562,4584717,0.9929477945777155,0.007052205422284423,0.9074976669209276,1.0,0.0,1.0,1.0,1.0,1960,8,64,79680,637440,15680,125440,8.0,7.702309236947791,92.42771084337349,85120,1120992,0.06016676999934134,0.040608030001749285,137.868,140.21566666666666,318.947,167.113,168.235,654.1546666666667,6040,1960,1960,0,0,0,0,0.0,1111.3284906709998,delay
8,1000,0.25,complete,uniform,50.0,1.0,0.0,0.0,0.0,71,10039,50385741,45808559,4577182,0.9091571958820651,0.09084280411793487,32913,4544269,0.9928093311561568,0.007190668843843221,0.9097514642077303,1.0,0.0,1.0,1.0,1.0,2039,8,64,80312,642496,16312,130496,8.0,7.66580336686921,91.98964040243052,85120,1129208,0.10098927199942409,0.03738498500024434,125.652,126.14266666666667,288.951,144.46733333333333,144.377,550.8313333333333,5961,2039,2039,0,0,0,0,0.0,1099.8017589337444,delay
8,1000,0.25,complete,exponential,1.0,1.0,0.0,0.0,0.0,42,10005,50045010,49125995,919015,0.9816362310647955,0.018363768935204527,24161,894854,0.9737098959211765,0.026290104078823522,0.9821103796139086,1.0,0.0,1.0,1.0,1.0,2005,8,64,80040,640320,16040,128320,8.0,7.932533733133433,95.1904047976012,85120,1125672,0.08927825499995379,0.03877805400043144,122.17866666666667,130.85166666666666,272.70033333333333,144.30366666666666,145.34866666666667,552.9316666666666,5995,2005,2005,0,0,0,0,0.0,1016.8877380646217,delay
8,1000,0.25,complete,exponential,1.0,1.0,0.0,0.0,0.0,43,9994,49935021,49025626,909395,0.9817884326112529,0.018211567388747067,24159,885236,0.9734339863315721,0.02656601366842791,0.982263660363149,1.0,0.0,1.0,1.0,1.0,1994,8,64,79952,639616,15952,127616,8.0,7.931959175505304,95.18351010606364,85120,1124528,0.05442537999988417,0.07349651700133109,119.888,122.59933333333333,273.19466666666665,140.707,141.799,559.127,6006,1994,1994,0,0,0,0,0.0,1012.6042038461123,delay
8,1000,0.25,complete,exponential,1.0,1.0,0.0,0.0,0.0,44,10027,50265351,49361175,904176,0.9820119429783749,0.017988057021625096,23892,880284,0.9735759409672453,0.026424059032754684,0.9824789323892843,1.0,0.0,1.0,1.0,1.0,2027,8,64,80216,641728,16216,129728,8.0,7.9110401914829955,94.93248229779594,85120,1127960,0.05812434600011329,0.08544055899983505,131.426,128.26333333333332,283.267,146.24733333333333,147.08866666666665,579.358,5973,2027,2027,0,0,0,0,0.0,1034.1947309782681,delay
8,1000,0.25,complete,exponential,1.0,1.0,0.0,0.0,0.0,45,10017,50165136,49240364,924772,0.9815654441762104,0.018434555823789653,23970,900802,0.9740800975808092,0.025919902419190892,0.9820346818420617,1.0,0.0,1.0,1.0,1.0,2017,8,64,80136,641088,16136,129088,8.0,7.913047818708196,94.95657382449835,85120,1126920,0.05590423900139285,0.07548523000150453,125.92233333333333,122.63933333333334,277.25233333333335,140.85366666666667,143.15133333333333,552.481,5983,2017,2017,0,0,0,0,0.0,1063.183362923758,delay
8,1000,0.25,complete,exponential,1.0,1.0,0.0,0.0,0.0,46,9975,49745325,48832850,912475,0.9816570702875095,0.01834292971249057,24228,888247,0.9734480396723197,0.02655196032768021,0.9821354102464794,1.0,0.0,1.0,1.0,1.0,1975,8,64,79800,638400,15800,126400,8.0,7.907769423558897,94.89323308270677,85120,1122552,0.05427559999952791,0.08023187700018752,122.93,120.48566666666666,271.0643333333333,139.72833333333332,140.473,558.5956666666667,6025,1975,1975,0,0,0,0,0.0,1026.6697865112556,delay
8,1000,0.25,complete,exponential,1.0,1.0,0.0,0.0,0.0,47,10031,50305465,49407242,898223,0.9821446238495162,0.01785537615048385,23969,874254,0.9733150899052908,0.02668491009470922,0.9826128084971856,1.0,0.0,1.0,1.0,1.0,2031,8,64,80248,641984,16248,129984,8.0,7.924234871897119,95.09081846276543,85120,1128376,0.054541256999073084,0.03806711300057941,128.25333333333333,123.39766666666667,286.89366666666666,141.22133333333332,142.15266666666668,549.4756666666667,5969,2031,2031,0,0,0,0,0.0,1049.992285705443,delay
8,1000,0.25,complete,exponential,1.0,1.0,0.0,0.0,0.0,48,10006,50055015,49127072,927943,0.9814615378698818,0.01853846213011823,24259,903684,0.9738572304548878,0.026142769545112146,0.98193743064766,1.0,0.0,1.0,1.0,1.0,2006,8,64,80048,640384,16048,128384,8.0,7.921047371577054,95.05256845892465,85120,1125776,0.08831570199981797,0.038463715001853416,122.005,121.254,276.561,141.51166666666666,142.08933333333334,547.2446666666667,5994,2006,2006,0,0,0,0,0.0,984.5465341006702,delay
8,1000,0.25,complete,exponential,1.0,1.0,0.0,0.0,0.0,49,10048,50476128,49576295,899833,0.9821730977463248,0.017826902253675243,24207,875626,0.97309834158116,0.02690165841883994,0.9826443476750866,1.0,0.0,1.0,1.0,1.0,2048,8,64,80384,643072,16384,131072,8.0,7.934514331210191,95.21417197452229,85120,1130144,0.08978183700310183,0.03743528899940429,121.915,124.079,282.185,141.869,142.206,550.3603333333333,5952,2048,2048,0,0,0,0,0.0,1041.3584746618947,delay
8,1000,0.25,complete,exponential,1.0,1.0,0.0,0.0,0.0,50,9994,49935021,49013539,921482,0.9815463780419758,0.01845362195802421,23686,897796,0.9742957540136432,0.02570424598635676,0.9820121822027,1.0,0.0,1.0,1.0,1.0,1994,8,64,79952,639616,15952,127616,8.0,7.920252151290774,95.04302581548929,85120,1124528,0.090853863999655,0.03832452500137151,121.23366666666666,122.67966666666666,284.00166666666667,144.32333333333332,143.40533333333335,562.019,6006,1994,1994,0,0,0,0,0.0,1040.4189065205612,delay
8,1000,0.25,complete,exponential,1.0,1.0,0.0,0.0,0.0,51,9989,49885066,48947495,937571,0.9812053771764079,0.018794622823592136,24182,913389,0.9742078199944324,0.02579218000556758,0.9816812513793377,1.0,0.0,1.0,1.0,1.0,1989,8,64,79912,639296,15912,127296,8.0,7.929922915206728,95.15907498248073,85120,1124008,0.05580565399941406,0.07415150299857487,117.931,117.44,271.87233333333336,139.30733333333333,139.361,547.7523333333334,6011,1989,1989,0,0,0,0,0.0,1061.6770836077412,delay
8,1000,0.25,complete,exponential,1.0,1.0,0.0,0.0,0.0,52,9951,49506225,48560494,945731,0.980896725613799,0.01910327438620093,23720,922011,0.9749188722797497,0.02508112772025026,0.9813669295845067,1.0,0.0,1.0,1.0,1.0,1951,8,64,79608,636864,15608,124864,8.0,7.930760727565069,95.16912873078083,85120,1120056,0.05519167500096955,0.07571508000182803,121.87166666666667,129.02833333333334,280.3516666666667,142.844,144.387,557.2966666666666,6049,1951,1951,0,0,0,0,0.0,1030.551613900203,delay
8,1000,0.25,complete,exponential,1.0,1.0,0.0,0.0,0.0,53,9993,49925028,49005689,919339,0.9815856087251469,0.018414391274853167,23647,895692,0.9742782586184204,0.02572174138157959,0.9820507572726294,1.0,0.0,1.0,1.0,1.0,1993,8,64,79944,639552,15944,127552,8.0,7.934654257980586,95.21585109576704,85120,1124424,0.05481087199950707,0.07879666000008001,124.34966666666666,120.22166666666666,278.3113333333333,139.15366666666668,142.27633333333333,553.7566666666667,6007,1993,1993,0,0,0,0,0.0,1064.3187660295623,delay
8,1000,0.25,complete,exponential,1.0,1.0,0.0,0.0,0.0,54,9962,49615741,48708468,907273,0.9817140088666619,0.018285991133338106,23564,883709,0.974027663117937,0.02597233688206306,0.9821804757633447,1.0,0.0,1.0,1.0,1.0,1962,8,64,79696,637568,15696,125568,8.0,7.902328849628589,94.82794619554306,85120,1121200,0.05413901399879251,0.038542202000826364,116.21433333333333,112.17666666666666,273.412,136.36866666666666,137.337,535.7896666666667,6038,1962,1962,0,0,0,0,0.0,1020.5867627891942,delay
8,1000,0.25,complete,exponential,1.0,1.0,0.0,0.0,0.0,55,10060,50596770,49687073,909697,0.9820206507253328,0.01797934927466714,23909,885788,0.9737176224611052,0.02628237753889482,0.9824849141914277,1.0,0.0,1.0,1.0,1.0,2060,8,64,80480,643840,16480,131840,8.0,7.9279324055666,95.1351888667992,85120,1131392,0.054716845999791985,0.042051352000271436,120.34533333333333,123.38766666666666,278.979,142.86766666666668,145.78966666666668,547.632,5940,2060,2060,0,0,0,0,0.0,1048.3987473198213,delay
8,1000,0.25,complete,exponential,1.0,1.0,0.0,0.0,0.0,56,10007,50065021,49153641,911380,0.9817960727510731,0.01820392724892695,23484,887896,0.974232482608791,0.025767517391208937,0.9822568199693786,1.0,0.0,1.0,1.0,1.0,2007,8,64,80056,640448,16056,128448,8.0,7.908064354951534,94.89677225941841,85120,1125880,0.09625112999856356,0.038915991000976646,121.97833333333334,123.29066666666667,273.3616666666667,141.49133333333333,141.458,567.005,5993,2007,2007,0,0,0,0,0.0,1016.8090688162252,delay
8,1000,0.25,complete,exponential,1.0,1.0,0.0,0.0,0.0,57,9982,49815171,48899450,915721,0.981617628091651,0.018382371908348964,23775,891946,0.9740368518358757,0.025963148164124226,0.9820863427890232,1.0,0.0,1.0,1.0,1.0,1982,8,64,79856,638848,15856,126848,8.0,7.934181526748147,95.21017832097776,85120,1123280,0.09034041199993226,0.03795204699781607,125.09433333333334,122.03866666666667,271.879,142.33,142.75066666666666,561.6213333333334,6018,1982,1982,0,0,0,0,0.0,1038.5854059877406,delay
8,1000,0.25,complete,exponential,1.0,1.0,0.0,0.0,0.0,58,10027,50265351,49334261,931090,0.981476504560766,0.018523495439234077,24021,907069,0.9742012050392551,0.025798794960744935,0.981945760591927,1.0,0.0,1.0,1.0,1.0,2027,8,64,80216,641728,16216,129728,8.0,7.920913533459659,95.0509624015159,85120,1127960,0.054571492997638416,0.07411454300017795,122.626,125.101,274.10333333333335,143.06133333333332,145.72633333333334,560.5493333333334,5973,2027,2027,0,0,0,0,0.0,1086.3726081571751,delay
8,1000,0.25,complete,exponential,1.0,1.0,0.0,0.0,0.0,59,9990,49895055,48975805,919250,0.9815763305602129,0.01842366943978717,24115,895135,0.9737666576013054,0.026233342398694588,0.9820509699636703,1.0,0.0,1.0,1.0,1.0,1990,8,64,79920,639360,15920,127360,8.0,7.922722722722723,95.07267267267267,85120,1124112,0.05461332200138713,0.07590389300094103,119.27,120.84933333333333,275.78333333333336,148.134,143.29166666666666,553.6966666666667,6010,1990,1990,0,0,0,0,0.0,1023.6853238622988,delay
8,1000,0.25,complete,exponential,1.0,1.0,0.0,0.0,0.0,60,9952,49516176,48555877,960299,0.9806063578092137,0.0193936421907863,24388,935911,0.9746037432091463,0.025396256790853684,0.9810895698494465,1.0,0.0,1.0,1.0,1.0,1952,8,64,79616,636928,15616,124928,8.0,7.932676848874598,95.19212218649517,85120,1120160,0.05373228199823643,0.07782211499943514,125.80533333333334,122.06533333333333,270.68333333333334,142.754,142.23966666666666,561.4246666666667,6048,1952,1952,0,0,0,0,0.0,1018.3552541222139,delay
8,1000,0.25,complete,exponential,1.0,1.0,0.0,0.0,0.0,61,10026,50255325,49371929,883396,0.9824218428594382,0.017578157140561722,23571,859825,0.9733177419866063,0.026682258013393766,0.9828828394087135,1.0,0.0,1.0,1.0,1.0,2026,8,64,80208,641664,16208,129664,8.0,7.914223020147616,94.97067624177139,85120,1127856,0.054924173000472365,0.039320848998613656,112.37033333333333,112.94166666666666,269.41433333333333,136.99333333333334,138.34233333333333,536.4176666666667,5974,2026,2026,0,0,0,0,0.0,1048.9252315329475,delay
8,1000,0.25,complete,exponential,1.0,1.0,0.0,0.0,0.0,62,9979,49785231,48842654,942577,0.9810671361552987,0.018932863844701255,24344,918233,0.9741729322909428,0.02582706770905719,0.9815470934028969,1.0,0.0,1.0,1.0,1.0,1979,8,64,79832,638656,15832,126656,8.0,7.930955005511574,95.17146006613889,85120,1122968,0.05706963999909931,0.038636058001429774,122.76,125.56833333333333,291.035,143.816,143.01466666666667,546.4396666666667,6021,1979,1979,0,0,0,0,0.0,1056.6840076428696,delay
8,1000,0.25,complete,exponential,1.0,1.0,0.0,0.0,0.0,63,9975,49745325,48809806,935519,0.981193830777063,0.01880616922293703,24656,910863,0.9736445758985119,0.02635542410148805,0.9816803953301594,1.0,0.0,1.0,1.0,1.0,1975,8,64,79800,638400,15800,126400,8.0,7.914385964912281,94.97263157894737,85120,1122552,0.08878104199902737,0.03852439900219906,122.24866666666667,122.80966666666667,274.8376666666667,141.368,143.49533333333332,558.0813333333333,6025,1975,1975,0,0,0,0,0.0,1016.988342279741,delay
8,1000,0.25,complete,exponential,1.0,1.0,0.0,0.0,0.0,64,9986,49855105,48917604,937501,0.9811954864000386,0.01880451359996133,24269,913232,0.9741130942793661,0.025886905720633898,0.981673355831317,1.0,0.0,1.0,1.0,1.0,1986,8,64,79888,639104,15888,127104,8.0,7.931103544962948,95.17324253955537,85120,1123696,0.09017904099891894,0.038066780998633476,121.18033333333334,124.33933333333333,287.79533333333336,141.58833333333334,142.14966666666666,549.138,6014,1986,1986,0,0,0,0,0.0,1059.5850905590269,delay
8,1000,0.25,complete,exponential,1.0,1.0,0.0,0.0,0.0,65,10037,50365666,49475219,890447,0.982320356887567,0.01767964311243298,23469,866978,0.9736435745193145,0.026356425480685543,0.9827783042523949,1.0,0.0,1.0,1.0,1.0,2037,8,64,80296,642368,16296,130368,8.0,7.9289628375012455,95.14755405001495,85120,1129000,0.05488977899949532,0.07452697500048089,121.11033333333333,122.57633333333334,279.67033333333336,139.057,139.19733333333335,561.4243333333334,5963,2037,2037,0,0,0,0,0.0,1084.0722898624033,delay
8,1000,0.25,complete,exponential,1.0,1.0,0.0,0.0,0.0,66,10092,50919186,50003528,915658,0.9820174265943685,0.017982573405631426,23753,891905,0.9740590919317038,0.025940908068296242,0.982475736084218,1.0,0.0,1.0,1.0,1.0,2092,8,64,80736,645888,16736,133888,8.0,7.941537851763774,95.29845422116529,85120,1134720,0.055107476000557654,0.07726208599706297,121.56433333333334,123.518,287.792,144.801,147.03533333333334,575.5843333333333,5908,2092,2092,0,0,0,0,0.0,1034.5360587644884,delay
8,1000,0.25,complete,exponential,1.0,1.0,0.0,0.0,0.0,67,10074,50737701,49842435,895266,0.9823550144694179,0.01764498553058208,24544,870722,0.9725846843284566,0.02741531567154343,0.9828304516715455,1.0,0.0,1.0,1.0,1.0,2074,8,64,80592,644736,16592,132736,8.0,7.908874329958309,94.9064919594997,85120,1132848,0.06091948800167302,0.08328867000091122,122.616,121.421,273.24833333333333,141.83533333333332,142.28966666666668,557.0363333333333,5926,2074,2074,0,0,0,0,0.0,1061.522269188886,delay
8,1000,0.25,complete,exponential,1.0,1.0,0.0,0.0,0.0,68,9958,49575903,48641877,934026,0.9811596775151025,0.018840322484897552,24225,909801,0.9740638911550642,0.025936108844935794,0.9816393503364306,1.0,0.0,1.0,1.0,1.0,1958,8,64,79664,637312,15664,125312,8.0,7.919863426390841,95.0383611166901,85120,1120784,0.05475718099842197,0.03846975600026781,118.562,117.687,264.35833333333335,135.23633333333333,135.46033333333332,541.7143333333333,6042,1958,1958,0,0,0,0,0.0,1034.6359495622792,delay
8,1000,0.25,complete,exponential,1.0,1.0,0.0,0.0,0.0,69,10030,50295435,49419512,875923,0.982584443299874,0.017415556700125966,23906,852017,0.9727076466767056,0.0272923533232944,0.9830516991038805,1.0,0.0,1.0,1.0,1.0,2030,8,64,80240,641920,16240,129920,8.0,7.90518444666002,94.86221335992025,85120,1128272,0.054271541001071455,0.03769628800000646,122.376,123.40766666666667,274.17,145.99666666666667,145.80966666666666,563.859,5970,2030,2030,0,0,0,0,0.0,1048.2388627674961,delay
8,1000,0.25,complete,exponential,1.0,1.0,0.0,0.0,0.0,70,9960,49595820,48668038,927782,0.9812931412364994,0.018706858763500634,24206,903576,0.9739098193325587,0.026090180667441273,0.981772310258044,1.0,0.0,1.0,1.0,1.0,1960,8,64,79680,637440,15680,125440,8.0,7.9137550200803215,94.96506024096385,85120,1120992,0.08821766799883335,0.038570945001993096,121.394,121.788,290.78433333333334,141.829,143.275,551.3956666666667,6040,1960,1960,0,0,0,0,0.0,1029.8760977796608,delay
8,1000,0.25,complete,exponential,1.0,1.0,0.0,0.0,0.0,71,10039,50385741,49486322,899419,0.982149334669902,0.01785066533009805,24615,874804,0.9726323326502998,0.027367667349700194,0.9826293796528696,1.0,0.0,1.0,1.0,1.0,2039,8,64,80312,642496,16312,130496,8.0,7.914931766112162,94.97918119334595,85120,1129208,0.09121049099849188,0.037976622999849496,127.10466666666666,122.386,281.036,141.909,143.669,543.6646666666667,5961,2039,2039,0,0,0,0,0.0,1036.324268521427,delay
8,1000,0.25,complete,exponential,10.0,1.0,0.0,0.0,0.0,42,10005,50045010,48330069,1714941,0.9657320280283689,0.03426797197163114,29426,1685515,0.9828413922111606,0.017158607788839382,0.9663002035525567,1.0,0.0,1.0,1.0,1.0,2005,8,64,80040,640320,16040,128320,8.0,7.882258870564717,94.5871064467766,85120,1125672,0.05492992399740615,0.0760699639977247,128.023,125.23766666666667,271.70233333333334,142.537,145.152,562.0856666666666,5995,2005,2005,0,0,0,0,0.0,1047.964556799194,delay
8,1000,0.25,complete,exponential,10.0,1.0,0.0,0.0,0.0,43,9994,49935021,48240956,1694065,0.9660746112432795,0.03392538875672046,28745,1665320,0.9830319379716835,0.016968062028316504,0.9666310505716756,1.0,0.0,1.0,1.0,1.0,1994,8,64,79952,639616,15952,127616,8.0,7.874724834900941,94.49669801881129,85120,1124528,0.05638531899967347,0.07593232599901967,122.73633333333333,123.91533333333334,266.81966666666665,139.80166666666668,140.11233333333334,559.778,6006,1994,1994,0,0,0,0,0.0,1024.4845898336619,delay
8,1000,0.25,complete,exponential,10.0,1.0,0.0,0.0,0.0,44,10027,50265351,48604737,1660614,0.9669630477662436,0.03303695223375641,28840,1631774,0.9826329297476717,0.017367070252328354,0.9675181662197838,1.0,0.0,1.0,1.0,1.0,2027,8,64,80216,641728,16216,129728,8.0,7.855789368704498,94.26947242445397,85120,1127960,0.055458253002143465,0.07680623200212722,125.555,124.25933333333333,272.871,143.97266666666667,145.98333333333332,557.9013333333334,5973,2027,2027,0,0,0,0,0.0,1062.7292177634984,delay
8,1000,0.25,complete,exponential,10.0,1.0,0.0,0.0,0.0,45,10017,50165136,48445564,1719572,0.9657217713911909,0.034278228608809115,28513,1691059,0.9834185483364465,0.01658145166355349,0.9662709831892746,1.0,0.0,1.0,1.0,1.0,2017,8,64,80136,641088,16136,129088,8.0,7.871218927822701,94.4546271338724,85120,1126920,0.05645235399788362,0.03878179999810527,117.56666666666666,115.583,263.82733333333334,135.81766666666667,138.03866666666667,543.8883333333333,5983,2017,2017,0,0,0,0,0.0,1107.4687647353146,delay
8,1000,0.25,complete,exponential,10.0,1.0,0.0,0.0,0.0,46,9975,49745325,48044579,1700746,0.9658109380127681,0.03418906198723196,29166,1671580,0.9828510547724352,0.017148945227564844,0.9663775312972187,1.0,0.0,1.0,1.0,1.0,1975,8,64,79800,638400,15800,126400,8.0,7.845914786967419,94.15097744360902,85120,1122552,0.054514977000508225,0.037785283999255626,123.39766666666667,124.974,289.1446666666667,143.659,142.303,547.211,6025,1975,1975,0,0,0,0,0.0,1032.6780490219999,delay
8,1000,0.25,complete,exponential,10.0,1.0,0.0,0.0,0.0,47,10031,50305465,48610312,1695153,0.9663028062656811,0.033697193734318925,29659,1665494,0.9825036442138261,0.017496355786173874,0.9668728533163645,1.0,0.0,1.0,1.0,1.0,2031,8,64,80248,641984,16248,129984,8.0,7.871996809889343,94.46396171867212,85120,1128376,0.08976412199990591,0.038901102998352144,119.387,122.23566666666666,284.11533333333335,143.55866666666665,142.62366666666668,571.0056666666667,5969,2031,2031,0,0,0,0,0.0,1057.0059319605573,delay
8,1000,0.25,complete,exponential,10.0,1.0,0.0,0.0,0.0,48,10006,50055015,48331827,1723188,0.9655741187970875,0.034425881202912435,29020,1694168,0.9831591213494987,0.01684087865050128,0.9661342468050861,1.0,0.0,1.0,1.0,1.0,2006,8,64,80048,640384,16048,128384,8.0,7.866979812112732,94.40375774535279,85120,1125776,0.09443149200160406,0.037653487001080066,134.602,135.91766666666666,314.98966666666666,159.85933333333332,161.36866666666666,616.1536666666667,5994,2006,2006,0,0,0,0,0.0,1007.8330223989212,delay
8,1000,0.25,complete,exponential,10.0,1.0,0.0,0.0,0.0,49,10048,50476128,48762748,1713380,0.9660556372311283,0.03394436276887165,28964,1684416,0.9830954020707607,0.016904597929239283,0.9666102934943974,1.0,0.0,1.0,1.0,1.0,2048,8,64,80384,643072,16384,131072,8.0,7.889231687898089,94.67078025477707,85120,1130144,0.06302672300080303,0.07546075299978838,127.385,122.24233333333333,271.348,140.24566666666666,141.51166666666666,556.462,5952,2048,2048,0,0,0,0,0.0,1050.5649188682535,delay
8,1000,0.25,complete,exponential,10.0,1.0,0.0,0.0,0.0,50,9994,49935021,48271754,1663267,0.9666913727742299,0.03330862722577007,28578,1634689,0.982818152467403,0.01718184753259699,0.9672449306795918,1.0,0.0,1.0,1.0,1.0,1994,8,64,79952,639616,15952,127616,8.0,7.882829697818691,94.59395637382428,85120,1124528,0.05487120299949311,0.07439718100067694,121.80133333333333,122.18533333333333,262.82233333333335,141.11733333333333,142.50666666666666,557.9646666666666,6006,1994,1994,0,0,0,0,0.0,1067.3490344876834,delay
8,1000,0.25,complete,exponential,10.0,1.0,0.0,0.0,0.0,51,9989,49885066,48190158,1694908,0.9660237394493976,0.03397626055060246,29245,1665663,0.98274537615021,0.01725462384979008,0.9665904007477883,1.0,0.0,1.0,1.0,1.0,1989,8,64,79912,639296,15912,127296,8.0,7.891280408449294,94.69536490139153,85120,1124008,0.05503376799970283,0.07741730500129052,126.85766666666666,122.516,270.8503333333333,142.40666666666667,143.936,560.152,6011,1989,1989,0,0,0,0,0.0,1082.3835995008842,delay
8,1000,0.25,complete,exponential,10.0,1.0,0.0,0.0,0.0,52,9951,49506225,47747673,1758552,0.964478164109665,0.035521835890335,28373,1730179,0.9838657031466798,0.016134296853320233,0.9650312426659104,1.0,0.0,1.0,1.0,1.0,1951,8,64,79608,636864,15608,124864,8.0,7.864536227514822,94.37443473017787,85120,1120056,0.054259597996860975,0.03765453999949386,121.81466666666667,121.06666666666666,271.4916666666667,139.61466666666666,138.90666666666667,545.4043333333333,6049,1951,1951,0,0,0,0,0.0,1041.6700934720247,delay
8,1000,0.25,complete,exponential,10.0,1.0,0.0,0.0,0.0,53,9993,49925028,48201513,1723515,0.9654779362367107,0.03452206376328923,28802,1694713,0.9832888022442509,0.01671119775574915,0.9660352468340992,1.0,0.0,1.0,1.0,1.0,1993,8,64,79944,639552,15944,127552,8.0,7.880516361453017,94.5661963374362,85120,1124424,0.05508563399780542,0.038606792000791756,123.291,124.15566666666666,274.1166666666667,143.258,144.77766666666668,552.6613333333333,6007,1993,1993,0,0,0,0,0.0,1095.8722654687645,delay
8,1000,0.25,complete,exponential,10.0,1.0,0.0,0.0,0.0,54,9962,49615741,47912826,1702915,0.9656779287041183,0.03432207129588168,28505,1674410,0.983261055308104,0.016738944691895956,0.9662330443261649,1.0,0.0,1.0,1.0,1.0,1962,8,64,79696,637568,15696,125568,8.0,7.826741618148966,93.9208994177876,85120,1121200,0.08851485400009551,0.03763461199923768,125.084,123.698,270.727,145.41566666666668,145.42233333333334,573.2166666666667,6038,1962,1962,0,0,0,0,0.0,1042.188744181115,delay
8,1000,0.25,complete,exponential,10.0,1.0,0.0,0.0,0.0,55,10060,50596770,48874862,1721908,0.9659680252316502,0.034031974768349835,28808,1693100,0.9832697217272932,0.01673027827270679,0.9665183263664057,1.0,0.0,1.0,1.0,1.0,2060,8,64,80480,643840,16480,131840,8.0,7.878528827037774,94.54234592445329,85120,1131392,0.09080042300047353,0.03898940900035086,126.22966666666666,121.56766666666667,271.612,139.421,140.256,560.9736666666666,5940,2060,2060,0,0,0,0,0.0,1051.9322395543188,delay
8,1000,0.25,complete,exponential,10.0,1.0,0.0,0.0,0.0,56,10007,50065021,48357057,1707964,0.9658850837194296,0.03411491628057042,29169,1678795,0.9829217711848728,0.01707822881512725,0.9664481580127785,1.0,0.0,1.0,1.0,1.0,2007,8,64,80056,640448,16056,128448,8.0,7.850004996502448,94.20005995802937,85120,1125880,0.05581689399696188,0.07541754100020626,124.37933333333334,120.519,274.66066666666666,139.45466666666667,145.09833333333333,550.6976666666667,5993,2007,2007,0,0,0,0,0.0,1038.8029395656567,delay
8,1000,0.25,complete,exponential,10.0,1.0,0.0,0.0,0.0,57,9982,49815171,48138285,1676886,0.9663378451516306,0.03366215484836939,29145,1647741,0.9826195698455351,0.017380430154464884,0.9669035443801037,1.0,0.0,1.0,1.0,1.0,1982,8,64,79856,638848,15856,126848,8.0,7.867862151873372,94.41434582248047,85120,1123280,0.05563930100106518,0.07474749700122629,124.04233333333333,121.11666666666666,266.60566666666665,143.91966666666667,146.97866666666667,553.6133333333333,6018,1982,1982,0,0,0,0,0.0,1077.8826571726358,delay
8,1000,0.25,complete,exponential,10.0,1.0,0.0,0.0,0.0,58,10027,50265351,48546871,1718480,0.9658118372634064,0.03418816273659364,28034,1690446,0.9836867464270751,0.01631325357292491,0.9663507905885977,1.0,0.0,1.0,1.0,1.0,2027,8,64,80216,641728,16216,129728,8.0,7.876533359928194,94.51840031913832,85120,1127960,0.056532334001531126,0.07676797000021907,120.87966666666667,123.74166666666666,263.49666666666667,143.72266666666667,144.79766666666666,559.8816666666667,5973,2027,2027,0,0,0,0,0.0,1090.4486901332448,delay
8,1000,0.25,complete,exponential,10.0,1.0,0.0,0.0,0.0,59,9990,49895055,48220534,1674521,0.9664391391090761,0.03356086089092396,29029,1645492,0.9826642962375509,0.017335703762449084,0.9670017418271911,1.0,0.0,1.0,1.0,1.0,1990,8,64,79920,639360,15920,127360,8.0,7.876676676676676,94.52012012012011,85120,1124112,0.05511830600153189,0.038010345997463446,115.10233333333333,116.67866666666667,267.334,138.35933333333332,142.07233333333335,557.0963333333333,6010,1990,1990,0,0,0,0,0.0,1051.5995411720198,delay
8,1000,0.25,complete,exponential,10.0,1.0,0.0,0.0,0.0,60,9952,49516176,47756162,1760014,0.9644557770373867,0.03554422296261327,29255,1730759,0.9833779731297592,0.016622026870240805,0.9650259307908852,1.0,0.0,1.0,1.0,1.0,1952,8,64,79616,636928,15616,124928,8.0,7.86314308681672,94.35771704180064,85120,1120160,0.060803811000369024,0.04169552599705639,119.654,120.01466666666667,263.1293333333333,135.20333333333335,140.59,537.7366666666667,6048,1952,1952,0,0,0,0,0.0,1040.7167653097613,delay
8,1000,0.25,complete,exponential,10.0,1.0,0.0,0.0,0.0,61,10026,50255325,48593944,1661381,0.9669411947888109,0.03305880521118906,28448,1632933,0.9828768957872999,0.017123104212700156,0.9674888605954935,1.0,0.0,1.0,1.0,1.0,2026,8,64,80208,641664,16208,129664,8.0,7.854079393576701,94.24895272292041,85120,1127856,0.09002329699796974,0.03789919699920574,124.46966666666667,121.93833333333333,278.22433333333333,139.44766666666666,141.682,545.655,5974,2026,2026,0,0,0,0,0.0,1062.6987329954075,delay
8,1000,0.25,complete,exponential,10.0,1.0,0.0,0.0,0.0,62,9979,49785231,48043938,1741293,0.9650239043783888,0.03497609562161116,29994,1711299,0.9827748690197456,0.017225130980254327,0.9656056507177325,1.0,0.0,1.0,1.0,1.0,1979,8,64,79832,638656,15832,126656,8.0,7.875338210241507,94.50405852289808,85120,1122968,0.08967364199997974,0.03815338300046278,122.00166666666667,125.191,272.293,142.38666666666666,142.68033333333332,548.9176666666667,6021,1979,1979,0,0,0,0,0.0,1085.7861982470224,delay
8,1000,0.25,complete,exponential,10.0,1.0,0.0,0.0,0.0,63,9975,49745325,48010104,1735221,0.9651179080647276,0.03488209193527231,28741,1706480,0.983436691925697,0.016563308074302927,0.9656758396755497,1.0,0.0,1.0,1.0,1.0,1975,8,64,79800,638400,15800,126400,8.0,7.844711779448621,94.13654135338345,85120,1122552,0.05577494499812019,0.0745639230008237,119.59733333333334,120.21833333333333,273.452,140.403,139.71166666666667,555.8073333333333,6025,1975,1975,0,0,0,0,0.0,1042.684391732074,delay
8,1000,0.25,complete,exponential,10.0,1.0,0.0,0.0,0.0,64,9986,49855105,48138425,1716680,0.9655666154950431,0.034433384504956914,28667,1688013,0.983300906400727,0.016699093599273015,0.9661221418235837,1.0,0.0,1.0,1.0,1.0,1986,8,64,79888,639104,15888,127104,8.0,7.873623072301221,94.48347686761466,85120,1123696,0.05514801200115471,0.07448534599825507,121.808,123.80833333333334,270.877,144.35366666666667,142.634,554.2776666666666,6014,1986,1986,0,0,0,0,0.0,1108.9405952238092,delay
8,1000,0.25,complete,exponential,10.0,1.0,0.0,0.0,0.0,65,10037,50365666,48648539,1717127,0.9659067945214901,0.03409320547850991,28215,1688912,0.9835684838686947,0.016431516131305373,0.9664482017573754,1.0,0.0,1.0,1.0,1.0,2037,8,64,80296,642368,16296,130368,8.0,7.88243499053502,94.58921988642024,85120,1129000,0.05580033299702336,0.07692061499983538,123.42433333333334,120.38233333333334,269.585,139.41433333333333,141.12766666666667,551.6626666666667,5963,2037,2037,0,0,0,0,0.0,1093.619168994837,delay
8,1000,0.25,complete,exponential,10.0,1.0,0.0,0.0,0.0,66,10092,50919186,49224950,1694236,0.9667269622102758,0.03327303778972429,29104,1665132,0.982821755646793,0.01717824435320699,0.967279832640081,1.0,0.0,1.0,1.0,1.0,2092,8,64,80736,645888,16736,133888,8.0,7.87970669837495,94.55648038049941,85120,1134720,0.0571124489979411,0.03956857299999683,123.39766666666667,118.69533333333334,265.90133333333335,138.496,139.51133333333334,548.6273333333334,5908,2092,2092,0,0,0,0,0.0,1043.6821368327255,delay
8,1000,0.25,complete,exponential,10.0,1.0,0.0,0.0,0.0,67,10074,50737701,49039377,1698324,0.9665273757673806,0.03347262423261945,28896,1669428,0.9829855787234945,0.017014421276505542,0.9670781435295113,1.0,0.0,1.0,1.0,1.0,2074,8,64,80592,644736,16592,132736,8.0,7.835417907484614,94.02501488981537,85120,1132848,0.055934513999090996,0.03888207699856139,125.385,122.78333333333333,282.833,141.31466666666665,142.36666666666667,551.9333333333333,5926,2074,2074,0,0,0,0,0.0,1079.937951610893,delay
8,1000,0.25,complete,exponential,10.0,1.0,0.0,0.0,0.0,68,9958,49575903,47847023,1728880,0.9651266059641919,0.03487339403580808,28931,1699949,0.9832660450696404,0.016733954930359538,0.9656901535779018,1.0,0.0,1.0,1.0,1.0,1958,8,64,79664,637312,15664,125312,8.0,7.843743723639285,94.12492468367142,85120,1120784,0.08866879100241931,0.03692074499849696,125.69533333333334,123.73166666666667,286.64,144.82133333333334,146.40766666666667,557.6273333333334,6042,1958,1958,0,0,0,0,0.0,1054.2766448732182,delay
8,1000,0.25,complete,exponential,10.0,1.0,0.0,0.0,0.0,69,10030,50295435,48588179,1707256,0.966055448173378,0.03394455182662204,29149,1678107,0.982926403538778,0.017073596461221984,0.9666156556702836,1.0,0.0,1.0,1.0,1.0,2030,8,64,80240,641920,16240,129920,8.0,7.809371884346959,93.7124626121635,85120,1128272,0.0912884760000452,0.03802886999983457,120.943,122.74633333333334,285.448,143.08766666666668,143.816,541.9646666666666,5970,2030,2030,0,0,0,0,0.0,1048.2388627674961,delay
8,1000,0.25,complete,exponential,10.0,1.0,0.0,0.0,0.0,70,9960,49595820,47864476,1731344,0.9650909290339388,0.03490907096606125,28976,1702368,0.9832638689942611,0.016736131005738893,0.9656551060624315,1.0,0.0,1.0,1.0,1.0,1960,8,64,79680,637440,15680,125440,8.0,7.870582329317269,94.44698795180723,85120,1120992,0.05493609399854904,0.07381617300052312,121.738,126.06266666666667,274.05,140.18933333333334,141.04433333333333,560.7833333333333,6040,1960,1960,0,0,0,0,0.0,1072.6083421349413,delay
8,1000,0.25,complete,exponential,10.0,1.0,0.0,0.0,0.0,71,10039,50385741,48670009,1715732,0.965948064552628,0.03405193544737191,29049,1686683,0.9830690340915714,0.01693096590842859,0.9665052859310139,1.0,0.0,1.0,1.0,1.0,2039,8,64,80312,642496,16312,130496,8.0,7.851479230999104,94.21775077198924,85120,1129208,0.05937384299977566,0.0806536749987572,128.337,124.907,275.7196666666667,144.89466666666667,143.562,567.89,5961,2039,2039,0,0,0,0,0.0,1041.269914221877,delay
8,1000,0.25,complete,exponential,50.0,1.0,0.0,0.0,0.0,42,10005,50045010,46711442,3333568,0.9333886035790582,0.06661139642094187,31729,3301839,0.9904819700693072,0.00951802993069288,0.9339807560315829,1.0,0.0,1.0,1.0,1.0,2005,8,64,80040,640320,16040,128320,8.0,7.731034482758621,92.77241379310345,85120,1125672,0.05755499800216057,0.07838122899920563,120.332,121.217,276.67133333333334,142.894,142.03266666666667,558.7626666666666,5995,2005,2005,0,0,0,0,0.0,1222.3362600947871,delay
8,1000,0.25,complete,exponential,50.0,1.0,0.0,0.0,0.0,43,9994,49935021,46611775,3323246,0.9334485911200477,0.06655140887995221,31340,3291906,0.9905694613037975,0.009430538696202449,0.9340348059695236,1.0,0.0,1.0,1.0,1.0,1994,8,64,79952,639616,15952,127616,8.0,7.7497498499099455,92.99699819891934,85120,1124528,0.05595966100008809,0.038838956999825314,115.41933333333333,115.17566666666667,274.13966666666664,136.94966666666667,137.858,535.519,6006,1994,1994,0,0,0,0,0.0,1223.4561372967835,delay
8,1000,0.25,complete,exponential,50.0,1.0,0.0,0.0,0.0,44,10027,50265351,47042437,3222914,0.9358819955320714,0.06411800446792862,31423,3191491,0.9902501276794851,0.009749872320514913,0.9364674209828863,1.0,0.0,1.0,1.0,1.0,2027,8,64,80216,641728,16216,129728,8.0,7.746983145507131,92.96379774608558,85120,1127960,0.056312079999770503,0.03798459699828527,124.37633333333333,127.018,271.23766666666666,143.278,143.28833333333333,559.2203333333333,5973,2027,2027,0,0,0,0,0.0,1246.0460619451028,delay
8,1000,0.25,complete,exponential,50.0,1.0,0.0,0.0,0.0,45,10017,50165136,46846897,3318239,0.9338536827648588,0.06614631723514115,31443,3286796,0.9905241906927138,0.009475809307286184,0.9344393799196081,1.0,0.0,1.0,1.0,1.0,2017,8,64,80136,641088,16136,129088,8.0,7.7763801537386446,93.31656184486374,85120,1126920,0.09094401000038488,0.039692193997325376,126.86433333333333,127.43533333333333,270.69033333333334,140.00533333333334,141.144,546.5833333333334,5983,2017,2017,0,0,0,0,0.0,1410.4294469397437,delay
8,1000,0.25,complete,exponential,50.0,1.0,0.0,0.0,0.0,46,9975,49745325,46434691,3310634,0.9334483391152837,0.0665516608847163,31211,3279423,0.9905725006146859,0.009427499385314113,0.9340343669807734,1.0,0.0,1.0,1.0,1.0,1975,8,64,79800,638400,15800,126400,8.0,7.732431077694236,92.78917293233083,85120,1122552,0.09165219699934823,0.037621065999701386,121.935,131.359,284.61966666666666,141.14766666666668,142.97766666666666,559.778,6025,1975,1975,0,0,0,0,0.0,1222.3512912200974,delay
8,1000,0.25,complete,exponential,50.0,1.0,0.0,0.0,0.0,47,10031,50305465,46967890,3337575,0.9336538286645397,0.06634617133546027,31680,3305895,0.9905080784701468,0.009491921529853262,0.9342421701489155,1.0,0.0,1.0,1.0,1.0,2031,8,64,80248,641984,16248,129984,8.0,7.738012162296879,92.85614594756255,85120,1128376,0.05729341799815302,0.0755691439990187,124.69,122.24566666666666,266.459,140.533,141.39133333333334,554.348,5969,2031,2031,0,0,0,0,0.0,1332.6730001636147,delay
8,1000,0.25,complete,exponential,50.0,1.0,0.0,0.0,0.0,48,10006,50055015,46656937,3398078,0.932113135916551,0.06788686408344898,31571,3366507,0.9907091597073404,0.009290840292659556,0.9327014149605533,1.0,0.0,1.0,1.0,1.0,2006,8,64,80048,640384,16048,128384,8.0,7.761543074155506,93.13851688986608,85120,1125776,0.056782400999509264,0.07608561099914368,123.17366666666666,121.748,277.8233333333333,139.588,140.62666666666667,557.9613333333333,5994,2006,2006,0,0,0,0,0.0,1242.0406362268218,delay
8,1000,0.25,complete,exponential,50.0,1.0,0.0,0.0,0.0,49,10048,50476128,47074611,3401517,0.932611372251057,0.06738862774894303,31084,3370433,0.9908617243424037,0.009138275657596302,0.9331860430134623,1.0,0.0,1.0,1.0,1.0,2048,8,64,80384,643072,16384,131072,8.0,7.753184713375796,93.03821656050955,85120,1130144,0.05750807900039945,0.0772638980015472,122.64966666666666,127.81266666666667,268.8833333333333,141.02733333333333,142.213,556.1146666666667,5952,2048,2048,0,0,0,0,0.0,1249.0310313691998,delay
8,1000,0.25,complete,exponential,50.0,1.0,0.0,0.0,0.0,50,9994,49935021,46696164,3238857,0.9351385673793949,0.06486143262060509,31354,3207503,0.99031942441423,0.009680575585769919,0.9357261060595006,1.0,0.0,1.0,1.0,1.0,1994,8,64,79952,639616,15952,127616,8.0,7.788573143886332,93.46287772663598,85120,1124528,0.056140810000215424,0.038986142000794644,114.47766666666666,116.08066666666667,276.49766666666665,135.46033333333332,135.96133333333333,535.409,6006,1994,1994,0,0,0,0,0.0,1244.4934074327084,delay
8,1000,0.25,complete,exponential,50.0,1.0,0.0,0.0,0.0,51,9989,49885066,46559968,3325098,0.9333448210733047,0.06665517892669522,31384,3293714,0.9905614811954414,0.009438518804558543,0.9339323823664619,1.0,0.0,1.0,1.0,1.0,1989,8,64,79912,639296,15912,127296,8.0,7.770147161878066,93.2417659425368,85120,1124008,0.05628935799904866,0.03727253299803124,126.026,123.21733333333333,283.257,144.898,144.87766666666667,560.2256666666667,6011,1989,1989,0,0,0,0,0.0,1300.0912909653919,delay
8,1000,0.25,complete,exponential,50.0,1.0,0.0,0.0,0.0,52,9951,49506225,46106171,3400054,0.9313206773491617,0.06867932265083836,30788,3369266,0.990944849699446,0.00905515030055405,0.931900227581618,1.0,0.0,1.0,1.0,1.0,1951,8,64,79608,636864,15608,124864,8.0,7.70937594211637,92.51251130539644,85120,1120056,0.09331522900174605,0.03906542000186164,129.70966666666666,129.30533333333332,303.91566666666665,148.017,147.70966666666666,586.4913333333334,6049,1951,1951,0,0,0,0,0.0,1201.6410257880946,delay
8,1000,0.25,complete,exponential,50.0,1.0,0.0,0.0,0.0,53,9993,49925028,46550829,3374199,0.9324146798675806,0.06758532013241936,31458,3342741,0.9906768984283381,0.009323101571661897,0.9330025692689459,1.0,0.0,1.0,1.0,1.0,1993,8,64,79944,639552,15944,127552,8.0,7.747823476433504,92.97388171720205,85120,1124424,0.09727303899853723,0.0374007239988714,122.83333333333333,123.578,283.3503333333333,139.48466666666667,140.483,562.1926666666667,6007,1993,1993,0,0,0,0,0.0,1333.6792668060248,delay
8,1000,0.25,complete,exponential,50.0,1.0,0.0,0.0,0.0,54,9962,49615741,46323939,3291802,0.9336540796599209,0.06634592034007918,30544,3261258,0.9907211916148055,0.009278808385194492,0.9342292015094746,1.0,0.0,1.0,1.0,1.0,1962,8,64,79696,637568,15696,125568,8.0,7.7229471993575585,92.6753663922907,85120,1121200,0.056517804998293286,0.07550537399947643,121.14033333333333,123.35433333333333,272.677,150.13433333333333,150.98933333333332,556.5986666666666,6038,1962,1962,0,0,0,0,0.0,1195.4691534517767,delay
8,1000,0.25,complete,exponential,50.0,1.0,0.0,0.0,0.0,55,10060,50596770,47169863,3426907,0.932270241756539,0.067729758243461,31230,3395677,0.9908868259337064,0.009113174066293599,0.932846025178412,1.0,0.0,1.0,1.0,1.0,2060,8,64,80480,643840,16480,131840,8.0,7.7964214711729625,93.55705765407555,85120,1131392,0.056621199000801425,0.07611968499986688,120.55233333333334,121.86166666666666,271.57533333333333,139.05033333333333,140.03533333333334,567.055,5940,2060,2060,0,0,0,0,0.0,1248.0830648045417,delay
8,1000,0.25,complete,exponential,50.0,1.0,0.0,0.0,0.0,56,10007,50065021,46763457,3301564,0.9340544768771794,0.06594552312282062,30509,3271055,0.9907592280507057,0.009240771949294334,0.9346240251129061,1.0,0.0,1.0,1.0,1.0,2007,8,64,80056,640448,16056,128448,8.0,7.757569701209154,93.09083641450985,85120,1125880,0.05681771699892124,0.07783809299871791,121.75766666666667,121.31733333333334,274.8346666666667,141.976,142.931,558.3083333333333,5993,2007,2007,0,0,0,0,0.0,1202.8306922041802,delay
8,1000,0.25,complete,exponential,50.0,1.0,0.0,0.0,0.0,57,9982,49815171,46591260,3223911,0.9352825467566899,0.06471745324331016,31685,3192226,0.9901718750920854,0.009828124907914642,0.9358778129759736,1.0,0.0,1.0,1.0,1.0,1982,8,64,79856,638848,15856,126848,8.0,7.767381286315367,93.20857543578441,85120,1123280,0.056492689000151586,0.038577375999011565,117.47333333333333,116.271,275.439,138.95366666666666,143.068,540.926,6018,1982,1982,0,0,0,0,0.0,1284.7682336274038,delay
8,1000,0.25,complete,exponential,50.0,1.0,0.0,0.0,0.0,58,10027,50265351,46946050,3319301,0.9339644320796646,0.06603556792033542,29821,3289480,0.9910158795481337,0.008984120451866221,0.9345188554793789,1.0,0.0,1.0,1.0,1.0,2027,8,64,80216,641728,16216,129728,8.0,7.75964894784083,93.11578737408996,85120,1127960,0.056739741001365473,0.0392257610001252,126.20966666666666,121.43733333333333,286.934,142.87066666666666,143.69566666666665,545.745,5973,2027,2027,0,0,0,0,0.0,1326.0812175213132,delay
8,1000,0.25,complete,exponential,50.0,1.0,0.0,0.0,0.0,59,9990,49895055,46631947,3263108,0.9346005731429697,0.06539942685703022,31085,3232023,0.9904738059543233,0.009526194045676699,0.9351831994123212,1.0,0.0,1.0,1.0,1.0,1990,8,64,79920,639360,15920,127360,8.0,7.74974974974975,92.996996996997,85120,1124112,0.09096020000288263,0.03794428100081859,123.164,122.406,268.329,144.43366666666665,143.83266666666665,548.5133333333333,6010,1990,1990,0,0,0,0,0.0,1217.3019229096049,delay
8,1000,0.25,complete,exponential,50.0,1.0,0.0,0.0,0.0,60,9952,49516176,46024670,3491506,0.9294875678606522,0.07051243213934776,31451,3460055,0.9909921392086968,0.009007860791303238,0.9300783221489055,1.0,0.0,1.0,1.0,1.0,1952,8,64,79616,636928,15616,124928,8.0,7.74407154340836,92.92885852090032,85120,1120160,0.0914102520000597,0.038700237000739435,125.662,121.003,277.022,140.27933333333334,142.54,552.6013333333333,6048,1952,1952,0,0,0,0,0.0,1309.4103357182746,delay
8,1000,0.25,complete,exponential,50.0,1.0,0.0,0.0,0.0,61,10026,50255325,47068470,3186855,0.9365867199147553,0.0634132800852447,30483,3156372,0.9904347703299962,0.009565229670003813,0.9371551631760235,1.0,0.0,1.0,1.0,1.0,2026,8,64,80208,641664,16208,129664,8.0,7.76590863754239,93.19090365050869,85120,1127856,0.0580108799986192,0.07579054899906623,120.02133333333333,121.297,273.6256666666667,140.934,143.40833333333333,557.22,5974,2026,2026,0,0,0,0,0.0,1377.0410503066055,delay
8,1000,0.25,complete,exponential,50.0,1.0,0.0,0.0,0.0,62,9979,49785231,46360025,3425206,0.9312003593997585,0.06879964060024146,31851,3393355,0.9907009972538878,0.009299002746112204,0.9317964930221826,1.0,0.0,1.0,1.0,1.0,1979,8,64,79832,638656,15832,126656,8.0,7.775328189197315,93.30393827036778,85120,1122968,0.055894288001582026,0.07427834700138192,124.55333333333333,124.92366666666666,276.16366666666664,145.20866666666666,146.54433333333333,555.273,6021,1979,1979,0,0,0,0,0.0,1321.5685404928397,delay
8,1000,0.25,complete,exponential,50.0,1.0,0.0,0.0,0.0,63,9975,49745325,46310840,3434485,0.930958637821745,0.06904136217825495,31269,3403216,0.9908955782307973,0.009104421769202661,0.9315441894340707,1.0,0.0,1.0,1.0,1.0,1975,8,64,79800,638400,15800,126400,8.0,7.687418546365914,92.24902255639097,85120,1122552,0.05648334100260399,0.08147580299919355,126.11266666666667,119.504,266.9166666666667,140.48966666666666,141.154,552.2206666666667,6025,1975,1975,0,0,0,0,0.0,1362.4735186950686,delay
8,1000,0.25,complete,exponential,50.0,1.0,0.0,0.0,0.0,64,9986,49855105,46489755,3365350,0.932497384169585,0.06750261583041496,31318,3334032,0.9906939842809812,0.009306015719018824,0.9330835289577647,1.0,0.0,1.0,1.0,1.0,1986,8,64,79888,639104,15888,127104,8.0,7.716903665131183,92.6028439815742,85120,1123696,0.06348058100047638,0.040132418002031045,113.97,116.752,279.83733333333333,137.25366666666667,141.53833333333333,550.5643333333334,6014,1986,1986,0,0,0,0,0.0,1343.9120144253047,delay
8,1000,0.25,complete,exponential,50.0,1.0,0.0,0.0,0.0,65,10037,50365666,46954992,3410674,0.9322817651215016,0.06771823487849837,30683,3379991,0.9910038309143588,0.008996169085641137,0.9328500617552608,1.0,0.0,1.0,1.0,1.0,2037,8,64,80296,642368,16296,130368,8.0,7.800338746637442,93.60406495964929,85120,1129000,0.05752397899777861,0.03921841600094922,119.65733333333333,124.51633333333334,271.37466666666666,143.67233333333334,142.71066666666667,567.3956666666667,5963,2037,2037,0,0,0,0,0.0,1202.7482658797005,delay
8,1000,0.25,complete,exponential,50.0,1.0,0.0,0.0,0.0,66,10092,50919186,47638765,3280421,0.9355759339907751,0.06442406600922489,31365,3249056,0.990438727224341,0.009561272775658977,0.936152581577427,1.0,0.0,1.0,1.0,1.0,2092,8,64,80736,645888,16736,133888,8.0,7.760602457391994,93.12722948870393,85120,1134720,0.09303256900238921,0.03806413500205963,125.692,122.05533333333334,278.29766666666666,142.22633333333334,144.771,563.5683333333334,5908,2092,2092,0,0,0,0,0.0,1241.3159589470488,delay
8,1000,0.25,complete,exponential,50.0,1.0,0.0,0.0,0.0,67,10074,50737701,47546195,3191506,0.9370979382767067,0.0629020617232933,31701,3159805,0.9900670717836658,0.009932928216334232,0.9376838046779474,1.0,0.0,1.0,1.0,1.0,2074,8,64,80592,644736,16592,132736,8.0,7.712328767123288,92.54794520547945,85120,1132848,0.09225621600126033,0.0389687690003484,121.87166666666667,122.19533333333334,281.39,144.474,143.579,555.627,5926,2074,2074,0,0,0,0,0.0,1233.1280379769912,delay
8,1000,0.25,complete,exponential,50.0,1.0,0.0,0.0,0.0,68,9958,49575903,46257531,3318372,0.9330648198178054,0.06693518018219456,31102,3287270,0.9906273317156726,0.009372668284327375,0.93365055598871,1.0,0.0,1.0,1.0,1.0,1958,8,64,79664,637312,15664,125312,8.0,7.715906808596103,92.59088170315324,85120,1120784,0.05704574300034437,0.0738000519995694,122.12866666666666,125.051,281.71733333333333,141.64866666666666,144.10633333333334,557.0463333333333,6042,1958,1958,0,0,0,0,0.0,1179.7718922263532,delay
8,1000,0.25,complete,exponential,50.0,1.0,0.0,0.0,0.0,69,10030,50295435,47006463,3288972,0.934606947926785,0.065393052073215,31606,3257366,0.9903903104070207,0.009609689592979205,0.9351946307154594,1.0,0.0,1.0,1.0,1.0,2030,8,64,80240,641920,16240,129920,8.0,7.709371884346959,92.51246261216352,85120,1128272,0.05702212899996084,0.07663641199906124,123.46433333333333,121.69766666666666,277.386,141.849,141.86866666666666,555.9776666666667,5970,2030,2030,0,0,0,0,0.0,1222.65279611883,delay
8,1000,0.25,complete,exponential,50.0,1.0,0.0,0.0,0.0,70,9960,49595820,46228513,3367307,0.9321050241734081,0.06789497582659183,31313,3335994,0.9907008775855602,0.009299122414439788,0.9326938932329136,1.0,0.0,1.0,1.0,1.0,1960,8,64,79680,637440,15680,125440,8.0,7.78855421686747,93.46265060240964,85120,1120992,0.05695384099817602,0.07474972899944987,117.05233333333334,117.52666666666667,273.1446666666667,140.93366666666665,141.49133333333333,556.118,6040,1960,1960,0,0,0,0,0.0,1306.1568840401987,delay
8,1000,0.25,complete,exponential,50.0,1.0,0.0,0.0,0.0,71,10039,50385741,47042520,3343221,0.9336474777655845,0.06635252223441548,31081,3312140,0.9907032768698211,0.00929672313017895,0.934223763997215,1.0,0.0,1.0,1.0,1.0,2039,8,64,80312,642496,16312,130496,8.0,7.7255702759238964,92.70684331108676,85120,1129208,0.05710792999889236,0.08072969500062754,120.80633333333333,120.676,286.1123333333333,140.937,139.34066666666666,545.5246666666667,5961,2039,2039,0,0,0,0,0.0,1239.9782120322466,delay
