# generated by causality-bench, do not edit by hand
# generated: 2026-09-12 12:42:17 UTC
# source: experiments/run_failure.py
# machine: AMD Ryzen 7 4700U with Radeon Graphics, 8 cores, 15 GiB, Linux 6.8.0-138-generic, Python 3.12.3
# rows: 480
nodes,events_per_node,message_probability,topology,delay_distribution,mean_delay,mean_interarrival,loss_probability,failure_probability,mean_failure_duration,seed,events,total_pairs,ordered_pairs,concurrent_pairs,causal_density,concurrency_ratio,lamport_tied_pairs,lamport_false_orderings,lamport_false_ordering_rate,lamport_concurrency_recall,lamport_order_precision,lamport_causal_recall,vector_false_ordering_rate,vector_concurrency_recall,vector_order_precision,vector_causal_recall,messages,lamport_timestamp_bytes,vector_timestamp_bytes,lamport_event_metadata_bytes,vector_event_metadata_bytes,lamport_message_metadata_bytes,vector_message_metadata_bytes,metadata_amplification,mean_vector_nonzero_entries,sparse_vector_timestamp_bytes,measured_lamport_retained_bytes,measured_vector_retained_bytes,simulation_seconds,graph_build_seconds,lamport_tick_ns,lamport_send_ns,lamport_receive_ns,vector_tick_ns,vector_send_ns,vector_receive_ns,local_events,send_events,receive_events,messages_lost,messages_dropped_by_network,messages_dropped_by_failure,failures,total_downtime,final_logical_time,experiment
8,1000,0.25,complete,exponential,10.0,1.0,0.0,0.0,20.0,42,10005,50045010,48330069,1714941,0.9657320280283689,0.03426797197163114,29426,1685515,0.9828413922111606,0.017158607788839382,0.9663002035525567,1.0,0.0,1.0,1.0,1.0,2005,8,64,80040,640320,16040,128320,8.0,7.882258870564717,94.5871064467766,85120,1125672,0.06255697699816665,0.08083909899869468,127.02466666666666,124.386,293.13533333333334,143.74566666666666,147.633,571.7803333333334,5995,2005,2005,0,0,0,0,0.0,1047.964556799194,failure
8,1000,0.25,complete,exponential,10.0,1.0,0.0,0.0,20.0,43,9994,49935021,48240956,1694065,0.9660746112432795,0.03392538875672046,28745,1665320,0.9830319379716835,0.016968062028316504,0.9666310505716756,1.0,0.0,1.0,1.0,1.0,1994,8,64,79952,639616,15952,127616,8.0,7.874724834900941,94.49669801881129,85120,1124528,0.057250365000072634,0.038992287998553365,137.544,131.623,293.9603333333333,151.31333333333333,153.50733333333332,598.1163333333334,6006,1994,1994,0,0,0,0,0.0,1024.4845898336619,failure
8,1000,0.25,complete,exponential,10.0,1.0,0.0,0.0,20.0,44,10027,50265351,48604737,1660614,0.9669630477662436,0.03303695223375641,28840,1631774,0.9826329297476717,0.017367070252328354,0.9675181662197838,1.0,0.0,1.0,1.0,1.0,2027,8,64,80216,641728,16216,129728,8.0,7.855789368704498,94.26947242445397,85120,1127960,0.09009648699793615,0.03684516800058191,115.50633333333333,118.76233333333333,265.81766666666664,139.03366666666668,138.556,540.8993333333333,5973,2027,2027,0,0,0,0,0.0,1062.7292177634984,failure
8,1000,0.25,complete,exponential,10.0,1.0,0.0,0.0,20.0,45,10017,50165136,48445564,1719572,0.9657217713911909,0.034278228608809115,28513,1691059,0.9834185483364465,0.01658145166355349,0.9662709831892746,1.0,0.0,1.0,1.0,1.0,2017,8,64,80136,641088,16136,129088,8.0,7.871218927822701,94.4546271338724,85120,1126920,0.09088786900247214,0.035481226001138566,117.86733333333333,120.165,278.7853333333333,140.23266666666666,139.92866666666666,548.0993333333333,5983,2017,2017,0,0,0,0,0.0,1107.4687647353146,failure
8,1000,0.25,complete,exponential,10.0,1.0,0.0,0.0,20.0,46,9975,49745325,48044579,1700746,0.9658109380127681,0.03418906198723196,29166,1671580,0.9828510547724352,0.017148945227564844,0.9663775312972187,1.0,0.0,1.0,1.0,1.0,1975,8,64,79800,638400,15800,126400,8.0,7.845914786967419,94.15097744360902,85120,1122552,0.05456356499780668,0.07095072999800323,122.045,119.046,282.06766666666664,138.516,138.15533333333335,558.806,6025,1975,1975,0,0,0,0,0.0,1032.6780490219999,failure
8,1000,0.25,complete,exponential,10.0,1.0,0.0,0.0,20.0,47,10031,50305465,48610312,1695153,0.9663028062656811,0.033697193734318925,29659,1665494,0.9825036442138261,0.017496355786173874,0.9668728533163645,1.0,0.0,1.0,1.0,1.0,2031,8,64,80248,641984,16248,129984,8.0,7.871996809889343,94.46396171867212,85120,1128376,0.0605421660002321,0.07361220200255048,121.601,117.884,278.7416666666667,134.73566666666667,136.215,538.4076666666666,5969,2031,2031,0,0,0,0,0.0,1057.0059319605573,failure
8,1000,0.25,complete,exponential,10.0,1.0,0.0,0.0,20.0,48,10006,50055015,48331827,1723188,0.9655741187970875,0.034425881202912435,29020,1694168,0.9831591213494987,0.01684087865050128,0.9661342468050861,1.0,0.0,1.0,1.0,1.0,2006,8,64,80048,640384,16048,128384,8.0,7.866979812112732,94.40375774535279,85120,1125776,0.055983473001106177,0.0741966349996801,119.23,123.80166666666666,264.4316666666667,142.34633333333332,142.62033333333332,544.6193333333333,5994,2006,2006,0,0,0,0,0.0,1007.8330223989212,failure
8,1000,0.25,complete,exponential,10.0,1.0,0.0,0.0,20.0,49,10048,50476128,48762748,1713380,0.9660556372311283,0.03394436276887165,28964,1684416,0.9830954020707607,0.016904597929239283,0.9666102934943974,1.0,0.0,1.0,1.0,1.0,2048,8,64,80384,643072,16384,131072,8.0,7.889231687898089,94.67078025477707,85120,1130144,0.056008870000368915,0.03801091100103804,117.49966666666667,125.161,271.672,142.36666666666667,145.429,567.459,5952,2048,2048,0,0,0,0,0.0,1050.5649188682535,failure
8,1000,0.25,complete,exponential,10.0,1.0,0.0,0.0,20.0,50,9994,49935021,48271754,1663267,0.9666913727742299,0.03330862722577007,28578,1634689,0.982818152467403,0.01718184753259699,0.9672449306795918,1.0,0.0,1.0,1.0,1.0,1994,8,64,79952,639616,15952,127616,8.0,7.882829697818691,94.59395637382428,85120,1124528,0.05724553499749163,0.03632909299994935,121.69466666666666,124.45933333333333,281.29966666666667,140.73666666666668,142.28966666666668,553.91,6006,1994,1994,0,0,0,0,0.0,1067.3490344876834,failure
8,1000,0.25,complete,exponential,10.0,1.0,0.0,0.0,20.0,51,9989,49885066,48190158,1694908,0.9660237394493976,0.03397626055060246,29245,1665663,0.98274537615021,0.01725462384979008,0.9665904007477883,1.0,0.0,1.0,1.0,1.0,1989,8,64,79912,639296,15912,127296,8.0,7.891280408449294,94.69536490139153,85120,1124008,0.09095414300099947,0.03699314600089565,123.65166666666667,120.452,278.2676666666667,139.668,141.46466666666666,555.7536666666666,6011,1989,1989,0,0,0,0,0.0,1082.3835995008842,failure
8,1000,0.25,complete,exponential,10.0,1.0,0.0,0.0,20.0,52,9951,49506225,47747673,1758552,0.964478164109665,0.035521835890335,28373,1730179,0.9838657031466798,0.016134296853320233,0.9650312426659104,1.0,0.0,1.0,1.0,1.0,1951,8,64,79608,636864,15608,124864,8.0,7.864536227514822,94.37443473017787,85120,1120056,0.09214764700300293,0.03633127700231853,124.11233333333334,124.53666666666666,286.54633333333334,150.789,149.85733333333334,582.2633333333333,6049,1951,1951,0,0,0,0,0.0,1041.6700934720247,failure
8,1000,0.25,complete,exponential,10.0,1.0,0.0,0.0,20.0,53,9993,49925028,48201513,1723515,0.9654779362367107,0.03452206376328923,28802,1694713,0.9832888022442509,0.01671119775574915,0.9660352468340992,1.0,0.0,1.0,1.0,1.0,1993,8,64,79944,639552,15944,127552,8.0,7.880516361453017,94.5661963374362,85120,1124424,0.057866708000801736,0.07389886700184434,117.42333333333333,120.94333333333333,264.9626666666667,137.78466666666668,140.74,546.7233333333334,6007,1993,1993,0,0,0,0,0.0,1095.8722654687645,failure
8,1000,0.25,complete,exponential,10.0,1.0,0.0,0.0,20.0,54,9962,49615741,47912826,1702915,0.9656779287041183,0.03432207129588168,28505,1674410,0.983261055308104,0.016738944691895956,0.9662330443261649,1.0,0.0,1.0,1.0,1.0,1962,8,64,79696,637568,15696,125568,8.0,7.826741618148966,93.9208994177876,85120,1121200,0.05564737399981823,0.07349016300213407,119.39333333333333,120.679,262.71866666666665,138.182,139.95866666666666,546.5763333333333,6038,1962,1962,0,0,0,0,0.0,1042.188744181115,failure
8,1000,0.25,complete,exponential,10.0,1.0,0.0,0.0,20.0,55,10060,50596770,48874862,1721908,0.9659680252316502,0.034031974768349835,28808,1693100,0.9832697217272932,0.01673027827270679,0.9665183263664057,1.0,0.0,1.0,1.0,1.0,2060,8,64,80480,643840,16480,131840,8.0,7.878528827037774,94.54234592445329,85120,1131392,0.06625068099674536,0.07561179399999673,121.79133333333333,119.53033333333333,267.20033333333333,140.28933333333333,139.314,546.563,5940,2060,2060,0,0,0,0,0.0,1051.9322395543188,failure
8,1000,0.25,complete,exponential,10.0,1.0,0.0,0.0,20.0,56,10007,50065021,48357057,1707964,0.9658850837194296,0.03411491628057042,29169,1678795,0.9829217711848728,0.01707822881512725,0.9664481580127785,1.0,0.0,1.0,1.0,1.0,2007,8,64,80056,640448,16056,128448,8.0,7.850004996502448,94.20005995802937,85120,1125880,0.05554203600331675,0.036369077999552246,113.70966666666666,112.898,261.07866666666666,134.21466666666666,135.94766666666666,534.4903333333333,5993,2007,2007,0,0,0,0,0.0,1038.8029395656567,failure
8,1000,0.25,complete,exponential,10.0,1.0,0.0,0.0,20.0,57,9982,49815171,48138285,1676886,0.9663378451516306,0.03366215484836939,29145,1647741,0.9826195698455351,0.017380430154464884,0.9669035443801037,1.0,0.0,1.0,1.0,1.0,1982,8,64,79856,638848,15856,126848,8.0,7.867862151873372,94.41434582248047,85120,1123280,0.05466255999999703,0.03595831800339511,123.05033333333333,120.06133333333334,269.1836666666667,139.558,141.21766666666667,549.8793333333333,6018,1982,1982,0,0,0,0,0.0,1077.8826571726358,failure
8,1000,0.25,complete,exponential,10.0,1.0,0.0,0.0,20.0,58,10027,50265351,48546871,1718480,0.9658118372634064,0.03418816273659364,28034,1690446,0.9836867464270751,0.01631325357292491,0.9663507905885977,1.0,0.0,1.0,1.0,1.0,2027,8,64,80216,641728,16216,129728,8.0,7.876533359928194,94.51840031913832,85120,1127960,0.08957697500227368,0.03718120800112956,120.02133333333333,119.29666666666667,281.11266666666666,135.82433333333333,136.55566666666667,548.577,5973,2027,2027,0,0,0,0,0.0,1090.4486901332448,failure
8,1000,0.25,complete,exponential,10.0,1.0,0.0,0.0,20.0,59,9990,49895055,48220534,1674521,0.9664391391090761,0.03356086089092396,29029,1645492,0.9826642962375509,0.017335703762449084,0.9670017418271911,1.0,0.0,1.0,1.0,1.0,1990,8,64,79920,639360,15920,127360,8.0,7.876676676676676,94.52012012012011,85120,1124112,0.09091271500074072,0.0350847129993781,118.629,122.64966666666666,275.155,138.89666666666668,140.05566666666667,547.2746666666667,6010,1990,1990,0,0,0,0,0.0,1051.5995411720198,failure
8,1000,0.25,complete,exponential,10.0,1.0,0.0,0.0,20.0,60,9952,49516176,47756162,1760014,0.9644557770373867,0.03554422296261327,29255,1730759,0.9833779731297592,0.016622026870240805,0.9650259307908852,1.0,0.0,1.0,1.0,1.0,1952,8,64,79616,636928,15616,124928,8.0,7.86314308681672,94.35771704180064,85120,1120160,0.05536251100056688,0.07310911899912753,123.825,120.64566666666667,260.23066666666665,139.795,142.01933333333332,542.7793333333333,6048,1952,1952,0,0,0,0,0.0,1040.7167653097613,failure
8,1000,0.25,complete,exponential,10.0,1.0,0.0,0.0,20.0,61,10026,50255325,48593944,1661381,0.9669411947888109,0.03305880521118906,28448,1632933,0.9828768957872999,0.017123104212700156,0.9674888605954935,1.0,0.0,1.0,1.0,1.0,2026,8,64,80208,641664,16208,129664,8.0,7.854079393576701,94.24895272292041,85120,1127856,0.055169107999972766,0.07339270000011311,118.83566666666667,118.76566666666666,268.319,139.37766666666667,138.97666666666666,548.009,5974,2026,2026,0,0,0,0,0.0,1062.6987329954075,failure
8,1000,0.25,complete,exponential,10.0,1.0,0.0,0.0,20.0,62,9979,49785231,48043938,1741293,0.9650239043783888,0.03497609562161116,29994,1711299,0.9827748690197456,0.017225130980254327,0.9656056507177325,1.0,0.0,1.0,1.0,1.0,1979,8,64,79832,638656,15832,126656,8.0,7.875338210241507,94.50405852289808,85120,1122968,0.05512598700079252,0.07418765799957328,117.95433333333334,119.96466666666667,262.95866666666666,137.1,137.83166666666668,545.912,6021,1979,1979,0,0,0,0,0.0,1085.7861982470224,failure
8,1000,0.25,complete,exponential,10.0,1.0,0.0,0.0,20.0,63,9975,49745325,48010104,1735221,0.9651179080647276,0.03488209193527231,28741,1706480,0.983436691925697,0.016563308074302927,0.9656758396755497,1.0,0.0,1.0,1.0,1.0,1975,8,64,79800,638400,15800,126400,8.0,7.844711779448621,94.13654135338345,85120,1122552,0.05587479899986647,0.036271474997192854,118.56833333333333,115.897,259.6793333333333,134.96266666666668,136.589,536.631,6025,1975,1975,0,0,0,0,0.0,1042.684391732074,failure
8,1000,0.25,complete,exponential,10.0,1.0,0.0,0.0,20.0,64,9986,49855105,48138425,1716680,0.9655666154950431,0.034433384504956914,28667,1688013,0.983300906400727,0.016699093599273015,0.9661221418235837,1.0,0.0,1.0,1.0,1.0,1986,8,64,79888,639104,15888,127104,8.0,7.873623072301221,94.48347686761466,85120,1123696,0.05467122600020957,0.036122846002399456,117.45966666666666,117.48333333333333,281.86766666666665,139.845,138.40266666666668,551.2283333333334,6014,1986,1986,0,0,0,0,0.0,1108.9405952238092,failure
8,1000,0.25,complete,exponential,10.0,1.0,0.0,0.0,20.0,65,10037,50365666,48648539,1717127,0.9659067945214901,0.03409320547850991,28215,1688912,0.9835684838686947,0.016431516131305373,0.9664482017573754,1.0,0.0,1.0,1.0,1.0,2037,8,64,80296,642368,16296,130368,8.0,7.88243499053502,94.58921988642024,85120,1129000,0.08974359599960735,0.03650292800011812,121.89833333333333,121.47433333333333,272.393,144.64733333333334,142.57033333333334,560.5593333333334,5963,2037,2037,0,0,0,0,0.0,1093.619168994837,failure
8,1000,0.25,complete,exponential,10.0,1.0,0.0,0.0,20.0,66,10092,50919186,49224950,1694236,0.9667269622102758,0.03327303778972429,29104,1665132,0.982821755646793,0.01717824435320699,0.967279832640081,1.0,0.0,1.0,1.0,1.0,2092,8,64,80736,645888,16736,133888,8.0,7.87970669837495,94.55648038049941,85120,1134720,0.09208188299817266,0.037107268999534426,137.92466666666667,139.067,331.80133333333333,166.19766666666666,169.20333333333335,646.6503333333334,5908,2092,2092,0,0,0,0,0.0,1043.6821368327255,failure
8,1000,0.25,complete,exponential,10.0,1.0,0.0,0.0,20.0,67,10074,50737701,49039377,1698324,0.9665273757673806,0.03347262423261945,28896,1669428,0.9829855787234945,0.017014421276505542,0.9670781435295113,1.0,0.0,1.0,1.0,1.0,2074,8,64,80592,644736,16592,132736,8.0,7.835417907484614,94.02501488981537,85120,1132848,0.06183048700040672,0.07368272299936507,121.94833333333334,120.58233333333334,268.429,140.37633333333332,141.01066666666668,549.1276666666666,5926,2074,2074,0,0,0,0,0.0,1079.937951610893,failure
8,1000,0.25,complete,exponential,10.0,1.0,0.0,0.0,20.0,68,9958,49575903,47847023,1728880,0.9651266059641919,0.03487339403580808,28931,1699949,0.9832660450696404,0.016733954930359538,0.9656901535779018,1.0,0.0,1.0,1.0,1.0,1958,8,64,79664,637312,15664,125312,8.0,7.843743723639285,94.12492468367142,85120,1120784,0.05556599099872983,0.07284650699875783,120.25166666666667,116.33433333333333,267.237,139.42433333333332,142.13933333333333,542.6623333333333,6042,1958,1958,0,0,0,0,0.0,1054.2766448732182,failure
8,1000,0.25,complete,exponential,10.0,1.0,0.0,0.0,20.0,69,10030,50295435,48588179,1707256,0.966055448173378,0.03394455182662204,29149,1678107,0.982926403538778,0.017073596461221984,0.9666156556702836,1.0,0.0,1.0,1.0,1.0,2030,8,64,80240,641920,16240,129920,8.0,7.809371884346959,93.7124626121635,85120,1128272,0.055531807000079425,0.07530821500040474,120.09133333333334,122.182,274.68766666666664,141.16766666666666,141.58166666666668,544.9666666666667,5970,2030,2030,0,0,0,0,0.0,1048.2388627674961,failure
8,1000,0.25,complete,exponential,10.0,1.0,0.0,0.0,20.0,70,9960,49595820,47864476,1731344,0.9650909290339388,0.03490907096606125,28976,1702368,0.9832638689942611,0.016736131005738893,0.9656551060624315,1.0,0.0,1.0,1.0,1.0,1960,8,64,79680,637440,15680,125440,8.0,7.870582329317269,94.44698795180723,85120,1120992,0.05479838400060544,0.036381440000695875,114.10666666666667,114.38433333333333,271.9456666666667,139.67833333333334,140.827,544.4056666666667,6040,1960,1960,0,0,0,0,0.0,1072.6083421349413,failure
8,1000,0.25,complete,exponential,10.0,1.0,0.0,0.0,20.0,71,10039,50385741,48670009,1715732,0.965948064552628,0.03405193544737191,29049,1686683,0.9830690340915714,0.01693096590842859,0.9665052859310139,1.0,0.0,1.0,1.0,1.0,2039,8,64,80312,642496,16312,130496,8.0,7.851479230999104,94.21775077198924,85120,1129208,0.05546510199928889,0.03785054000036325,119.203,121.15666666666667,265.04633333333334,139.274,142.30966666666666,552.4206666666666,5961,2039,2039,0,0,0,0,0.0,1041.269914221877,failure
8,1000,0.25,complete,exponential,10.0,1.0,0.0,0.005,20.0,42,9799,48005301,46344689,1660612,0.9654077369497173,0.03459226305028272,26314,1634298,0.9841540347775398,0.015845965222460155,0.9659372133054831,1.0,0.0,1.0,1.0,1.0,2005,8,64,78392,627136,16040,128320,8.0,7.879783651392999,94.55740381671599,85120,1104248,0.0923186860018177,0.035086386000330094,121.21,117.12266666666666,268.00166666666667,137.711,138.85333333333332,551.3053333333334,5995,2005,1799,206,0,206,41,864.7293869923006,1244.5797996392305,failure
8,1000,0.25,complete,exponential,10.0,1.0,0.0,0.005,20.0,43,9860,48604870,46934545,1670325,0.9656346164489279,0.034365383551072146,27596,1642729,0.9834786643317918,0.016521335668208282,0.9661831785785262,1.0,0.0,1.0,1.0,1.0,1994,8,64,78880,631040,15952,127616,8.0,7.882860040567952,94.59432048681542,85120,1110592,0.09513826399779646,0.034965890998137183,123.06033333333333,120.195,280.26433333333335,141.02066666666667,142.914,547.8486666666666,6006,1994,1860,134,0,134,37,551.4797364164823,1178.22934467877,failure
8,1000,0.25,complete,exponential,10.0,1.0,0.0,0.005,20.0,44,9876,48762750,47151673,1611077,0.9669609076600478,0.033039092339952114,27140,1583937,0.9831541260908075,0.016845873909192424,0.9674993911023172,1.0,0.0,1.0,1.0,1.0,2027,8,64,79008,632064,16216,129728,8.0,7.844876468205752,94.13851761846902,85120,1112256,0.059793804997752886,0.0737000849985634,124.563,120.836,266.412,134.829,138.84333333333333,542.5923333333334,5973,2027,1876,151,0,151,37,650.2604628847618,1219.2850564035116,failure
8,1000,0.25,complete,exponential,10.0,1.0,0.0,0.005,20.0,45,9821,48221110,46565889,1655221,0.9656743488484608,0.03432565115153923,25568,1629653,0.9845531200969538,0.01544687990304618,0.9661866443996002,1.0,0.0,1.0,1.0,1.0,2017,8,64,78568,628544,16136,129088,8.0,7.835352815395581,94.02423378474697,85120,1106536,0.05902134899952216,0.07369209000171395,121.72466666666666,118.602,271.485,140.25233333333333,144.38366666666667,542.1513333333334,5983,2017,1821,196,0,196,42,849.8408891242656,1190.9960494604668,failure
8,1000,0.25,complete,exponential,10.0,1.0,0.0,0.005,20.0,46,9765,47672730,46036426,1636304,0.9656763101253064,0.034323689874693565,25871,1610433,0.9841893682347534,0.015810631765246556,0.9662006471402449,1.0,0.0,1.0,1.0,1.0,1975,8,64,78120,624960,15800,126400,8.0,7.842601126472094,94.11121351766513,85120,1100712,0.058129229000769556,0.07495801000186475,117.97733333333333,117.857,283.778,140.49633333333333,140.37266666666667,545.541,6025,1975,1765,210,0,210,48,1017.7494463528507,1242.2129120599234,failure
8,1000,0.25,complete,exponential,10.0,1.0,0.0,0.005,20.0,47,9814,48152391,46513977,1638414,0.9659743999005158,0.03402560009948415,25662,1612752,0.9843372920397409,0.015662707960259127,0.9664894740716744,1.0,0.0,1.0,1.0,1.0,2031,8,64,78512,628096,16248,129984,8.0,7.869166496841247,94.42999796209497,85120,1105808,0.05985711299945251,0.035319603000971256,111.29833333333333,110.31633333333333,266.69266666666664,133.236,136.20833333333334,530.1523333333333,5969,2031,1814,217,0,217,44,1056.5993244789215,1330.5635857614898,failure
8,1000,0.25,complete,exponential,10.0,1.0,0.0,0.005,20.0,48,9835,48358695,46707394,1651301,0.9658530694428376,0.03414693055716247,25590,1625711,0.98450312813957,0.015496871860430049,0.9663644411009804,1.0,0.0,1.0,1.0,1.0,2006,8,64,78680,629440,16048,128384,8.0,7.861921708185053,94.34306049822064,85120,1107992,0.0662449099982041,0.03958820300249499,120.51233333333333,122.50266666666667,268.643,141.114,141.04733333333334,553.9936666666666,5994,2006,1835,171,0,171,42,817.2263420738539,1254.8118367687268,failure
8,1000,0.25,complete,exponential,10.0,1.0,0.0,0.005,20.0,49,9820,48211290,46626314,1584976,0.9671243810319118,0.03287561896808818,24834,1560142,0.98433162394888,0.015668376051120016,0.9676228108578891,1.0,0.0,1.0,1.0,1.0,2048,8,64,78560,628480,16384,131072,8.0,7.880549898167006,94.56659877800408,85120,1106432,0.09460370300075738,0.0359226309992664,120.06133333333334,121.97166666666666,278.999,139.50133333333332,145.349,537.84,5952,2048,1820,228,0,228,50,1063.4162593237697,1343.4207603556047,failure
8,1000,0.25,complete,exponential,10.0,1.0,0.0,0.005,20.0,50,9840,48407880,46803545,1604335,0.9668579784944105,0.033142021505589585,26409,1577926,0.9835389740920693,0.0164610259079307,0.9673857374034783,1.0,0.0,1.0,1.0,1.0,1994,8,64,78720,629760,15952,127616,8.0,7.8880081300813005,94.65609756097561,85120,1108512,0.05948624899974675,0.07236621800257126,126.06266666666667,120.95633333333333,263.6533333333333,139.98866666666666,140.01533333333333,550.4536666666667,6006,1994,1840,154,0,154,39,791.5621095838728,1206.7998615900117,failure
8,1000,0.25,complete,exponential,10.0,1.0,0.0,0.005,20.0,51,9770,47721565,46088914,1632651,0.9657879828542923,0.0342120171457076,25139,1607512,0.9846023430604581,0.015397656939541886,0.9662970135330475,1.0,0.0,1.0,1.0,1.0,1989,8,64,78160,625280,15912,127296,8.0,7.886796315250768,94.64155578300921,85120,1101232,0.05908163100320962,0.0722154959985346,117.70033333333333,118.749,268.1483333333333,138.26866666666666,140.40266666666668,554.5746666666666,6011,1989,1770,219,0,219,41,949.2406070924997,1267.8942173090247,failure
8,1000,0.25,complete,exponential,10.0,1.0,0.0,0.005,20.0,52,9782,47838871,46161534,1677337,0.9649377804087391,0.03506221959126084,25429,1651908,0.9848396595317459,0.015160340468254143,0.9654509708796953,1.0,0.0,1.0,1.0,1.0,1951,8,64,78256,626048,15608,124864,8.0,7.862195869965242,94.3463504395829,85120,1102480,0.058908456998324255,0.07574207699872204,119.75733333333334,119.20633333333333,270.95733333333334,140.54666666666665,137.885,557.156,6049,1951,1782,169,0,169,38,811.5528725253102,1172.1835087354339,failure
8,1000,0.25,complete,exponential,10.0,1.0,0.0,0.005,20.0,53,9811,48122955,46478071,1644884,0.9658191397431849,0.03418086025681507,26088,1618796,0.9841399150335222,0.01586008496647788,0.9663430052522963,1.0,0.0,1.0,1.0,1.0,1993,8,64,78488,627904,15944,127552,8.0,7.854449087758638,94.25338905310366,85120,1105496,0.059703163999074604,0.03662129900112632,115.51966666666667,113.98,264.7556666666667,136.335,134.98266666666666,545.1736666666667,6007,1993,1811,182,0,182,44,811.7173510873954,1225.2873830383323,failure
8,1000,0.25,complete,exponential,10.0,1.0,0.0,0.005,20.0,54,9777,47789976,46164049,1625927,0.9659776560674564,0.03402234393254351,25591,1600336,0.984260670989534,0.01573932901046603,0.9664952034868658,1.0,0.0,1.0,1.0,1.0,1962,8,64,78216,625728,15696,125568,8.0,7.823463230029661,93.88155876035594,85120,1101960,0.05833644700032892,0.03589702300087083,121.50766666666667,120.81966666666666,276.3906666666667,137.898,139.321,534.6943333333334,6038,1962,1777,185,0,185,34,821.0073092459593,1235.7089275853452,failure
8,1000,0.25,complete,exponential,10.0,1.0,0.0,0.005,20.0,55,9809,48103336,46441448,1661888,0.9654517100435612,0.03454828995643878,25018,1636870,0.9849460372780837,0.015053962721916279,0.9659540918215983,1.0,0.0,1.0,1.0,1.0,2060,8,64,78472,627776,16480,131840,8.0,7.881741258028342,94.5808950963401,85120,1105288,0.09418816499965033,0.03565763499864261,123.91866666666667,120.60233333333333,271.18766666666664,139.71133333333333,141.27766666666668,541.6773333333333,5940,2060,1809,251,0,251,54,1063.2125061317258,1253.7465652533006,failure
8,1000,0.25,complete,exponential,10.0,1.0,0.0,0.005,20.0,56,9786,47878005,46261898,1616107,0.9662453145238612,0.03375468547613878,25619,1590488,0.9841477080416087,0.015852291958391367,0.9667626186915738,1.0,0.0,1.0,1.0,1.0,2007,8,64,78288,626304,16056,128448,8.0,7.851829143674637,94.22194972409565,85120,1102896,0.09578615599821205,0.035838514002534794,118.24133333333333,119.28333333333333,269.08033333333333,139.912,139.78166666666667,550.023,5993,2007,1786,221,0,221,39,863.7434495050129,1209.8429529582106,failure
8,1000,0.25,complete,exponential,10.0,1.0,0.0,0.005,20.0,57,9824,48250576,46632996,1617580,0.9664754261171928,0.03352457388280712,26578,1591002,0.9835692825084386,0.01643071749156147,0.967008085891178,1.0,0.0,1.0,1.0,1.0,1982,8,64,78592,628736,15856,126848,8.0,7.865431596091205,94.38517915309446,85120,1106848,0.05922222399749444,0.07361816100092256,119.97133333333333,119.724,263.8306666666667,143.61533333333333,145.16166666666666,548.854,6018,1982,1824,158,0,158,41,743.9769144654492,1170.5591270198406,failure
8,1000,0.25,complete,exponential,10.0,1.0,0.0,0.005,20.0,58,9811,48122955,46443881,1679074,0.9651086679943075,0.0348913320056925,24757,1654317,0.9852555634832056,0.014744436516794376,0.9656054266315757,1.0,0.0,1.0,1.0,1.0,2027,8,64,78488,627904,16216,129728,8.0,7.847925797574152,94.17510957088982,85120,1105496,0.06077361799907521,0.07435211499978323,120.99966666666667,121.49066666666667,265.02933333333334,141.13766666666666,143.33166666666668,549.7856666666667,5973,2027,1811,216,0,216,42,991.8521590114551,1320.4439364894267,failure
8,1000,0.25,complete,exponential,10.0,1.0,0.0,0.005,20.0,59,9859,48595011,46965822,1629189,0.96647415101933,0.033525848980670056,26395,1602794,0.9837986875678635,0.016201312432136482,0.966999389070506,1.0,0.0,1.0,1.0,1.0,1990,8,64,78872,630976,15920,127360,8.0,7.8760523379653105,94.51262805558372,85120,1110488,0.059175316000619205,0.037735925001470605,115.927,117.43666666666667,274.654,137.995,137.02333333333334,550.053,6010,1990,1859,131,0,131,36,700.6501511620054,1211.5212696741637,failure
8,1000,0.25,complete,exponential,10.0,1.0,0.0,0.005,20.0,60,9818,48191653,46500348,1691305,0.9649046070281092,0.03509539297189079,26811,1664494,0.9841477439018982,0.01585225609810176,0.9654417219929841,1.0,0.0,1.0,1.0,1.0,1952,8,64,78544,628352,15616,124928,8.0,7.862701161132613,94.35241393359136,85120,1106224,0.05943370000022696,0.03733772000123281,119.72766666666666,122.02166666666666,265.664,139.047,140.54966666666667,552.2436666666666,6048,1952,1818,134,0,134,36,692.8185232814216,1200.3685963868513,failure
8,1000,0.25,complete,exponential,10.0,1.0,0.0,0.005,20.0,61,9900,49000050,47381636,1618414,0.966971176560024,0.03302882343997608,26891,1591523,0.9833843503578195,0.016615649642180555,0.9675021372421575,1.0,0.0,1.0,1.0,1.0,2026,8,64,79200,633600,16208,129664,8.0,7.852222222222222,94.22666666666666,85120,1114752,0.09517463100200985,0.036234664999938104,120.90966666666667,123.43433333333333,271.28133333333335,139.79833333333335,139.805,554.6346666666667,5974,2026,1900,126,0,126,34,530.6520525278011,1137.5087824837794,failure
8,1000,0.25,complete,exponential,10.0,1.0,0.0,0.005,20.0,62,9786,47878005,46166700,1711305,0.964256969353673,0.035743030646327056,26146,1685159,0.9847216013510157,0.015278398648984256,0.9647838342079876,1.0,0.0,1.0,1.0,1.0,1979,8,64,78288,626304,15832,126656,8.0,7.8700183936235435,94.44022072348253,85120,1102896,0.09437979300128063,0.036659429999417625,122.52933333333333,125.23433333333334,265.3233333333333,137.79766666666666,139.66133333333335,539.463,6021,1979,1786,193,0,193,45,1005.0852597985623,1301.7192866249225,failure
8,1000,0.25,complete,exponential,10.0,1.0,0.0,0.005,20.0,63,9802,48034701,46346780,1687921,0.9648603829135941,0.03513961708640593,26404,1661517,0.984357087802095,0.015642912197904996,0.9653910448021099,1.0,0.0,1.0,1.0,1.0,1975,8,64,78416,627328,15800,126400,8.0,7.824729647010814,93.89675576412978,85120,1104560,0.06010104899905855,0.07376298199960729,121.18333333333334,123.431,268.09866666666665,141.55133333333333,141.58166666666668,547.842,6025,1975,1802,173,0,173,39,792.4812202972876,1181.8621189650864,failure
8,1000,0.25,complete,exponential,10.0,1.0,0.0,0.005,20.0,64,9816,48172020,46515228,1656792,0.9656067567853704,0.03439324321462957,26158,1630634,0.984211657226737,0.01578834277326303,0.9661313780195689,1.0,0.0,1.0,1.0,1.0,1986,8,64,78528,628224,15888,127104,8.0,7.874185004074979,94.49022004889974,85120,1106016,0.05909341299775406,0.07459156299955794,121.2,120.933,267.72766666666666,137.87466666666666,138.93666666666667,545.254,6014,1986,1816,170,0,170,43,890.441025310982,1238.989582949389,failure
8,1000,0.25,complete,exponential,10.0,1.0,0.0,0.005,20.0,65,9846,48466935,46777304,1689631,0.9651384804919065,0.034861519508093505,26111,1663520,0.9845463299383119,0.015453670061688025,0.9656587179441869,1.0,0.0,1.0,1.0,1.0,2037,8,64,78768,630144,16296,130368,8.0,7.86745886654479,94.40950639853747,85120,1109136,0.06010695099757868,0.07613807799862116,117.87066666666666,119.20333333333333,263.71366666666665,134.906,136.01433333333333,548.6203333333333,5963,2037,1846,191,0,191,36,880.4841378137783,1277.6166925252808,failure
8,1000,0.25,complete,exponential,10.0,1.0,0.0,0.005,20.0,66,9907,49069371,47433879,1635492,0.9666697989668545,0.033330201033145504,26445,1609047,0.9838305537416264,0.01616944625837363,0.9671910481034512,1.0,0.0,1.0,1.0,1.0,2092,8,64,79256,634048,16736,133888,8.0,7.8774603815484,94.5295245785808,85120,1115480,0.060428081000281963,0.03782573299758951,116.06066666666666,111.579,270.54966666666667,131.65633333333332,133.30633333333333,534.14,5908,2092,1907,185,0,185,31,851.4354922470186,1196.3954673446237,failure
8,1000,0.25,complete,exponential,10.0,1.0,0.0,0.005,20.0,67,9824,48250576,46639455,1611121,0.9666092898041259,0.03339071019587414,24640,1586481,0.9847063007682229,0.01529369923177713,0.9671031579355971,1.0,0.0,1.0,1.0,1.0,2074,8,64,78592,628736,16592,132736,8.0,7.827666938110749,93.93200325732899,85120,1106848,0.058328602000983665,0.03759450100187678,122.22533333333334,119.84433333333334,269.224,140.396,140.85333333333332,537.79,5926,2074,1824,250,0,250,42,1145.2030929251061,1361.5328562184095,failure
8,1000,0.25,complete,exponential,10.0,1.0,0.0,0.005,20.0,68,9806,48073915,46379674,1694241,0.9647575821524002,0.03524241784759989,26624,1667617,0.9842855886500209,0.015714411349979134,0.9652921743288295,1.0,0.0,1.0,1.0,1.0,1958,8,64,78448,627584,15664,125312,8.0,7.84132163981236,94.09585967774832,85120,1104976,0.09368814800109249,0.036402128000190714,121.05,118.94266666666667,265.70733333333334,141.36133333333333,142.60033333333334,556.0776666666667,6042,1958,1806,152,0,152,45,580.8041064125316,1120.474491815165,failure
8,1000,0.25,complete,exponential,10.0,1.0,0.0,0.005,20.0,69,9844,48447246,46830739,1616507,0.966633665822821,0.033366334177179026,25945,1590562,0.983949961243595,0.016050038756405014,0.9671516054473629,1.0,0.0,1.0,1.0,1.0,2030,8,64,78752,630016,16240,129920,8.0,7.812068264932954,93.74481917919545,85120,1108928,0.09723766199749662,0.03539602499949979,119.006,121.317,267.721,139.73166666666665,143.18133333333333,545.0036666666666,5970,2030,1844,186,0,186,43,799.5602779492232,1231.9382751307692,failure
8,1000,0.25,complete,exponential,10.0,1.0,0.0,0.005,20.0,70,9779,47809531,46128730,1680801,0.9648438090722956,0.035156190927704355,25758,1655043,0.9846751638058283,0.015324836194171708,0.9653639113010184,1.0,0.0,1.0,1.0,1.0,1960,8,64,78232,625856,15680,125440,8.0,7.869209530626853,94.43051436752224,85120,1102168,0.059602084998914506,0.0743701389983471,121.81466666666667,123.53433333333334,277.673,141.515,145.27866666666668,571.2293333333333,6040,1960,1779,181,0,181,41,722.0668423752126,1188.1438840340911,failure
8,1000,0.25,complete,exponential,10.0,1.0,0.0,0.005,20.0,71,9833,48339028,46711952,1627076,0.9663403244268792,0.03365967557312075,25625,1601451,0.9842508893253911,0.01574911067460893,0.9668528627552897,1.0,0.0,1.0,1.0,1.0,2039,8,64,78664,629312,16312,130496,8.0,7.841553950981389,94.09864741177667,85120,1107784,0.0692450149981596,0.07582238699978916,117.333,118.58866666666667,267.28366666666665,137.187,139.401,541.2596666666667,5961,2039,1833,206,0,206,41,1005.9133125181024,1232.1479302353625,failure
8,1000,0.25,complete,exponential,10.0,1.0,0.0,0.01,20.0,42,9682,46865721,45270596,1595125,0.9659639291583714,0.034036070841628574,24421,1570704,0.984690228038555,0.015309771961445028,0.9664675403970427,1.0,0.0,1.0,1.0,1.0,2005,8,64,77456,619648,16040,128320,8.0,7.873269985540178,94.47923982648214,85120,1092080,0.05765985000107321,0.03597631199954776,112.63433333333333,113.332,260.798,133.98433333333332,134.85233333333332,542.7793333333333,5995,2005,1682,323,0,323,84,1623.499900442058,1319.237448386442,failure
8,1000,0.25,complete,exponential,10.0,1.0,0.0,0.01,20.0,43,9775,47770425,46099061,1671364,0.9650125783892439,0.03498742161075603,25825,1645539,0.9845485483712704,0.015451451628729589,0.9655345525986185,1.0,0.0,1.0,1.0,1.0,1994,8,64,78200,625600,15952,127616,8.0,7.881841432225064,94.58209718670076,85120,1101752,0.05857951099824277,0.03569069700097316,120.62266666666666,120.402,268.733,140.83366666666666,140.28266666666667,542.776,6006,1994,1775,219,0,219,72,1130.1926571706695,1271.123221497205,failure
8,1000,0.25,complete,exponential,10.0,1.0,0.0,0.01,20.0,44,9665,46701280,45125406,1575874,0.9662562996132011,0.03374370038679882,24219,1551655,0.9846313855041711,0.015368614495828981,0.9667576542576235,1.0,0.0,1.0,1.0,1.0,2027,8,64,77320,618560,16216,129728,8.0,7.831971029487843,93.98365235385411,85120,1090312,0.09287158000006457,0.034834212998248404,120.65933333333334,119.54366666666667,269.735,138.64966666666666,139.411,539.884,5973,2027,1665,362,0,362,89,1661.650964271949,1320.9525709046848,failure
8,1000,0.25,complete,exponential,10.0,1.0,0.0,0.01,20.0,45,9680,46846360,45227973,1618387,0.9654533030954806,0.03454669690451937,23750,1594637,0.9853248944782675,0.014675105521732441,0.9659430134287688,1.0,0.0,1.0,1.0,1.0,2017,8,64,77440,619520,16136,129088,8.0,7.834090909090909,94.0090909090909,85120,1091872,0.09602224699847284,0.03457715200056555,124.64666666666666,117.991,277.005,138.663,139.56133333333332,538.6616666666666,5983,2017,1680,337,0,337,89,1798.5605248752338,1507.802045478483,failure
8,1000,0.25,complete,exponential,10.0,1.0,0.0,0.01,20.0,46,9676,46807650,45177752,1629898,0.9651788115831493,0.03482118841685066,24795,1605103,0.9847873916036464,0.015212608396353636,0.965690358145094,1.0,0.0,1.0,1.0,1.0,1975,8,64,77408,619264,15800,126400,8.0,7.841463414634147,94.09756097560975,85120,1091456,0.05931735200283583,0.07331186800001888,121.15366666666667,118.51866666666666,267.434,139.184,142.20966666666666,542.095,6025,1975,1676,299,0,299,86,1594.7678641409589,1342.8771145843484,failure
8,1000,0.25,complete,exponential,10.0,1.0,0.0,0.01,20.0,47,9637,46431066,44837197,1593869,0.9656723582439395,0.03432764175606048,22767,1571102,0.985715890076286,0.014284109923713931,0.9661460981364561,1.0,0.0,1.0,1.0,1.0,2031,8,64,77096,616768,16248,129984,8.0,7.869046383729376,94.42855660475252,85120,1087400,0.059135971998330206,0.07525775999965845,121.768,118.42166666666667,279.3863333333333,142.44666666666666,142.213,546.0553333333334,5969,2031,1637,394,0,394,88,1981.6643959175747,1563.0424997725283,failure
8,1000,0.25,complete,exponential,10.0,1.0,0.0,0.01,20.0,48,9729,47321856,45686883,1634973,0.9654499392416054,0.0345500607583946,23957,1611016,0.9853471586380937,0.014652841361906283,0.9659389521720616,1.0,0.0,1.0,1.0,1.0,2006,8,64,77832,622656,16048,128384,8.0,7.861239592969473,94.33487511563368,85120,1096968,0.05898576099934871,0.03649325899823452,112.22,115.93366666666667,264.14433333333335,135.52033333333333,136.56233333333333,537.5526666666667,5994,2006,1729,277,0,277,80,1598.5451872115816,1393.5254843510047,failure
8,1000,0.25,complete,exponential,10.0,1.0,0.0,0.01,20.0,49,9631,46373265,44843378,1529887,0.9670092886493975,0.03299071135060255,22754,1507133,0.9851270061122162,0.014872993887783868,0.9674840046531525,1.0,0.0,1.0,1.0,1.0,2048,8,64,77048,616384,16384,131072,8.0,7.878205793790884,94.53846952549061,85120,1086776,0.058596041999408044,0.036146840000583325,121.49066666666667,123.51466666666667,273.3016666666667,138.28866666666667,139.44766666666666,549.512,5952,2048,1631,417,0,417,95,2039.2954335418326,1404.2207634019699,failure
8,1000,0.25,complete,exponential,10.0,1.0,0.0,0.01,20.0,50,9628,46344378,44736851,1607527,0.9653134410391698,0.03468655896083016,23462,1584065,0.9854049107728828,0.014595089227117181,0.9658023818009126,1.0,0.0,1.0,1.0,1.0,1994,8,64,77024,616192,15952,127616,8.0,7.8911508101371,94.69380972164521,85120,1086464,0.09242050499960897,0.03523324100024183,122.96033333333334,119.00266666666667,266.826,138.92666666666668,139.187,543.0896666666666,6006,1994,1628,366,0,366,85,1733.4754349033842,1354.4883641446468,failure
8,1000,0.25,complete,exponential,10.0,1.0,0.0,0.01,20.0,51,9689,46933516,45340983,1592533,0.9660683209840917,0.03393167901590838,23950,1568583,0.98496106517102,0.015038934828979996,0.9665615537777519,1.0,0.0,1.0,1.0,1.0,1989,8,64,77512,620096,15912,127296,8.0,7.885849932913613,94.63019919496335,85120,1092808,0.059487841001100605,0.07126228099878062,119.56366666666666,120.205,263.5566666666667,140.40966666666668,142.08933333333334,539.697,6011,1989,1689,300,0,300,75,1430.634050045759,1320.3201637841255,failure
8,1000,0.25,complete,exponential,10.0,1.0,0.0,0.01,20.0,52,9598,46056003,44361912,1694091,0.9632167168305943,0.03678328316940573,24076,1670015,0.9857882486832171,0.014211751316782865,0.9637205064215539,1.0,0.0,1.0,1.0,1.0,1951,8,64,76784,614272,15608,124864,8.0,7.870910606376328,94.45092727651594,85120,1083344,0.05845876399689587,0.0790631720010424,124.66666666666667,125.29433333333333,285.568,146.915,146.56433333333334,574.2483333333333,6049,1951,1598,353,0,353,77,1694.974521018628,1358.410106496729,failure
8,1000,0.25,complete,exponential,10.0,1.0,0.0,0.01,20.0,53,9693,46972278,45353464,1618814,0.9655368215269441,0.03446317847305596,24421,1594393,0.9849142643935622,0.015085735606437799,0.9660390675553093,1.0,0.0,1.0,1.0,1.0,1993,8,64,77544,620352,15944,127552,8.0,7.853502527597235,94.24203033116682,85120,1093224,0.05963687999974354,0.07448459200168145,123.234,122.005,270.1356666666667,138.87,141.829,548.2163333333333,6007,1993,1693,300,0,300,79,1479.9213687320046,1334.7886433015149,failure
8,1000,0.25,complete,exponential,10.0,1.0,0.0,0.01,20.0,54,9613,46200078,44607195,1592883,0.9655220711965031,0.03447792880349682,23341,1569542,0.985346695268893,0.014653304731107056,0.9660101145734918,1.0,0.0,1.0,1.0,1.0,1962,8,64,76904,615232,15696,125568,8.0,7.8229480911266,93.8753770935192,85120,1084904,0.058514337997621624,0.03519155200046953,118.98266666666666,119.23633333333333,269.90866666666665,138.89333333333335,138.202,544.7763333333334,6038,1962,1613,349,0,349,77,1814.5097345560748,1363.6760991450512,failure
8,1000,0.25,complete,exponential,10.0,1.0,0.0,0.01,20.0,55,9724,47273226,45693184,1580042,0.9665763872344993,0.03342361276550071,24028,1556014,0.9847928093050691,0.015207190694930895,0.9670679277984782,1.0,0.0,1.0,1.0,1.0,2060,8,64,77792,622336,16480,131840,8.0,7.882969971205266,94.59563965446318,85120,1096448,0.09195373100010329,0.036074163999728626,118.55833333333334,118.98966666666666,269.81166666666667,140.49966666666666,138.529,543.9346666666667,5940,2060,1724,336,0,336,88,1930.0162921500212,1339.2112780119649,failure
8,1000,0.25,complete,exponential,10.0,1.0,0.0,0.01,20.0,56,9679,46836681,45251493,1585188,0.9661549886508825,0.03384501134911758,24479,1560709,0.98455766760788,0.015442332392120051,0.9666602096607205,1.0,0.0,1.0,1.0,1.0,2007,8,64,77432,619456,16056,128448,8.0,7.849571236698006,94.19485484037608,85120,1091768,0.09318421499847318,0.03537919399968814,118.71566666666666,121.76133333333334,271.191,141.151,141.40133333333333,555.5866666666667,5993,2007,1679,328,0,328,69,1453.1522353910852,1249.000614532448,failure
8,1000,0.25,complete,exponential,10.0,1.0,0.0,0.01,20.0,57,9635,46411795,44866832,1544963,0.9667118455556395,0.033288154444360535,23670,1521293,0.984679244745667,0.015320755254332952,0.9672051198447879,1.0,0.0,1.0,1.0,1.0,1982,8,64,77080,616640,15856,126848,8.0,7.861235080435911,94.33482096523093,85120,1087192,0.0951383520005038,0.034324749001825694,121.30366666666667,118.42833333333333,265.901,138.65966666666668,139.30733333333333,541.891,6018,1982,1635,347,0,347,83,1751.443335811946,1346.3201616396627,failure
8,1000,0.25,complete,exponential,10.0,1.0,0.0,0.01,20.0,58,9748,47506878,45879275,1627603,0.9657396345851226,0.0342603654148774,23594,1604009,0.9855038360091497,0.014496163990850349,0.9662195015829149,1.0,0.0,1.0,1.0,1.0,2027,8,64,77984,623872,16216,129728,8.0,7.846737792367665,94.16085350841198,85120,1098944,0.05924732999847038,0.07391690000076778,124.00533333333334,120.88966666666667,267.51733333333334,140.052,141.585,545.922,5973,2027,1748,279,0,279,69,1438.991282088699,1394.145659766914,failure
8,1000,0.25,complete,exponential,10.0,1.0,0.0,0.01,20.0,59,9720,47234340,45644749,1589591,0.9663467087716268,0.03365329122837325,24382,1565209,0.984661463231737,0.015338536768263031,0.9668457870689061,1.0,0.0,1.0,1.0,1.0,1990,8,64,77760,622080,15920,127360,8.0,7.873662551440329,94.48395061728395,85120,1096032,0.05836895600077696,0.07435828500092612,120.01133333333334,119.77766666666666,270.997,138.55933333333334,140.68333333333334,545.087,6010,1990,1720,270,0,270,75,1445.611995538002,1294.3759067069211,failure
8,1000,0.25,complete,exponential,10.0,1.0,0.0,0.01,20.0,60,9657,46623996,44998410,1625586,0.9651341339339511,0.034865866066048905,24176,1601410,0.9851278246736869,0.014872175326313096,0.9656348457998336,1.0,0.0,1.0,1.0,1.0,1952,8,64,77256,618048,15616,124928,8.0,7.864036450243347,94.36843740292016,85120,1089480,0.05886528499831911,0.03654252100022859,114.83833333333334,112.454,271.60833333333335,136.57233333333335,137.73766666666666,540.2246666666666,6048,1952,1657,295,0,295,84,1779.765230804704,1484.6924028809817,failure
8,1000,0.25,complete,exponential,10.0,1.0,0.0,0.01,20.0,61,9770,47721565,46158547,1563018,0.9672471344977894,0.032752865502210585,24614,1538404,0.9842522606905358,0.015747739309464128,0.9677462821470496,1.0,0.0,1.0,1.0,1.0,2026,8,64,78160,625280,16208,129664,8.0,7.833981576253838,94.00777891504606,85120,1101232,0.05884701100148959,0.03626143499786849,120.86966666666666,121.50733333333334,270.4796666666667,142.54,142.14266666666666,542.0513333333333,5974,2026,1770,256,0,256,65,1237.4992041046355,1317.5128809012456,failure
8,1000,0.25,complete,exponential,10.0,1.0,0.0,0.01,20.0,62,9713,47166328,45472314,1694014,0.9640842509512294,0.035915749048770554,24859,1669155,0.9853253869212415,0.0146746130787585,0.9645926392323497,1.0,0.0,1.0,1.0,1.0,1979,8,64,77704,621632,15832,126656,8.0,7.872130134870792,94.4655616184495,85120,1095304,0.09263726999779465,0.03547305900065112,120.636,118.58533333333334,264.7656666666667,140.95066666666668,142.971,539.5266666666666,6021,1979,1713,266,0,266,83,1564.120735390607,1470.823642886142,failure
8,1000,0.25,complete,exponential,10.0,1.0,0.0,0.01,20.0,63,9639,46450341,44784191,1666150,0.9641305109041073,0.03586948909589275,24029,1642121,0.9855781292200582,0.014421870779941781,0.964629518709132,1.0,0.0,1.0,1.0,1.0,1975,8,64,77112,616896,15800,126400,8.0,7.825293080195041,93.90351696234049,85120,1087608,0.09598152000035043,0.03458280300037586,117.65333333333334,120.40533333333333,262.34766666666667,140.052,141.605,538.0106666666667,6025,1975,1639,336,0,336,77,1642.6357293134758,1346.1069509183153,failure
8,1000,0.25,complete,exponential,10.0,1.0,0.0,0.01,20.0,64,9617,46238536,44610493,1628043,0.9647903428430347,0.03520965715696535,23977,1604066,0.9852725020162244,0.014727497983775612,0.9652908945858382,1.0,0.0,1.0,1.0,1.0,1986,8,64,76936,615488,15888,127104,8.0,7.847249662056774,94.16699594468129,85120,1085320,0.06545238499893458,0.07442215500122984,119.38,116.201,269.7083333333333,139.29766666666666,138.92,554.391,6014,1986,1617,369,0,369,87,2032.1874290416176,1342.8029267206598,failure
8,1000,0.25,complete,exponential,10.0,1.0,0.0,0.01,20.0,65,9695,46991665,45308464,1683201,0.9641808605845313,0.03581913941546868,23261,1659940,0.9861804977539819,0.013819502246018153,0.9646583690601878,1.0,0.0,1.0,1.0,1.0,2037,8,64,77560,620480,16296,130368,8.0,7.864775657555441,94.37730789066529,85120,1093432,0.059081971001432976,0.0757799460006936,119.69766666666666,118.25466666666667,271.141,140.90033333333332,141.979,548.313,5963,2037,1695,342,0,342,77,1803.3617789195832,1414.180207643508,failure
8,1000,0.25,complete,exponential,10.0,1.0,0.0,0.01,20.0,66,9709,47127486,45542517,1584969,0.9663684797444956,0.0336315202555044,22990,1561979,0.9854949844444907,0.014505015555509287,0.9668401292309762,1.0,0.0,1.0,1.0,1.0,2092,8,64,77672,621376,16736,133888,8.0,7.860747759810485,94.32897311772581,85120,1094888,0.059456230999785475,0.03725590700196335,114.96866666666666,119.794,259.215,136.65566666666666,135.17633333333333,533.836,5908,2092,1709,383,0,383,69,1919.075873511706,1388.8390444800887,failure
8,1000,0.25,complete,exponential,10.0,1.0,0.0,0.01,20.0,67,9667,46720611,45159886,1560725,0.9665945079356946,0.03340549206430541,22546,1538179,0.9855541495138477,0.01444585048615227,0.9670611833702317,1.0,0.0,1.0,1.0,1.0,2074,8,64,77336,618688,16592,132736,8.0,7.822902658529016,93.87483190234819,85120,1090520,0.05853023799863877,0.036375839001266286,122.96033333333334,118.95933333333333,281.07933333333335,137.394,139.912,555.9906666666667,5926,2074,1667,407,0,407,85,1908.5760795943845,1420.9908528957453,failure
8,1000,0.25,complete,exponential,10.0,1.0,0.0,0.01,20.0,68,9657,46623996,44957308,1666688,0.9642525707148739,0.03574742928512605,25004,1641684,0.984997792028262,0.015002207971737961,0.9647699675563798,1.0,0.0,1.0,1.0,1.0,1958,8,64,77256,618048,15664,125312,8.0,7.8430154292223255,94.1161851506679,85120,1089480,0.09218867100207717,0.03569602599964128,119.44033333333333,118.94266666666667,264.37166666666667,138.93333333333334,140.60666666666665,549.739,6042,1958,1657,301,0,301,87,1423.400904190698,1304.3842625627242,failure
8,1000,0.25,complete,exponential,10.0,1.0,0.0,0.01,20.0,69,9706,47098365,45433642,1664723,0.9646543356653676,0.035345664334632425,24467,1640256,0.9853026599620477,0.014697340037952259,0.9651557217547609,1.0,0.0,1.0,1.0,1.0,2030,8,64,77648,621184,16240,129920,8.0,7.814547702452091,93.77457242942509,85120,1094576,0.06028067399893189,0.0715529039989633,123.284,120.68933333333334,267.32366666666667,143.51866666666666,144.113,548.6536666666667,5970,2030,1706,324,0,324,80,1604.9500086452906,1315.1706736000335,failure
8,1000,0.25,complete,exponential,10.0,1.0,0.0,0.01,20.0,70,9678,46827003,45213630,1613373,0.9655460974087964,0.03445390259120363,24551,1588822,0.9847828121581308,0.015217187841869177,0.9660525905779467,1.0,0.0,1.0,1.0,1.0,1960,8,64,77424,619392,15680,125440,8.0,7.866501343252738,94.39801611903286,85120,1091664,0.05869294200238073,0.07222216700029094,119.38033333333334,120.09466666666667,274.564,140.62,140.25933333333333,549.5386666666667,6040,1960,1678,282,0,282,78,1317.0121257824774,1267.7378730788412,failure
8,1000,0.25,complete,exponential,10.0,1.0,0.0,0.01,20.0,71,9677,46817326,45190291,1627035,0.9652471608481014,0.03475283915189859,24129,1602906,0.9851699563930708,0.01483004360692917,0.9657448923611696,1.0,0.0,1.0,1.0,1.0,2039,8,64,77416,619328,16312,130496,8.0,7.840239743722228,94.08287692466673,85120,1091560,0.059318072999303695,0.07408225799736101,123.17066666666666,119.35,262.34766666666667,139.75466666666668,140.269,549.6223333333334,5961,2039,1677,362,0,362,76,1748.3012335543817,1323.5061808433786,failure
8,1000,0.25,complete,exponential,10.0,1.0,0.0,0.02,20.0,42,9460,44741070,43129145,1611925,0.9639721401388032,0.03602785986119688,20990,1590935,0.9869783023403694,0.013021697659630566,0.9644245940526046,1.0,0.0,1.0,1.0,1.0,2005,8,64,75680,605440,16040,128320,8.0,7.8634249471458775,94.36109936575053,85120,1068992,0.05866933799916296,0.03454983099800302,117.07233333333333,118.041,254.62666666666667,134.729,135.21333333333334,534.163,5995,2005,1460,545,0,545,159,3318.7785498496146,1661.685799172991,failure
8,1000,0.25,complete,exponential,10.0,1.0,0.0,0.02,20.0,43,9478,44911503,43312313,1599190,0.9643924185748137,0.03560758142518633,21960,1577230,0.986268048199401,0.013731951800599053,0.9648642001100345,1.0,0.0,1.0,1.0,1.0,1994,8,64,75824,606592,15952,127616,8.0,7.876978265456848,94.52373918548217,85120,1070864,0.05788537999978871,0.034284485001990106,121.96833333333333,123.04033333333334,266.48533333333336,136.36533333333333,138.516,547.605,6006,1994,1478,516,0,516,151,2910.152882154726,1480.3574665384645,failure
8,1000,0.25,complete,exponential,10.0,1.0,0.0,0.02,20.0,44,9455,44693785,43213739,1480046,0.9668847469508345,0.03311525304916556,21430,1458616,0.9855207203019366,0.014479279698063438,0.967348576093649,1.0,0.0,1.0,1.0,1.0,2027,8,64,75640,605120,16216,129728,8.0,7.838498149127446,94.06197778952935,85120,1068472,0.09407794700018712,0.03425171300114016,118.602,117.82033333333334,266.796,138.74633333333333,141.812,545.3373333333333,5973,2027,1455,572,0,572,175,3420.5268199787856,1528.680095566327,failure
8,1000,0.25,complete,exponential,10.0,1.0,0.0,0.02,20.0,45,9394,44118921,42517225,1601696,0.9636959389827326,0.0363040610172674,20830,1580866,0.9869950352626217,0.01300496473737838,0.9641511465881822,1.0,0.0,1.0,1.0,1.0,2017,8,64,75152,601216,16136,129088,8.0,7.82137534596551,93.85650415158612,75616,1052624,0.05912607299978845,0.07117568800094887,144.16,144.51033333333334,333.6813333333333,170.329,172.129,652.2443333333333,5983,2017,1394,623,0,623,159,3316.316851898487,1701.9488559225879,failure
8,1000,0.25,complete,exponential,10.0,1.0,0.0,0.02,20.0,46,9431,44467165,42822642,1644523,0.9630171386010329,0.03698286139896708,21208,1623315,0.9871038592953701,0.012896140704629853,0.9634766554807224,1.0,0.0,1.0,1.0,1.0,1975,8,64,75448,603584,15800,126400,8.0,7.83140706181741,93.97688474180893,75616,1056472,0.06081786999857286,0.07392247900133952,124.09566666666667,119.30333333333333,265.97133333333335,138.33533333333332,141.17766666666665,544.239,6025,1975,1431,544,0,544,167,3219.277569838714,1722.0501176997773,failure
8,1000,0.25,complete,exponential,10.0,1.0,0.0,0.02,20.0,47,9441,44561520,42987440,1574080,0.964676249822717,0.035323750177283,20545,1553535,0.9869479314901403,0.013052068509859727,0.9651212170366724,1.0,0.0,1.0,1.0,1.0,2031,8,64,75528,604224,16248,129984,8.0,7.871306005719733,94.4556720686368,75616,1057512,0.057954590000008466,0.03509321800083853,121.70433333333334,121.21,274.64733333333334,142.019,143.62866666666667,539.737,5969,2031,1441,590,0,590,162,3536.584344207946,1659.2634540007725,failure
8,1000,0.25,complete,exponential,10.0,1.0,0.0,0.02,20.0,48,9426,44420025,42813634,1606391,0.9638363328251166,0.0361636671748834,20019,1586372,0.9875379032875558,0.012462096712444231,0.9642709057291569,1.0,0.0,1.0,1.0,1.0,2006,8,64,75408,603264,16048,128384,8.0,7.822193931678337,93.86632718014005,75616,1055952,0.09188427099797991,0.03494216599938227,122.50266666666667,120.265,272.413,141.58166666666668,143.70233333333334,554.882,5994,2006,1426,580,0,580,162,3455.765411892441,1794.4643135184015,failure
8,1000,0.25,complete,exponential,10.0,1.0,0.0,0.02,20.0,49,9394,44118921,42575975,1542946,0.965027567197303,0.03497243280269706,20561,1522385,0.9866741933936768,0.013325806606323229,0.9654775143565429,1.0,0.0,1.0,1.0,1.0,2048,8,64,75152,601216,16384,131072,8.0,7.877368533106238,94.52842239727485,75616,1052624,0.09433230200011167,0.03448053100146353,120.372,120.295,269.765,141.68533333333335,142.61,551.5356666666667,5952,2048,1394,654,0,654,187,3969.0731700694355,1660.6157141310189,failure
8,1000,0.25,complete,exponential,10.0,1.0,0.0,0.02,20.0,50,9422,44382331,42786490,1595841,0.9640433261605841,0.03595667383941596,20920,1574921,0.9868909245971247,0.013109075402875349,0.9644979507076544,1.0,0.0,1.0,1.0,1.0,1994,8,64,75376,603008,15952,127616,8.0,7.8319889620038206,93.98386754404585,75616,1055536,0.05831572599709034,0.07253039299757802,120.993,120.51566666666666,268.6363333333333,143.148,145.686,552.187,6006,1994,1422,572,0,572,163,3493.258254175938,1644.8493277861653,failure
8,1000,0.25,complete,exponential,10.0,1.0,0.0,0.02,20.0,51,9475,44883075,43247369,1635706,0.9635562848579337,0.03644371514206636,22068,1613638,0.9865085779473818,0.013491422052618258,0.9640302768950327,1.0,0.0,1.0,1.0,1.0,1989,8,64,75800,606400,15912,127296,8.0,7.885699208443271,94.62839050131926,85120,1070552,0.05859201299972483,0.07396040999810793,118.98933333333333,119.38366666666667,272.7303333333333,137.12,138.34566666666666,540.1513333333334,6011,1989,1475,514,0,514,153,2855.0691038345294,1510.1236192497695,failure
8,1000,0.25,complete,exponential,10.0,1.0,0.0,0.02,20.0,52,9279,43045281,41362513,1682768,0.9609070271837695,0.03909297281623043,19753,1663015,0.9882616023123806,0.011738397687619447,0.9613481791554075,1.0,0.0,1.0,1.0,1.0,1951,8,64,74232,593856,15608,124864,8.0,7.8664726802457166,94.3976721629486,75616,1040664,0.05790195100053097,0.03355797499898472,115.18233333333333,112.98133333333334,261.1453333333333,133.14933333333335,137.11,536.5776666666667,6049,1951,1279,672,0,672,168,3772.158397407956,1668.1831667740998,failure
8,1000,0.25,complete,exponential,10.0,1.0,0.0,0.02,20.0,53,9452,44665426,43041884,1623542,0.9636510351429314,0.03634896485706864,21622,1601920,0.9866822047104418,0.013317795289558261,0.964117753048105,1.0,0.0,1.0,1.0,1.0,1993,8,64,75616,604928,15944,127552,8.0,7.856115107913669,94.27338129496403,75616,1058656,0.05744825299916556,0.034205386000394356,119.46366666666667,119.664,269.21066666666667,140.67666666666668,141.949,541.547,6007,1993,1452,541,0,541,149,2961.0920943391952,1601.8663089605934,failure
8,1000,0.25,complete,exponential,10.0,1.0,0.0,0.02,20.0,54,9393,44109528,42462185,1647343,0.962653352355074,0.03734664764492606,21001,1626342,0.987251592412752,0.012748407587248071,0.9631118998373431,1.0,0.0,1.0,1.0,1.0,1962,8,64,75144,601152,15696,125568,8.0,7.8129458107101035,93.75534972852124,75616,1052520,0.09286024700122653,0.03381109800102422,118.906,118.936,269.314,141.378,141.221,543.2136666666667,6038,1962,1393,569,0,569,181,3404.714904204009,1637.7043401003823,failure
8,1000,0.25,complete,exponential,10.0,1.0,0.0,0.02,20.0,55,9449,44637076,43057382,1579694,0.9646102715150966,0.035389728484903446,20901,1558793,0.9867689565194272,0.013231043480572819,0.9650621551488894,1.0,0.0,1.0,1.0,1.0,2060,8,64,75592,604736,16480,131840,8.0,7.880093131548312,94.56111757857974,75616,1058344,0.05929841500255861,0.07145871700049611,121.14666666666666,118.12133333333334,267.237,138.733,139.94833333333332,545.6113333333333,5940,2060,1449,611,0,611,171,3646.12881075193,1584.1628736042192,failure
8,1000,0.25,complete,exponential,10.0,1.0,0.0,0.02,20.0,56,9422,44382331,42836933,1545398,0.9651798820571186,0.03482011794288137,20571,1524827,0.9866888659102704,0.013311134089729636,0.9656274458001667,1.0,0.0,1.0,1.0,1.0,2007,8,64,75376,603008,16056,128448,8.0,7.84440670770537,94.13288049246444,75616,1055536,0.05919879900102387,0.07237359999999171,122.71633333333334,122.27866666666667,263.273,137.21333333333334,136.76933333333332,546.039,5993,2007,1422,585,0,585,145,3165.46407021525,1479.3979471356374,failure
8,1000,0.25,complete,exponential,10.0,1.0,0.0,0.02,20.0,57,9359,43790761,42214026,1576735,0.9639938890306108,0.03600611096938918,19993,1556742,0.9873199998731556,0.012680000126844396,0.9644342086938023,1.0,0.0,1.0,1.0,1.0,1982,8,64,74872,598976,15856,126848,8.0,7.855540121807885,94.26648146169462,75616,1048984,0.05826732499917853,0.037511664999328787,114.86833333333334,110.36633333333333,258.611,131.75,132.83866666666665,529.2273333333334,6018,1982,1359,623,0,623,182,3669.7932720545596,1651.124513190014,failure
8,1000,0.25,complete,exponential,10.0,1.0,0.0,0.02,20.0,58,9465,44788380,43117589,1670791,0.9626958822801807,0.03730411771981929,21550,1649241,0.9871019175947201,0.012898082405279895,0.9631593079072162,1.0,0.0,1.0,1.0,1.0,2027,8,64,75720,605760,16216,129728,8.0,7.854305335446381,94.25166402535658,85120,1069512,0.05848345999766025,0.035846177001076285,125.63866666666667,121.08666666666667,272.667,138.005,140.296,553.2186666666666,5973,2027,1465,562,0,562,163,3271.411290311663,1518.8652406480624,failure
8,1000,0.25,complete,exponential,10.0,1.0,0.0,0.02,20.0,59,9459,44731611,43129250,1602361,0.9641783301746052,0.03582166982539484,21556,1580805,0.9865473510650846,0.013452648934915415,0.9646431882045325,1.0,0.0,1.0,1.0,1.0,1990,8,64,75672,605376,15920,127360,8.0,7.870387990273813,94.44465588328576,85120,1068888,0.09249939199798973,0.03557178400296834,117.844,118.63533333333334,267.1,140.31266666666667,142.874,551.9566666666667,6010,1990,1459,531,0,531,155,3084.691715803464,1506.7490364926878,failure
8,1000,0.25,complete,exponential,10.0,1.0,0.0,0.02,20.0,60,9369,43884396,42230821,1653575,0.962319750282082,0.03768024971791796,20262,1633313,0.9877465491435223,0.012253450856477631,0.962764271146901,1.0,0.0,1.0,1.0,1.0,1952,8,64,74952,599616,15616,124928,8.0,7.8307183263955595,93.96861991674672,75616,1050024,0.05818755599830183,0.07002960200043162,119.784,121.15666666666667,269.992,139.037,139.581,552.4473333333333,6048,1952,1369,583,0,583,171,3868.7763324770926,1740.8057882561188,failure
8,1000,0.25,complete,exponential,10.0,1.0,0.0,0.02,20.0,61,9455,44693785,43121253,1572532,0.9648154212045366,0.0351845787954634,21084,1551448,0.9865923237174188,0.013407676282581212,0.965270781366007,1.0,0.0,1.0,1.0,1.0,2026,8,64,75640,605120,16208,129664,8.0,7.825806451612904,93.90967741935484,85120,1068472,0.05825358900256106,0.07154259399976581,117.42633333333333,119.29333333333334,264.10766666666666,135.45333333333335,135.96466666666666,553.022,5974,2026,1455,571,0,571,151,3177.8043896855283,1671.4353361267379,failure
8,1000,0.25,complete,exponential,10.0,1.0,0.0,0.02,20.0,62,9464,44778916,43149936,1628980,0.9636217187571043,0.03637828124289565,21190,1607790,0.986991859936893,0.013008140063106974,0.9640779337180803,1.0,0.0,1.0,1.0,1.0,1979,8,64,75712,605696,15832,126656,8.0,7.861158072696535,94.33389687235842,85120,1069408,0.05783522699857713,0.03433694200066384,116.30433333333333,113.763,262.16766666666666,136.07466666666667,137.377,537.8166666666667,6021,1979,1464,515,0,515,154,3088.535245405719,1681.4151421108566,failure
8,1000,0.25,complete,exponential,10.0,1.0,0.0,0.02,20.0,63,9359,43790761,42111693,1679068,0.9616570262389366,0.03834297376106344,20004,1659064,0.9880862478470199,0.011913752152980106,0.9620965202863638,1.0,0.0,1.0,1.0,1.0,1975,8,64,74872,598976,15800,126400,8.0,7.811304626562667,93.73565551875201,75616,1048984,0.05765055099982419,0.03425362599955406,118.70533333333333,120.913,271.418,138.46266666666668,140.99066666666667,535.3123333333333,6025,1975,1359,616,0,616,170,3740.722303122042,1693.9234448781776,failure
8,1000,0.25,complete,exponential,10.0,1.0,0.0,0.02,20.0,64,9365,43846930,42209472,1637458,0.962655127736423,0.037344872263576946,19749,1617709,0.98793923263986,0.012060767360139925,0.9630889105096675,1.0,0.0,1.0,1.0,1.0,1986,8,64,74920,599360,15888,127104,8.0,7.8486919380672715,94.18430325680725,75616,1049608,0.0921546759964258,0.034869959999923594,120.19833333333334,122.76,266.1116666666667,140.48966666666666,142.91433333333333,558.8093333333334,6014,1986,1365,621,0,621,198,4246.001561855144,1708.1387333163896,failure
8,1000,0.25,complete,exponential,10.0,1.0,0.0,0.02,20.0,65,9436,44514330,42914640,1599690,0.9640634824785637,0.035936517521436354,20622,1579068,0.9871087523207621,0.012891247679237852,0.9645103078394814,1.0,0.0,1.0,1.0,1.0,2037,8,64,75488,603904,16296,130368,8.0,7.863077575243747,94.35693090292497,75616,1056992,0.05870928299918887,0.072405588998663,121.94166666666666,121.828,267.71433333333334,141.85533333333333,142.30633333333333,546.1253333333333,5963,2037,1436,601,0,601,164,3603.686199262286,1565.7456613511747,failure
8,1000,0.25,complete,exponential,10.0,1.0,0.0,0.02,20.0,66,9518,45291403,43705570,1585833,0.964986004076756,0.035013995923243973,21572,1564261,0.9863970544187187,0.013602945581281257,0.9654458396365562,1.0,0.0,1.0,1.0,1.0,2092,8,64,76144,609152,16736,133888,8.0,7.846186173565875,94.1542340827905,85120,1075024,0.058329221999883885,0.07355718399776379,118.04433333333333,123.21733333333333,265.67066666666665,141.996,142.941,551.1616666666666,5908,2092,1518,574,0,574,148,3425.6192874408875,1577.8155391440841,failure
8,1000,0.25,complete,exponential,10.0,1.0,0.0,0.02,20.0,67,9489,45015816,43448976,1566840,0.9651935666344469,0.03480643336555312,21008,1545832,0.986592121722703,0.01340787827729698,0.9656442138835218,1.0,0.0,1.0,1.0,1.0,2074,8,64,75912,607296,16592,132736,8.0,7.816419011486985,93.79702813784382,85120,1072008,0.059201163003308466,0.07721339899944724,124.01533333333333,121.003,269.93533333333335,137.74133333333333,142.35,549.1846666666667,5926,2074,1489,585,0,585,150,2963.877925645453,1567.0869783607548,failure
8,1000,0.25,complete,exponential,10.0,1.0,0.0,0.02,20.0,68,9461,44750530,43152007,1598523,0.9642792387039886,0.03572076129601147,21793,1576730,0.9863667898428737,0.013633210157126298,0.9647490605424428,1.0,0.0,1.0,1.0,1.0,1958,8,64,75688,605504,15664,125312,8.0,7.843251241940599,94.11901490328718,85120,1069096,0.058371710998471826,0.03570709700215957,122.239,124.079,261.887,139.49466666666666,140.20266666666666,560.379,6042,1958,1461,497,0,497,155,2832.6837168810807,1442.213173115293,failure
8,1000,0.25,complete,exponential,10.0,1.0,0.0,0.02,20.0,69,9455,44693785,43179976,1513809,0.9661293175326279,0.03387068246737214,21233,1492576,0.9859737919380847,0.014026208061915341,0.966588521739255,1.0,0.0,1.0,1.0,1.0,2030,8,64,75640,605120,16240,129920,8.0,7.800211528291909,93.6025383395029,85120,1068472,0.09731211899998016,0.041397508000954986,117.45633333333333,118.91233333333334,264.09766666666667,139.10366666666667,141.26466666666667,530.102,5970,2030,1455,575,0,575,165,3458.8909371137684,1633.946547621306,failure
8,1000,0.25,complete,exponential,10.0,1.0,0.0,0.02,20.0,70,9488,45006328,43378047,1628281,0.9638210653399673,0.0361789346600327,21655,1606626,0.9867006984666652,0.013299301533334848,0.9642850354830855,1.0,0.0,1.0,1.0,1.0,1960,8,64,75904,607232,15680,125440,8.0,7.859190556492411,94.31028667790893,85120,1071904,0.09407776499938336,0.035665688999870326,123.311,119.77433333333333,281.58033333333333,141.328,143.986,552.7846666666667,6040,1960,1488,472,0,472,149,2713.5826433429143,1638.5214294443697,failure
8,1000,0.25,complete,exponential,10.0,1.0,0.0,0.02,20.0,71,9432,44476596,42899457,1577139,0.9645400246008036,0.035459975399196465,20204,1556935,0.9871894614235017,0.01281053857649833,0.9649783770126914,1.0,0.0,1.0,1.0,1.0,2039,8,64,75456,603648,16312,130496,8.0,7.827714164546226,93.93256997455471,75616,1056576,0.058058383998286445,0.07243989299968234,122.182,120.993,271.24466666666666,140.42966666666666,141.75533333333334,549.402,5961,2039,1432,607,0,607,146,3518.9450277737483,1620.8502800050544,failure
8,1000,0.25,complete,exponential,10.0,1.0,0.05,0.0,20.0,42,9913,49128828,47394123,1734705,0.9646906903620823,0.03530930963791768,29257,1705448,0.9831343081388478,0.016865691861152183,0.9652655213627019,1.0,0.0,1.0,1.0,1.0,2005,8,64,79304,634432,16040,128320,8.0,7.8816705336426915,94.5800464037123,85120,1116104,0.05511066600229242,0.07593901299696881,122.21566666666666,119.43366666666667,266.6793333333333,141.03066666666666,141.94566666666665,548.677,5995,2005,1913,92,92,0,0,0.0,1047.964556799194,failure
8,1000,0.25,complete,exponential,10.0,1.0,0.05,0.0,20.0,43,9902,49019851,47293327,1726524,0.9647790851098262,0.03522091489017378,28579,1697945,0.983447087906105,0.016552912093895016,0.9653418878366743,1.0,0.0,1.0,1.0,1.0,1994,8,64,79216,633728,15952,127616,8.0,7.87386386588568,94.48636639062815,85120,1114960,0.054367745000490686,0.03771528599827434,113.37233333333333,113.59266666666667,261.3156666666667,135.27666666666667,135.38333333333333,544.85,6006,1994,1902,92,92,0,0,0.0,1024.4845898336619,failure
8,1000,0.25,complete,exponential,10.0,1.0,0.05,0.0,20.0,44,9931,49307415,47613488,1693927,0.9656455930614087,0.034354406938591285,28606,1665321,0.9831126134715369,0.016887386528463152,0.9662061434966904,1.0,0.0,1.0,1.0,1.0,2027,8,64,79448,635584,16216,129728,8.0,7.853287685026684,94.2394522203202,85120,1117976,0.05453582999689388,0.038149959000293165,123.93533333333333,120.275,273.89933333333335,144.173,145.78966666666668,546.3693333333333,5973,2027,1931,96,96,0,0,0.0,1062.7292177634984,failure
8,1000,0.25,complete,exponential,10.0,1.0,0.05,0.0,20.0,45,9919,49188321,47442134,1746187,0.9644999673804682,0.03550003261953178,28380,1717807,0.9837474451476274,0.016252554852372626,0.9650567725457604,1.0,0.0,1.0,1.0,1.0,2017,8,64,79352,634816,16136,129088,8.0,7.869845750579696,94.43814900695635,85120,1116728,0.08968122599981143,0.03761332499925629,125.10066666666667,121.22366666666667,269.194,141.12066666666666,140.81666666666666,559.4203333333334,5983,2017,1919,98,98,0,0,0.0,1107.4687647353146,failure
8,1000,0.25,complete,exponential,10.0,1.0,0.05,0.0,20.0,46,9886,48861555,47133827,1727728,0.9646403394243184,0.035359660575681635,29029,1698699,0.9831981654519693,0.01680183454803071,0.9652137798482922,1.0,0.0,1.0,1.0,1.0,1975,8,64,79088,632704,15800,126400,8.0,7.839672263807405,94.07606716568885,85120,1113296,0.09046214699992561,0.03601399100080016,117.216,121.77133333333333,279.36966666666666,139.41066666666666,140.366,536.3073333333333,6025,1975,1886,89,89,0,0,0.0,1032.6780490219999,failure
8,1000,0.25,complete,exponential,10.0,1.0,0.05,0.0,20.0,47,9928,49277628,47563159,1714469,0.9652079641495731,0.034792035850426895,29266,1685203,0.9829299917350504,0.01707000826494967,0.9657815421353506,1.0,0.0,1.0,1.0,1.0,2031,8,64,79424,635392,16248,129984,8.0,7.871273166800967,94.4552780016116,85120,1117664,0.05603123000037158,0.07518725499903667,123.76833333333333,120.282,270.062,140.169,140.88366666666667,540.3683333333333,5969,2031,1928,103,103,0,0,0.0,1057.0059319605573,failure
8,1000,0.25,complete,exponential,10.0,1.0,0.05,0.0,20.0,48,9903,49029753,47294621,1735132,0.9646106314261873,0.035389368573812724,28801,1706331,0.9834012628434032,0.01659873715659673,0.9651775949169314,1.0,0.0,1.0,1.0,1.0,2006,8,64,79224,633792,16048,128384,8.0,7.866202160961325,94.39442593153589,85120,1115064,0.054365411000617314,0.07505407699864008,120.02466666666666,121.611,273.6856666666667,140.63666666666666,140.24933333333334,547.3413333333333,5994,2006,1903,103,103,0,0,0.0,1007.8330223989212,failure
8,1000,0.25,complete,exponential,10.0,1.0,0.05,0.0,20.0,49,9958,49575903,47843279,1732624,0.9650510854033258,0.03494891459667412,28624,1704000,0.9834793931054863,0.016520606894513755,0.9656086058731903,1.0,0.0,1.0,1.0,1.0,2048,8,64,79664,637312,16384,131072,8.0,7.888230568387226,94.65876682064672,85120,1120784,0.05581744899973273,0.07603891999679036,118.455,122.199,267.3306666666667,143.001,143.195,553.947,5952,2048,1958,90,90,0,0,0.0,1050.5649188682535,failure
8,1000,0.25,complete,exponential,10.0,1.0,0.05,0.0,20.0,50,9886,48861555,47181337,1680218,0.9656126785158597,0.03438732148414024,28266,1651952,0.9831771829607825,0.01682281703921753,0.9661716006882108,1.0,0.0,1.0,1.0,1.0,1994,8,64,79088,632704,15952,127616,8.0,7.878312765527008,94.5397531863241,85120,1113296,0.05460290500195697,0.03801011799805565,130.86833333333334,133.62666666666667,308.4173333333333,157.311,158.597,648.2303333333333,6006,1994,1886,108,108,0,0,0.0,1067.3490344876834,failure
8,1000,0.25,complete,exponential,10.0,1.0,0.05,0.0,20.0,51,9889,48891216,47176605,1714611,0.9649300806917954,0.035069919308204564,28953,1685658,0.9831139541272044,0.016886045872795637,0.9655018434164623,1.0,0.0,1.0,1.0,1.0,1989,8,64,79112,632896,15912,127296,8.0,7.878450803923552,94.54140964708262,85120,1113608,0.06024874400100089,0.037349631002143724,118.05433333333333,117.68366666666667,271.32466666666664,138.87,140.393,534.0596666666667,6011,1989,1889,100,100,0,0,0.0,1082.3835995008842,failure
8,1000,0.25,complete,exponential,10.0,1.0,0.05,0.0,20.0,52,9848,48486628,46701829,1784799,0.9631898716487358,0.03681012835126419,28031,1756768,0.9842945900350684,0.015705409964931624,0.9637470313059208,1.0,0.0,1.0,1.0,1.0,1951,8,64,78784,630272,15608,124864,8.0,7.863119415109667,94.35743298131601,85120,1109344,0.08844172500175773,0.03745828499813797,118.88233333333334,118.966,270.9836666666667,140.89033333333333,142.17933333333335,540.6653333333334,6049,1951,1848,103,103,0,0,0.0,1030.551613900203,failure
8,1000,0.25,complete,exponential,10.0,1.0,0.05,0.0,20.0,53,9898,48980253,47238063,1742190,0.9644307676401753,0.03556923235982468,28434,1713756,0.9836791624334889,0.016320837566511117,0.9649909638700045,1.0,0.0,1.0,1.0,1.0,1993,8,64,79184,633472,15944,127552,8.0,7.875732471206304,94.50878965447565,85120,1114544,0.09097852400009288,0.03752509900004952,117.54666666666667,118.93266666666666,267.851,142.92766666666665,143.355,539.9073333333333,6007,1993,1898,95,95,0,0,0.0,1095.8722654687645,failure
8,1000,0.25,complete,exponential,10.0,1.0,0.05,0.0,20.0,54,9868,48683778,46937599,1746179,0.9641322207984763,0.03586777920152376,28224,1717955,0.9838367086077658,0.01616329139223413,0.9646914923628246,1.0,0.0,1.0,1.0,1.0,1962,8,64,78944,631552,15696,125568,8.0,7.813437373327929,93.76124847993515,85120,1111424,0.055044662000000244,0.0743134700023802,120.63933333333334,119.911,268.8063333333333,140.513,140.69,565.505,6038,1962,1868,94,94,0,0,0.0,1042.188744181115,failure
8,1000,0.25,complete,exponential,10.0,1.0,0.05,0.0,20.0,55,9970,49695465,47949725,1745740,0.9648712412691983,0.03512875873080169,28556,1717184,0.983642466804908,0.016357533195092054,0.9654259941966592,1.0,0.0,1.0,1.0,1.0,2060,8,64,79760,638080,16480,131840,8.0,7.876830491474423,94.52196589769308,85120,1122032,0.05625059999874793,0.07631111900263932,119.684,121.25033333333333,270.15566666666666,141.60866666666666,142.637,546.9736666666666,5940,2060,1970,90,90,0,0,0.0,1051.9322395543188,failure
8,1000,0.25,complete,exponential,10.0,1.0,0.05,0.0,20.0,56,9921,49208160,47476580,1731580,0.9648111207572078,0.03518887924279225,28915,1702665,0.983301377932293,0.01669862206770695,0.9653783826896896,1.0,0.0,1.0,1.0,1.0,2007,8,64,79368,634944,16056,128448,8.0,7.84870476766455,94.1844572119746,85120,1116936,0.05473664600140182,0.07891217799988226,121.12,118.96933333333334,264.29133333333334,137.57733333333334,138.84966666666668,539.463,5993,2007,1921,86,86,0,0,0.0,1038.8029395656567,failure
8,1000,0.25,complete,exponential,10.0,1.0,0.05,0.0,20.0,57,9890,48901105,47202846,1698259,0.9652715618593894,0.034728438140610524,29034,1669225,0.9829036678150977,0.017096332184902304,0.9658450119701291,1.0,0.0,1.0,1.0,1.0,1982,8,64,79120,632960,15856,126848,8.0,7.866430738119313,94.39716885743175,85120,1113712,0.054613164997135755,0.03779681800006074,118.929,120.10166666666667,265.47333333333336,142.48333333333332,143.699,540.0376666666667,6018,1982,1890,92,92,0,0,0.0,1077.8826571726358,failure
8,1000,0.25,complete,exponential,10.0,1.0,0.05,0.0,20.0,58,9926,49257775,47516683,1741092,0.9646534582611578,0.035346541738842246,27941,1713151,0.9839520255104268,0.01604797448957321,0.9652009592394726,1.0,0.0,1.0,1.0,1.0,2027,8,64,79408,635264,16216,129728,8.0,7.875377795688092,94.5045335482571,85120,1117456,0.08818577599959099,0.037292113000148674,121.738,120.816,269.40766666666667,140.109,140.46966666666665,559.5273333333333,5973,2027,1926,101,101,0,0,0.0,1090.4486901332448,failure
8,1000,0.25,complete,exponential,10.0,1.0,0.05,0.0,20.0,59,9886,48861555,47175296,1686259,0.9654890434821405,0.034510956517859494,28705,1657554,0.9829771108708686,0.01702288912913141,0.9660565787169907,1.0,0.0,1.0,1.0,1.0,1990,8,64,79088,632704,15920,127360,8.0,7.87517701800526,94.50212421606312,85120,1113296,0.08824280299813836,0.037727499002357945,119.84766666666667,122.07833333333333,269.087,140.62333333333333,141.261,541.9346666666667,6010,1990,1886,104,104,0,0,0.0,1051.5995411720198,failure
8,1000,0.25,complete,exponential,10.0,1.0,0.05,0.0,20.0,60,9860,48604870,46820947,1783923,0.9632974432397412,0.0367025567602588,29051,1754872,0.9837151042954209,0.016284895704579177,0.9638735478654513,1.0,0.0,1.0,1.0,1.0,1952,8,64,78880,631040,15616,124928,8.0,7.853549695740365,94.24259634888438,85120,1110592,0.09039712500089081,0.03710865000175545,120.46233333333333,121.21333333333334,268.1716666666667,139.638,142.05933333333334,555.9706666666667,6048,1952,1860,92,92,0,0,0.0,1040.7167653097613,failure
8,1000,0.25,complete,exponential,10.0,1.0,0.05,0.0,20.0,61,9913,49128828,47435604,1693224,0.96553502151527,0.034464978484729986,28039,1665185,0.9834404662348277,0.01655953376517224,0.966086390180003,1.0,0.0,1.0,1.0,1.0,2026,8,64,79304,634432,16208,129664,8.0,7.843841420357107,94.12609704428527,85120,1116104,0.05621711700223386,0.07437000499703572,123.15066666666667,119.87433333333334,271.1143333333333,139.05033333333333,140.927,544.212,5974,2026,1913,113,113,0,0,0.0,1062.6987329954075,failure
8,1000,0.25,complete,exponential,10.0,1.0,0.05,0.0,20.0,62,9885,48851670,47076574,1775096,0.9636635554117188,0.03633644458828122,29745,1745351,0.9832431598065682,0.016756840193431793,0.9642506722133549,1.0,0.0,1.0,1.0,1.0,1979,8,64,79080,632640,15832,126656,8.0,7.872534142640364,94.47040971168437,85120,1113192,0.054015776000596816,0.08356948499931605,117.146,116.75533333333334,267.07,137.44733333333335,139.52133333333333,542.442,6021,1979,1885,94,94,0,0,0.0,1085.7861982470224,failure
8,1000,0.25,complete,exponential,10.0,1.0,0.05,0.0,20.0,63,9877,48772626,47022698,1749928,0.9641206934397996,0.035879306560200386,28720,1721208,0.9835878961877289,0.016412103812271133,0.9646887551440789,1.0,0.0,1.0,1.0,1.0,1975,8,64,79016,632128,15800,126400,8.0,7.837501265566468,94.05001518679762,85120,1112360,0.05531551900276099,0.07944328200028394,119.03966666666666,120.599,264.976,141.595,141.58833333333334,552.885,6025,1975,1877,98,98,0,0,0.0,1042.684391732074,failure
8,1000,0.25,complete,exponential,10.0,1.0,0.05,0.0,20.0,64,9891,48910995,47167539,1743456,0.9643545178338736,0.03564548216612645,28526,1714930,0.9836382449571426,0.016361755042857404,0.9649172794442932,1.0,0.0,1.0,1.0,1.0,1986,8,64,79128,633024,15888,127104,8.0,7.861186937620059,94.33424325144071,85120,1113816,0.05453743299949565,0.037112216999958036,118.49533333333333,119.63066666666667,268.74666666666667,141.54166666666666,141.488,538.9953333333333,6014,1986,1891,95,95,0,0,0.0,1108.9405952238092,failure
8,1000,0.25,complete,exponential,10.0,1.0,0.05,0.0,20.0,65,9950,49496275,47763988,1732287,0.9650016693175395,0.03499833068246045,27873,1704414,0.9839097101115462,0.016090289888453818,0.9655454000717468,1.0,0.0,1.0,1.0,1.0,2037,8,64,79600,636800,16296,130368,8.0,7.881105527638191,94.57326633165829,85120,1119952,0.08904843099662685,0.03800917500120704,117.17933333333333,121.48066666666666,276.4943333333333,142.07266666666666,141.71533333333332,538.3676666666667,5963,2037,1950,87,87,0,0,0.0,1093.619168994837,failure
8,1000,0.25,complete,exponential,10.0,1.0,0.05,0.0,20.0,66,9974,49735351,48019172,1716179,0.9654937792637676,0.03450622073623246,29022,1687157,0.9830891765952153,0.0169108234047847,0.9660575014501674,1.0,0.0,1.0,1.0,1.0,2092,8,64,79792,638336,16736,133888,8.0,7.861138961299378,94.33366753559254,85120,1122448,0.09012374300073134,0.03729047999877366,118.445,118.42833333333333,265.97133333333335,138.16866666666667,138.516,539.8806666666667,5908,2092,1974,118,118,0,0,0.0,1043.6821368327255,failure
8,1000,0.25,complete,exponential,10.0,1.0,0.05,0.0,20.0,67,9986,49855105,48136475,1718630,0.965527502148476,0.03447249785152393,28772,1689858,0.9832587584296795,0.016741241570320545,0.9660850418191521,1.0,0.0,1.0,1.0,1.0,2074,8,64,79888,639104,16592,132736,8.0,7.832665732024835,93.99198878429802,85120,1123696,0.09240243800013559,0.038227564000408165,117.59,117.99433333333333,268.456,140.88366666666667,140.90033333333332,538.491,5926,2074,1986,88,88,0,0,0.0,1079.937951610893,failure
8,1000,0.25,complete,exponential,10.0,1.0,0.05,0.0,20.0,68,9857,48575296,46814888,1760408,0.9637591915034341,0.03624080849656583,28757,1731651,0.9836645823013755,0.01633541769862441,0.9643300833453854,1.0,0.0,1.0,1.0,1.0,1958,8,64,78856,630848,15664,125312,8.0,7.828649690575226,93.94379628690271,85120,1110280,0.05450586300139548,0.07471561200145516,118.92933333333333,118.86566666666667,269.688,139.44766666666666,140.33933333333334,563.4613333333333,6042,1958,1857,101,101,0,0,0.0,1054.2766448732182,failure
8,1000,0.25,complete,exponential,10.0,1.0,0.05,0.0,20.0,69,9921,49208160,47482331,1725829,0.9649279916176504,0.03507200838234959,28867,1696962,0.9832735456409645,0.01672645435903557,0.9654943799212404,1.0,0.0,1.0,1.0,1.0,2030,8,64,79368,634944,16240,129920,8.0,7.807479084769681,93.68974901723617,85120,1116936,0.055328554000880104,0.07417860599889536,121.0,121.43733333333333,264.358,138.95,139.90533333333335,551.108,5970,2030,1921,109,109,0,0,0.0,1048.2388627674961,failure
8,1000,0.25,complete,exponential,10.0,1.0,0.05,0.0,20.0,70,9867,48673911,46930294,1743617,0.9641775858118325,0.03582241418816746,28759,1714858,0.9835061254851266,0.016493874514873393,0.964747607325803,1.0,0.0,1.0,1.0,1.0,1960,8,64,78936,631488,15680,125440,8.0,7.869869261173609,94.43843113408332,85120,1111320,0.05418366100275307,0.07962683499863488,123.90866666666666,121.66766666666666,280.081,141.034,144.547,552.424,6040,1960,1867,93,93,0,0,0.0,1072.6083421349413,failure
8,1000,0.25,complete,exponential,10.0,1.0,0.05,0.0,20.0,71,9938,49376953,47636884,1740069,0.9647594901208262,0.03524050987917379,28834,1711235,0.9834293927424717,0.016570607257528295,0.965323197019931,1.0,0.0,1.0,1.0,1.0,2039,8,64,79504,636032,16312,130496,8.0,7.846246729724291,94.15496075669148,85120,1118704,0.055177872000058414,0.03797572199982824,122.142,121.63433333333333,266.37533333333334,140.23566666666667,140.56633333333335,544.469,5961,2039,1938,101,101,0,0,0.0,1041.269914221877,failure
8,1000,0.25,complete,exponential,10.0,1.0,0.05,0.005,20.0,42,9716,47195470,45507033,1688437,0.9642245961317898,0.03577540386821023,26011,1662426,0.9845946280494919,0.015405371950508073,0.9647563055577975,1.0,0.0,1.0,1.0,1.0,2005,8,64,77728,621824,16040,128320,8.0,7.879271305063813,94.55125566076575,85120,1095616,0.09283583899741643,0.0360185889985587,123.29066666666667,120.23533333333333,276.9216666666667,141.26466666666667,142.824,555.8906666666667,5995,2005,1716,289,92,197,41,864.7293869923006,1244.5797996392305,failure
8,1000,0.25,complete,exponential,10.0,1.0,0.05,0.005,20.0,43,9777,47789976,46108432,1681544,0.9648138764497391,0.03518612355026083,27400,1654144,0.9837054516563349,0.01629454834366511,0.9653673620953778,1.0,0.0,1.0,1.0,1.0,1994,8,64,78216,625728,15952,127616,8.0,7.881456479492687,94.57747775391225,85120,1101960,0.09416047900231206,0.035725631001696456,120.16166666666666,120.67566666666667,272.14933333333335,140.47933333333333,140.80366666666666,555.139,6006,1994,1777,217,92,125,37,551.4797364164823,1178.22934467877,failure
8,1000,0.25,complete,exponential,10.0,1.0,0.05,0.005,20.0,44,9788,47897578,46242554,1655024,0.9654466035840058,0.03455339641599414,27020,1628004,0.9836739527644313,0.01632604723556879,0.9659915391000874,1.0,0.0,1.0,1.0,1.0,2027,8,64,78304,626432,16216,129728,8.0,7.839190845933796,94.07029015120555,85120,1103104,0.06953440299912472,0.07464495900057955,119.80766666666666,123.38433333333333,267.11333333333334,135.14966666666666,137.57066666666665,545.5276666666666,5973,2027,1788,239,96,143,37,650.2604628847618,1219.2850564035116,failure
8,1000,0.25,complete,exponential,10.0,1.0,0.05,0.005,20.0,45,9737,47399716,45720333,1679383,0.9645697666205426,0.03543023337945738,25403,1653980,0.984873611320348,0.015126388679651992,0.9650869871189478,1.0,0.0,1.0,1.0,1.0,2017,8,64,77896,623168,16136,129088,8.0,7.82972168018897,93.95666016226764,85120,1097800,0.05966819699824555,0.07499179799924605,117.767,120.165,266.1383333333333,139.461,139.167,552.9883333333333,5983,2017,1737,280,98,182,42,849.8408891242656,1190.9960494604668,failure
8,1000,0.25,complete,exponential,10.0,1.0,0.05,0.005,20.0,46,9682,46865721,45194241,1671480,0.964334699982531,0.03566530001746906,25871,1645609,0.9845221001746954,0.01547789982530452,0.964867329848409,1.0,0.0,1.0,1.0,1.0,1975,8,64,77456,619648,15800,126400,8.0,7.8362941541003925,94.0355298492047,85120,1092080,0.05777977199977613,0.0767428769977414,121.07333333333334,119.01933333333334,266.4653333333333,136.99,136.83933333333334,548.7236666666666,6025,1975,1682,293,89,204,48,1017.7494463528507,1242.2129120599234,failure
8,1000,0.25,complete,exponential,10.0,1.0,0.05,0.005,20.0,47,9729,47321856,45660234,1661622,0.9648867956489281,0.035113204351071944,25407,1636215,0.9847095187714173,0.015290481228582673,0.9654051195259923,1.0,0.0,1.0,1.0,1.0,2031,8,64,77832,622656,16248,129984,8.0,7.868640148011101,94.42368177613321,85120,1096968,0.058462600001803366,0.036547429001075216,123.43766666666667,122.78966666666666,265.32,138.77333333333334,138.78633333333335,535.0783333333334,5969,2031,1729,302,103,199,44,1056.5993244789215,1330.5635857614898,failure
8,1000,0.25,complete,exponential,10.0,1.0,0.05,0.005,20.0,48,9742,47448411,45781016,1667395,0.9648587810453758,0.035141218954624215,25416,1641979,0.9847570611642712,0.015242938835728786,0.9653758899031999,1.0,0.0,1.0,1.0,1.0,2006,8,64,77936,623488,16048,128384,8.0,7.861014165469103,94.33216998562924,85120,1098320,0.09253202100080671,0.03789766599948052,116.60466666666666,116.84533333333333,268.79333333333335,138.16866666666667,139.82833333333335,537.152,5994,2006,1742,264,103,161,42,817.2263420738539,1254.8118367687268,failure
8,1000,0.25,complete,exponential,10.0,1.0,0.05,0.005,20.0,49,9746,47487385,45872520,1614865,0.9659938107773254,0.034006189222674614,24755,1590110,0.984670545215854,0.015329454784146043,0.9664976424610267,1.0,0.0,1.0,1.0,1.0,2048,8,64,77968,623744,16384,131072,8.0,7.879642930432998,94.55571516519598,85120,1098736,0.09397341800286085,0.03691438500027289,120.02133333333333,121.80466666666666,269.508,143.76233333333334,142.72066666666666,553.7966666666666,5952,2048,1746,302,90,212,50,1063.4162593237697,1343.4207603556047,failure
8,1000,0.25,complete,exponential,10.0,1.0,0.05,0.005,20.0,50,9745,47477640,45827356,1650284,0.9652408165191024,0.034759183480897536,26056,1624228,0.9842112024354596,0.015788797564540408,0.9657708370704758,1.0,0.0,1.0,1.0,1.0,1994,8,64,77960,623680,15952,127616,8.0,7.885890200102617,94.63068240123141,85120,1098632,0.05982868700084509,0.07417502899988904,119.71733333333333,122.23866666666666,269.7316666666667,139.0,141.625,552.2703333333334,6006,1994,1745,249,108,141,39,791.5621095838728,1206.7998615900117,failure
8,1000,0.25,complete,exponential,10.0,1.0,0.05,0.005,20.0,51,9678,46827003,45167673,1659330,0.9645646764965932,0.035435323503406786,25166,1634164,0.9848336376730367,0.015166362326963292,0.9650833363656217,1.0,0.0,1.0,1.0,1.0,1989,8,64,77424,619392,15912,127296,8.0,7.862574912171937,94.35089894606324,85120,1091664,0.05838274000052479,0.07407115499881911,121.92133333333334,125.084,262.52133333333336,141.04733333333334,142.90066666666667,545.264,6011,1989,1678,311,100,211,41,949.2406070924997,1267.8942173090247,failure
8,1000,0.25,complete,exponential,10.0,1.0,0.05,0.005,20.0,52,9685,46894770,45183867,1710903,0.963516123439778,0.03648387656022196,25300,1685603,0.985212487207048,0.014787512792952026,0.9640362265671022,1.0,0.0,1.0,1.0,1.0,1951,8,64,77480,619840,15608,124864,8.0,7.860815694372741,94.3297883324729,85120,1092392,0.058019881002110196,0.07528342499790597,120.95333333333333,121.354,268.52566666666667,138.54933333333332,139.678,540.869,6049,1951,1685,266,103,163,38,811.5528725253102,1172.1835087354339,failure
8,1000,0.25,complete,exponential,10.0,1.0,0.05,0.005,20.0,53,9725,47282950,45613808,1669142,0.9646988607944301,0.035301139205569876,25774,1643368,0.9845585336657996,0.015441466334200446,0.9652250062509025,1.0,0.0,1.0,1.0,1.0,1993,8,64,77800,622400,15944,127552,8.0,7.852956298200514,94.23547557840617,85120,1096552,0.05838203899838845,0.036355488999106456,120.02133333333333,122.64933333333333,270.19233333333335,139.03033333333335,140.69666666666666,547.9956666666667,6007,1993,1725,268,95,173,44,811.7173510873954,1225.2873830383323,failure
8,1000,0.25,complete,exponential,10.0,1.0,0.05,0.005,20.0,54,9692,46962586,45278318,1684268,0.9641359613373931,0.035864038662606866,25492,1658776,0.984864641494109,0.015135358505890987,0.964659593114137,1.0,0.0,1.0,1.0,1.0,1962,8,64,77536,620288,15696,125568,8.0,7.807573256293851,93.69087907552621,85120,1093120,0.09166053800072405,0.03630535599950235,123.802,120.48566666666666,269.775,139.73466666666667,141.231,557.941,6038,1962,1692,270,94,176,34,821.0073092459593,1235.7089275853452,failure
8,1000,0.25,complete,exponential,10.0,1.0,0.05,0.005,20.0,55,9731,47341315,45658013,1683302,0.9644432775050714,0.03555672249492858,24889,1658413,0.9852141802243448,0.01478581977565523,0.964950586081882,1.0,0.0,1.0,1.0,1.0,2060,8,64,77848,622784,16480,131840,8.0,7.88007399034015,94.5608878840818,85120,1097176,0.09330532799867797,0.04044632699879003,125.211,122.95666666666666,276.2303333333333,145.66266666666667,151.52033333333333,563.7586666666666,5940,2060,1731,329,90,239,54,1063.2125061317258,1253.7465652533006,failure
8,1000,0.25,complete,exponential,10.0,1.0,0.05,0.005,20.0,56,9715,47185755,45549543,1636212,0.9653240262871707,0.03467597371282922,25567,1610645,0.9843742742383016,0.01562572576169836,0.9658473583693094,1.0,0.0,1.0,1.0,1.0,2007,8,64,77720,621760,16056,128448,8.0,7.850746268656716,94.2089552238806,85120,1095512,0.09615153499908047,0.03515296900150133,121.43733333333333,121.34366666666666,266.37533333333334,139.62133333333333,141.869,549.6656666666667,5993,2007,1715,292,86,206,39,863.7434495050129,1209.8429529582106,failure
8,1000,0.25,complete,exponential,10.0,1.0,0.05,0.005,20.0,57,9735,47380245,45735528,1644717,0.9652868616445525,0.03471313835544751,26400,1618317,0.9839486063559871,0.01605139364401292,0.9658250137871592,1.0,0.0,1.0,1.0,1.0,1982,8,64,77880,623040,15856,126848,8.0,7.863482280431433,94.3617873651772,85120,1097592,0.05937477699990268,0.07390978299736162,121.00666666666666,120.43866666666666,268.0316666666667,139.765,141.05733333333333,549.4983333333333,6018,1982,1735,247,92,155,41,743.9769144654492,1170.5591270198406,failure
8,1000,0.25,complete,exponential,10.0,1.0,0.05,0.005,20.0,58,9716,47195470,45490366,1705104,0.9638714478317516,0.036128552168248354,24595,1680509,0.985575659901097,0.014424340098903058,0.9643740125660166,1.0,0.0,1.0,1.0,1.0,2027,8,64,77728,621824,16216,129728,8.0,7.84643886372993,94.15726636475917,85120,1095616,0.05866410700036795,0.07520184199893265,118.368,119.604,267.728,140.917,143.03433333333334,546.9473333333333,5973,2027,1716,311,101,210,42,991.8521590114551,1320.4439364894267,failure
8,1000,0.25,complete,exponential,10.0,1.0,0.05,0.005,20.0,59,9760,47623920,45976873,1647047,0.965415551680752,0.03458444831924797,26226,1620821,0.9840769571238708,0.01592304287612922,0.9659474889686883,1.0,0.0,1.0,1.0,1.0,1990,8,64,78080,624640,15920,127360,8.0,7.8745901639344265,94.49508196721311,85120,1100192,0.05972666600064258,0.03780938099953346,116.762,114.90866666666666,259.64933333333335,136.43566666666666,137.71766666666667,537.9,6010,1990,1760,230,104,126,36,700.6501511620054,1211.5212696741637,failure
8,1000,0.25,complete,exponential,10.0,1.0,0.05,0.005,20.0,60,9732,47351046,45632887,1718159,0.9637144446608423,0.03628555533915766,26619,1691540,0.9845072545672432,0.015492745432756805,0.9642565138717897,1.0,0.0,1.0,1.0,1.0,1952,8,64,77856,622848,15616,124928,8.0,7.853062063296342,94.2367447595561,85120,1097280,0.05784806899828254,0.03636877399912919,118.68233333333333,118.809,266.34833333333336,140.61333333333334,140.72366666666667,542.1383333333333,6048,1952,1732,220,92,128,36,692.8185232814216,1200.3685963868513,failure
8,1000,0.25,complete,exponential,10.0,1.0,0.05,0.005,20.0,61,9793,47946528,46290905,1655623,0.9654693870638558,0.0345306129361442,26588,1629035,0.9839407884524436,0.016059211547556417,0.9660050701232097,1.0,0.0,1.0,1.0,1.0,2026,8,64,78344,626752,16208,129664,8.0,7.841927907689166,94.10313489226999,85120,1103624,0.09331600700170384,0.03772723699876224,123.85833333333333,120.519,282.5486666666667,140.96033333333332,142.363,559.4003333333334,5974,2026,1793,233,113,120,34,530.6520525278011,1137.5087824837794,failure
8,1000,0.25,complete,exponential,10.0,1.0,0.05,0.005,20.0,62,9708,47117778,45363568,1754210,0.962769678994625,0.037230321005375086,25891,1728319,0.9852406496371586,0.014759350362841393,0.9632990073215796,1.0,0.0,1.0,1.0,1.0,1979,8,64,77664,621312,15832,126656,8.0,7.8679439637412445,94.41532756489494,85120,1094784,0.09535664699797053,0.037042234998807544,123.715,120.04133333333333,265.57733333333334,141.341,142.88733333333334,549.1513333333334,6021,1979,1708,271,94,177,45,1005.0852597985623,1301.7192866249225,failure
8,1000,0.25,complete,exponential,10.0,1.0,0.05,0.005,20.0,63,9711,47146905,45426397,1720508,0.9635075091355414,0.03649249086445865,26228,1694280,0.9847556651872587,0.015244334812741353,0.964043810321316,1.0,0.0,1.0,1.0,1.0,1975,8,64,77688,621504,15800,126400,8.0,7.817526516321697,93.81031819586036,85120,1095096,0.05942232500092359,0.07458812199911335,118.228,118.97933333333333,268.79966666666667,141.869,141.59833333333333,557.4933333333333,6025,1975,1711,264,98,166,39,792.4812202972876,1181.8621189650864,failure
8,1000,0.25,complete,exponential,10.0,1.0,0.05,0.005,20.0,64,9729,47321856,45655809,1666047,0.9647932870595777,0.03520671294042228,26080,1639967,0.9843461799096904,0.015653820090309578,0.965325296703029,1.0,0.0,1.0,1.0,1.0,1986,8,64,77832,622656,15888,127104,8.0,7.862267447836365,94.34720937403638,85120,1096968,0.05891368299853639,0.07528843299951404,119.71066666666667,121.11666666666666,270.68333333333334,142.67033333333333,141.91566666666668,552.504,6014,1986,1729,257,95,162,43,890.441025310982,1238.989582949389,failure
8,1000,0.25,complete,exponential,10.0,1.0,0.05,0.005,20.0,65,9764,47662966,45951105,1711861,0.964084043783595,0.035915956216405,25853,1686008,0.9848977224202199,0.015102277579780134,0.9646072590503123,1.0,0.0,1.0,1.0,1.0,2037,8,64,78112,624896,16296,130368,8.0,7.864092585006145,94.36911102007375,85120,1100608,0.05924547399990843,0.0368344859998615,119.18633333333334,118.11433333333333,262.5013333333333,135.527,135.93466666666666,536.1636666666667,5963,2037,1764,273,87,186,36,880.4841378137783,1277.6166925252808,failure
8,1000,0.25,complete,exponential,10.0,1.0,0.05,0.005,20.0,66,9798,47995503,46333183,1662320,0.9653650884750599,0.03463491152494016,26207,1636113,0.9842346840560181,0.015765315943981905,0.9658924950660106,1.0,0.0,1.0,1.0,1.0,2092,8,64,78384,627072,16736,133888,8.0,7.8595631761583995,94.3147581139008,85120,1104144,0.05914865299928351,0.03666684299969347,128.18666666666667,122.62966666666667,280.41133333333335,145.35866666666666,149.32933333333332,594.0553333333334,5908,2092,1798,294,118,176,31,851.4354922470186,1196.3954673446237,failure
8,1000,0.25,complete,exponential,10.0,1.0,0.05,0.005,20.0,67,9749,47516626,45880907,1635719,0.9655758597001395,0.03442414029986052,24605,1611114,0.9849576852747935,0.015042314725206469,0.9660761120273235,1.0,0.0,1.0,1.0,1.0,2074,8,64,77992,623936,16592,132736,8.0,7.825007693096728,93.90009231716073,85120,1099048,0.10053119200165384,0.038015667003492126,123.66833333333334,119.70733333333334,274.82433333333336,143.52866666666668,144.37366666666668,542.8226666666667,5926,2074,1749,325,88,237,42,1145.2030929251061,1361.5328562184095,failure
8,1000,0.25,complete,exponential,10.0,1.0,0.05,0.005,20.0,68,9713,47166328,45438547,1727781,0.963368337683612,0.03663166231638808,26448,1701333,0.9846925044319853,0.015307495568014697,0.9639088389703155,1.0,0.0,1.0,1.0,1.0,1958,8,64,77704,621632,15664,125312,8.0,7.828580253268815,93.94296303922579,85120,1095304,0.09479526600262034,0.036564590998750646,119.467,118.99266666666666,269.63466666666665,143.63233333333332,140.33933333333334,551.873,6042,1958,1713,245,101,144,45,580.8041064125316,1120.474491815165,failure
8,1000,0.25,complete,exponential,10.0,1.0,0.05,0.005,20.0,69,9749,47516626,45866795,1649831,0.9652788689163242,0.034721131083675846,25829,1624002,0.9843444570989393,0.015655542901060776,0.9658038587981583,1.0,0.0,1.0,1.0,1.0,2030,8,64,77992,623936,16240,129920,8.0,7.810236947379218,93.72284336855063,85120,1099048,0.05911983900296036,0.07356442699892796,117.60366666666667,122.63266666666667,262.952,139.29766666666666,140.266,545.6446666666667,5970,2030,1749,281,109,172,43,799.5602779492232,1231.9382751307692,failure
8,1000,0.25,complete,exponential,10.0,1.0,0.05,0.005,20.0,70,9694,46981971,45272514,1709457,0.9636146171900707,0.03638538280992937,25675,1683782,0.9849806108021436,0.015019389197856396,0.964141507243246,1.0,0.0,1.0,1.0,1.0,1960,8,64,77552,620416,15680,125440,8.0,7.864555395089746,94.37466474107696,85120,1093328,0.058963245999620995,0.07378943799994886,126.754,127.275,280.51166666666666,139.728,141.73533333333333,554.8216666666667,6040,1960,1694,266,93,173,41,722.0668423752126,1188.1438840340911,failure
8,1000,0.25,complete,exponential,10.0,1.0,0.05,0.005,20.0,71,9742,47448411,45784736,1663675,0.964937181984872,0.035062818015128054,25484,1638191,0.9846821043773574,0.015317895622642644,0.9654557172314564,1.0,0.0,1.0,1.0,1.0,2039,8,64,77936,623488,16312,130496,8.0,7.839560665161158,94.07472798193389,85120,1098320,0.05924138699992909,0.0366937719991256,114.75833333333334,119.243,263.45633333333336,138.98366666666666,138.95666666666668,541.7406666666667,5961,2039,1742,297,101,196,41,1005.9133125181024,1232.1479302353625,failure
8,1000,0.25,complete,exponential,10.0,1.0,0.05,0.01,20.0,42,9607,46142421,44516409,1626012,0.9647610167658953,0.03523898323410469,24221,1601791,0.9851040459726005,0.014895954027399553,0.9652677034229437,1.0,0.0,1.0,1.0,1.0,2005,8,64,76856,614848,16040,128320,8.0,7.871239721036744,94.45487665244093,85120,1084280,0.0584458880002785,0.03693426199970418,120.148,121.63466666666666,271.732,140.13866666666667,141.07733333333334,544.212,5995,2005,1607,398,92,306,84,1623.499900442058,1319.237448386442,failure
8,1000,0.25,complete,exponential,10.0,1.0,0.05,0.01,20.0,43,9690,46943205,45252504,1690701,0.9639841165510535,0.03601588344894645,25602,1665099,0.9848571687128593,0.01514283128714066,0.9645101434529807,1.0,0.0,1.0,1.0,1.0,1994,8,64,77520,620160,15952,127616,8.0,7.8803921568627455,94.56470588235294,85120,1092912,0.09321951600213652,0.03722303299946361,118.52533333333334,119.21,267.53066666666666,140.21566666666666,140.82366666666667,542.4786666666666,6006,1994,1690,304,92,212,72,1130.1926571706695,1271.123221497205,failure
8,1000,0.25,complete,exponential,10.0,1.0,0.05,0.01,20.0,44,9581,45892990,44278101,1614889,0.9648118590660578,0.0351881409339422,23951,1590938,0.9851686400737141,0.014831359926285955,0.9653156457016682,1.0,0.0,1.0,1.0,1.0,2027,8,64,76648,613184,16216,129728,8.0,7.829349754722889,93.95219705667466,85120,1081576,0.0951981899997918,0.03666505799992592,120.61566666666667,120.84266666666667,277.653,142.069,142.95433333333332,540.0043333333333,5973,2027,1581,446,96,350,89,1661.650964271949,1320.9525709046848,failure
8,1000,0.25,complete,exponential,10.0,1.0,0.05,0.01,20.0,45,9598,46056003,44397498,1658505,0.9639893848365435,0.03601061516345654,23508,1634997,0.9858257888881854,0.014174211111814557,0.9644816775627738,1.0,0.0,1.0,1.0,1.0,2017,8,64,76784,614272,16136,129088,8.0,7.830902271306522,93.97082725567827,85120,1083344,0.059561145997577114,0.07703743700039922,121.80466666666666,119.958,269.1673333333333,139.08733333333333,141.251,546.947,5983,2017,1598,419,98,321,89,1798.5605248752338,1507.802045478483,failure
8,1000,0.25,complete,exponential,10.0,1.0,0.05,0.01,20.0,46,9596,46036810,44367172,1669638,0.9637325435884893,0.036267456411510704,24553,1645085,0.9852944171131707,0.01470558288682936,0.9642468092795361,1.0,0.0,1.0,1.0,1.0,1975,8,64,76768,614144,15800,126400,8.0,7.835139641517299,94.02167569820759,85120,1083136,0.0589128619976691,0.07573030999992625,119.44666666666667,119.44,272.29633333333334,142.09933333333333,148.421,568.0,6025,1975,1596,379,89,290,86,1594.7678641409589,1342.8771145843484,failure
8,1000,0.25,complete,exponential,10.0,1.0,0.05,0.01,20.0,47,9559,45682461,44071546,1610915,0.9647366852674597,0.03526331473254035,22694,1588221,0.9859123541589717,0.014087645841028236,0.9652161825530121,1.0,0.0,1.0,1.0,1.0,2031,8,64,76472,611776,16248,129984,8.0,7.868605502667643,94.42326603201172,85120,1079288,0.05877223900097306,0.036948279001080664,119.477,117.98733333333334,260.0233333333333,135.97133333333332,137.89466666666667,537.416,5969,2031,1559,472,103,369,88,1981.6643959175747,1563.0424997725283,failure
8,1000,0.25,complete,exponential,10.0,1.0,0.05,0.01,20.0,48,9642,46479261,44818990,1660271,0.9642793158867135,0.03572068411328657,23749,1636522,0.9856957087126138,0.014304291287386216,0.9647722750316475,1.0,0.0,1.0,1.0,1.0,2006,8,64,77136,617088,16048,128384,8.0,7.8600912673719145,94.32109520846298,85120,1087920,0.062083505999908084,0.043200431999139255,118.288,115.703,264.32166666666666,140.376,144.31,549.4983333333333,5994,2006,1642,364,103,261,80,1598.5451872115816,1393.5254843510047,failure
8,1000,0.25,complete,exponential,10.0,1.0,0.05,0.01,20.0,49,9570,45787665,44231929,1555736,0.9660228142230008,0.03397718577699911,22640,1533096,0.9854474023870374,0.01455259761296261,0.9665007065985434,1.0,0.0,1.0,1.0,1.0,2048,8,64,76560,612480,16384,131072,8.0,7.87742946708464,94.52915360501568,85120,1080432,0.09325189700030023,0.03597675099808839,119.941,120.58566666666667,263.57033333333334,142.02933333333334,141.782,549.6153333333333,5952,2048,1570,478,90,388,95,2039.2954335418326,1404.2207634019699,failure
8,1000,0.25,complete,exponential,10.0,1.0,0.05,0.01,20.0,50,9540,45501030,43857243,1643787,0.9638736309925292,0.03612636900747082,23226,1620561,0.9858704321180299,0.014129567881970109,0.9643658915456867,1.0,0.0,1.0,1.0,1.0,1994,8,64,76320,610560,15952,127616,8.0,7.889937106918239,94.67924528301887,85120,1077312,0.05872845700287144,0.07294212100168807,119.183,118.846,269.19733333333335,140.52966666666666,139.99566666666666,546.7803333333334,6006,1994,1540,454,108,346,85,1733.4754349033842,1354.4883641446468,failure
8,1000,0.25,complete,exponential,10.0,1.0,0.05,0.01,20.0,51,9601,46084800,44460839,1623961,0.964761461479707,0.035238538520293024,23814,1600147,0.985335854740354,0.014664145259646013,0.965260253004571,1.0,0.0,1.0,1.0,1.0,1989,8,64,76808,614464,15912,127296,8.0,7.861472763253828,94.33767315904593,85120,1083656,0.05922354299764265,0.07438482100042165,121.12666666666667,116.77166666666666,272.97766666666666,137.12333333333333,139.37766666666667,547.7016666666667,6011,1989,1601,388,100,288,75,1430.634050045759,1320.3201637841255,failure
8,1000,0.25,complete,exponential,10.0,1.0,0.05,0.01,20.0,52,9517,45281886,43557367,1724519,0.9619159193148448,0.03808408068515521,23998,1700521,0.9860842356622339,0.013915764337766067,0.9624259753349516,1.0,0.0,1.0,1.0,1.0,1951,8,64,76136,609088,15608,124864,8.0,7.8698119155195965,94.43774298623515,85120,1074920,0.057157344999723136,0.0773417669988703,124.62,119.92433333333334,280.221,139.06033333333335,140.239,553.6296666666667,6049,1951,1517,434,103,331,77,1694.974521018628,1347.2916269249076,failure
8,1000,0.25,complete,exponential,10.0,1.0,0.05,0.01,20.0,53,9617,46238536,44593085,1645451,0.9644138603350244,0.03558613966497555,24315,1621136,0.9852228963366275,0.014777103663372534,0.9649212739083063,1.0,0.0,1.0,1.0,1.0,1993,8,64,76936,615488,15944,127552,8.0,7.852240823541645,94.22688988249973,85120,1085320,0.058329999999841675,0.03686758799813106,121.70466666666667,122.79966666666667,261.38933333333335,138.26533333333333,138.075,541.3733333333333,6007,1993,1617,376,95,281,79,1479.9213687320046,1334.7886433015149,failure
8,1000,0.25,complete,exponential,10.0,1.0,0.05,0.01,20.0,54,9540,45501030,43857902,1643128,0.9638881141811515,0.0361118858188485,23345,1619783,0.9857923424103295,0.014207657589670434,0.9643829055942491,1.0,0.0,1.0,1.0,1.0,1962,8,64,76320,610560,15696,125568,8.0,7.807023060796646,93.68427672955976,85120,1077312,0.09234361600101693,0.03603417799968156,118.542,122.71633333333334,268.9836666666667,138.53933333333333,138.91,544.0583333333333,6038,1962,1540,422,94,328,77,1814.5097345560748,1363.6760991450512,failure
8,1000,0.25,complete,exponential,10.0,1.0,0.05,0.01,20.0,55,9647,46527481,44929195,1598286,0.9656485593965425,0.03435144060345756,23838,1574448,0.985085272598271,0.014914727401729102,0.9661435556779928,1.0,0.0,1.0,1.0,1.0,2060,8,64,77176,617408,16480,131840,8.0,7.881102933554473,94.57323520265368,85120,1088440,0.09498977899784222,0.035684473001310835,123.82533333333333,126.924,280.6286666666667,139.62133333333333,140.05533333333332,539.5296666666667,5940,2060,1647,413,90,323,88,1930.0162921500212,1339.2112780119649,failure
8,1000,0.25,complete,exponential,10.0,1.0,0.05,0.01,20.0,56,9610,46171245,44565425,1605820,0.9652203443940054,0.034779655605994594,24252,1581568,0.9848974355780847,0.015102564421915283,0.9657276043966722,1.0,0.0,1.0,1.0,1.0,2007,8,64,76880,615040,16056,128448,8.0,7.848491155046826,94.18189386056191,85120,1084592,0.059663175998139195,0.07309633999830112,117.31266666666667,117.116,268.319,138.90666666666667,138.86666666666667,544.7096666666666,5993,2007,1610,397,86,311,69,1453.1522353910852,1249.000614532448,failure
8,1000,0.25,complete,exponential,10.0,1.0,0.05,0.01,20.0,57,9560,45692020,44119386,1572634,0.9655818674683238,0.03441813253167621,23714,1548920,0.9849208398139682,0.015079160186031842,0.9660832613322684,1.0,0.0,1.0,1.0,1.0,1982,8,64,76480,611840,15856,126848,8.0,7.859205020920502,94.31046025104602,85120,1079392,0.05920388600134174,0.07286958600161597,124.296,119.42,270.9273333333333,141.22766666666666,143.34466666666665,545.895,6018,1982,1560,422,92,330,83,1751.443335811946,1346.3201616396627,failure
8,1000,0.25,complete,exponential,10.0,1.0,0.05,0.01,20.0,58,9661,46662630,45021318,1641312,0.9648259860192192,0.035174013980780766,23571,1617741,0.9856389278820846,0.014361072117915423,0.965313601202803,1.0,0.0,1.0,1.0,1.0,2027,8,64,77288,618304,16216,129728,8.0,7.845357623434427,94.14429148121312,85120,1089896,0.05979632600065088,0.03556552999725682,115.613,112.23333333333333,262.75866666666667,134.51166666666666,136.98966666666666,543.758,5973,2027,1661,366,101,265,69,1438.991282088699,1394.145659766914,failure
8,1000,0.25,complete,exponential,10.0,1.0,0.05,0.01,20.0,59,9624,46305876,44689809,1616067,0.9651001743277678,0.03489982567223218,24157,1591910,0.9850519811369207,0.014948018863079315,0.9656039137180709,1.0,0.0,1.0,1.0,1.0,1990,8,64,76992,615936,15920,127360,8.0,7.87219451371571,94.46633416458852,85120,1086048,0.05769976100054919,0.03533357600099407,125.96933333333334,127.759,292.858,145.29866666666666,146.10366666666667,570.7483333333333,6010,1990,1624,366,104,262,75,1445.611995538002,1294.3759067069211,failure
8,1000,0.25,complete,exponential,10.0,1.0,0.05,0.01,20.0,60,9582,45902571,44236801,1665770,0.9637107472694721,0.03628925273052788,24010,1641760,0.9855862454000253,0.014413754599974786,0.9642150938430698,1.0,0.0,1.0,1.0,1.0,1952,8,64,76656,613248,15616,124928,8.0,7.854205802546441,94.25046963055729,85120,1081680,0.09882033900066745,0.036797426000703126,120.05466666666666,119.68733333333333,283.42033333333336,140.33266666666665,140.69666666666666,535.95,6048,1952,1582,370,92,278,84,1779.765230804704,1484.6924028809817,failure
8,1000,0.25,complete,exponential,10.0,1.0,0.05,0.01,20.0,61,9672,46768956,45169424,1599532,0.965799279333924,0.03420072066607602,24331,1575201,0.9847886756876386,0.015211324312361366,0.9663019865920414,1.0,0.0,1.0,1.0,1.0,2026,8,64,77376,619008,16208,129664,8.0,7.827956989247312,93.93548387096774,85120,1091040,0.09589036499892245,0.03671245700024883,123.568,120.49566666666666,262.61833333333334,142.10933333333332,141.398,562.6733333333333,5974,2026,1672,354,113,241,65,1237.4992041046355,1317.5128809012456,failure
8,1000,0.25,complete,exponential,10.0,1.0,0.05,0.01,20.0,62,9629,46354006,44583612,1770394,0.9618070981826252,0.038192901817374746,24742,1745652,0.98602457983929,0.01397542016070999,0.962320748285576,1.0,0.0,1.0,1.0,1.0,1979,8,64,77032,616256,15832,126656,8.0,7.871222349153599,94.45466818984319,85120,1086568,0.059475363999808906,0.0747086080009467,118.482,119.67733333333334,268.00166666666667,138.656,138.319,547.762,6021,1979,1629,350,94,256,83,1564.120735390607,1470.823642886142,failure
8,1000,0.25,complete,exponential,10.0,1.0,0.05,0.01,20.0,63,9559,45682461,43988282,1694179,0.9629140163880401,0.03708598361195996,23757,1670422,0.9859772786700814,0.014022721329918504,0.9634150369226424,1.0,0.0,1.0,1.0,1.0,1975,8,64,76472,611776,15800,126400,8.0,7.818286431635109,93.8194371796213,85120,1079288,0.05809077300000354,0.0748773830018763,121.40733333333333,122.93333333333334,266.1413333333333,137.15666666666667,138.83,556.0743333333334,6025,1975,1559,416,98,318,77,1642.6357293134758,1346.1069509183153,failure
8,1000,0.25,complete,exponential,10.0,1.0,0.05,0.01,20.0,64,9540,45501030,43846512,1654518,0.9636377901774971,0.03636220982250292,23933,1630585,0.9855347599723907,0.014465240027609249,0.9641449189247941,1.0,0.0,1.0,1.0,1.0,1986,8,64,76320,610560,15888,127104,8.0,7.843396226415094,94.12075471698112,85120,1077312,0.0583090509971953,0.03664051300074789,115.60966666666667,115.28933333333333,252.83333333333334,133.88366666666667,133.343,531.9323333333333,6014,1986,1540,446,95,351,87,2032.1874290416176,1342.8029267206598,failure
8,1000,0.25,complete,exponential,10.0,1.0,0.05,0.01,20.0,65,9618,46248153,44545797,1702356,0.9631908327236333,0.03680916727636669,23077,1679279,0.9864440810265303,0.01355591897346971,0.9636716876355162,1.0,0.0,1.0,1.0,1.0,2037,8,64,76944,615552,16296,130368,8.0,7.861405697650239,94.33686837180286,85120,1085424,0.05837152800086187,0.03709873000116204,119.43033333333334,124.29233333333333,265.9343333333333,139.381,141.32466666666667,552.2136666666667,5963,2037,1618,419,87,332,77,1803.3617789195832,1414.180207643508,failure
8,1000,0.25,complete,exponential,10.0,1.0,0.05,0.01,20.0,66,9615,46219305,44607192,1612113,0.9651203539300299,0.03487964606997011,22971,1589142,0.9857509988443738,0.014249001155626188,0.9656002573710719,1.0,0.0,1.0,1.0,1.0,2092,8,64,76920,615360,16736,133888,8.0,7.840873634945398,94.09048361934478,85120,1085112,0.09371861000181525,0.03612583900030586,125.71533333333333,119.31,278.05033333333336,137.77133333333333,138.94666666666666,553.2053333333333,5908,2092,1615,477,118,359,69,1919.075873511706,1388.8390444800887,failure
8,1000,0.25,complete,exponential,10.0,1.0,0.05,0.01,20.0,67,9598,46056003,44478927,1577076,0.9657574279730701,0.03424257202692991,22454,1554622,0.9857622587624185,0.014237741237581448,0.9662285000011622,1.0,0.0,1.0,1.0,1.0,2074,8,64,76784,614272,16592,132736,8.0,7.820275057303605,93.84330068764326,85120,1083344,0.05988189500203589,0.07249737899837783,124.36266666666667,119.704,270.46633333333335,138.633,141.54166666666666,549.739,5926,2074,1598,476,88,388,85,1908.5760795943845,1420.9908528957453,failure
8,1000,0.25,complete,exponential,10.0,1.0,0.05,0.01,20.0,68,9568,45768528,44046864,1721664,0.9623832341734915,0.03761676582650856,24772,1696892,0.9856115943645217,0.014388405635478234,0.962904401641177,1.0,0.0,1.0,1.0,1.0,1958,8,64,76544,612352,15664,125312,8.0,7.828490802675585,93.94188963210702,85120,1080224,0.059222079999017296,0.07352377899951534,121.454,117.847,266.50866666666667,142.981,143.956,547.9956666666667,6042,1958,1568,390,101,289,87,1423.400904190698,1304.3842625627242,failure
8,1000,0.25,complete,exponential,10.0,1.0,0.05,0.01,20.0,69,9606,46132815,44419729,1713086,0.9628662157295192,0.03713378427048079,24208,1688878,0.9858687771658866,0.014131222834113407,0.9633717409853653,1.0,0.0,1.0,1.0,1.0,2030,8,64,76848,614784,16240,129920,8.0,7.812721215906725,93.7526545908807,85120,1084176,0.0590770490016439,0.0759503909976047,122.62966666666667,121.61766666666666,285.391,137.17,138.9,546.4263333333333,5970,2030,1606,424,109,315,80,1604.9500086452906,1315.1706736000335,failure
8,1000,0.25,complete,exponential,10.0,1.0,0.05,0.01,20.0,70,9598,46056003,44421553,1634450,0.9645116837429423,0.03548831625705774,24302,1610148,0.9851313897641408,0.014868610235859158,0.9650208885394003,1.0,0.0,1.0,1.0,1.0,1960,8,64,76784,614272,15680,125440,8.0,7.860491769118567,94.3259012294228,85120,1083344,0.05786966899904655,0.035850112999469275,117.47666666666667,126.233,261.022,140.32933333333332,143.74566666666666,536.8746666666667,6040,1960,1598,362,93,269,78,1317.0121257824774,1267.7378730788412,failure
8,1000,0.25,complete,exponential,10.0,1.0,0.05,0.01,20.0,71,9593,46008028,44362675,1645353,0.9642376978209107,0.03576230217908927,23848,1621505,0.9855058458580013,0.014494154141998708,0.9647377641615008,1.0,0.0,1.0,1.0,1.0,2039,8,64,76744,613952,16312,130496,8.0,7.838319608047534,94.05983529657041,85120,1082824,0.09640854399913223,0.04404500199962058,121.471,118.87266666666666,265.8276666666667,134.802,137.888,538.852,5961,2039,1593,446,101,345,76,1748.3012335543817,1323.5061808433786,failure
8,1000,0.25,complete,exponential,10.0,1.0,0.05,0.02,20.0,42,9393,44109528,42468584,1640944,0.9627984230527246,0.037201576947275425,20915,1620029,0.9872542877758168,0.012745712224183152,0.9632551606919456,1.0,0.0,1.0,1.0,1.0,2005,8,64,75144,601152,16040,128320,8.0,7.862131374427765,94.34557649313318,75616,1052520,0.09297126000092248,0.0339933569994173,119.09966666666666,117.90066666666667,266.6023333333333,138.38566666666668,141.495,542.1813333333333,5995,2005,1393,612,92,520,159,3318.7785498496146,1661.685799172991,failure
8,1000,0.25,complete,exponential,10.0,1.0,0.05,0.02,20.0,43,9409,44259936,42619755,1640181,0.9629420837843056,0.03705791621569448,21867,1618314,0.9866679348193889,0.013332065180611164,0.9634180687226651,1.0,0.0,1.0,1.0,1.0,1994,8,64,75272,602176,15952,127616,8.0,7.875650972473164,94.50781166967796,75616,1054184,0.0587417610004195,0.07160665099945618,117.39966666666666,120.56566666666667,270.363,136.923,138.29866666666666,550.4803333333333,6006,1994,1409,585,92,493,151,2910.152882154726,1480.3574665384645,failure
8,1000,0.25,complete,exponential,10.0,1.0,0.05,0.02,20.0,44,9382,44006271,42495090,1511181,0.9656598715214929,0.03434012847850707,21163,1490018,0.985995721227305,0.014004278772694998,0.9661244892248531,1.0,0.0,1.0,1.0,1.0,2027,8,64,75056,600448,16216,129728,8.0,7.835109784694095,94.02131741632914,75616,1051376,0.059046892001788365,0.07215508700028295,124.97066666666667,120.46866666666666,273.552,141.24433333333334,142.80066666666667,548.5733333333334,5973,2027,1382,645,96,549,175,3420.5268199787856,1528.680095566327,failure
8,1000,0.25,complete,exponential,10.0,1.0,0.05,0.02,20.0,45,9315,43379955,41733964,1645991,0.9620564152268023,0.03794358477319767,20590,1625401,0.9874908186010738,0.01250918139892624,0.962513265588645,1.0,0.0,1.0,1.0,1.0,2017,8,64,74520,596160,16136,129088,8.0,7.8167471819645735,93.80096618357489,75616,1044408,0.05839499200010323,0.0345490180006891,114.92833333333333,113.57933333333334,262.291,138.13866666666667,138.49233333333333,548.313,5983,2017,1315,702,98,604,159,3316.316851898487,1701.9488559225879,failure
8,1000,0.25,complete,exponential,10.0,1.0,0.05,0.02,20.0,46,9369,43884396,42208048,1676348,0.9618008186782382,0.03819918132176184,21086,1655262,0.9874214661872117,0.012578533812788275,0.9622631762172075,1.0,0.0,1.0,1.0,1.0,1975,8,64,74952,599616,15800,126400,8.0,7.82047176859857,93.84566122318284,75616,1050024,0.05682963200160884,0.035780041998805245,122.977,122.369,269.07033333333334,142.24633333333333,143.31166666666667,547.0373333333333,6025,1975,1369,606,89,517,167,3219.277569838714,1722.0501176997773,failure
8,1000,0.25,complete,exponential,10.0,1.0,0.05,0.02,20.0,47,9368,43875028,42277166,1597862,0.9635815161189185,0.036418483881081515,20409,1577453,0.987227307489633,0.012772692510366978,0.9640299463096464,1.0,0.0,1.0,1.0,1.0,2031,8,64,74944,599552,16248,129984,8.0,7.871157130657558,94.4538855678907,75616,1049920,0.09353603700219537,0.03538485199896968,122.179,118.966,268.222,141.231,144.17,538.448,5969,2031,1368,663,103,560,162,3536.584344207946,1659.2634540007725,failure
8,1000,0.25,complete,exponential,10.0,1.0,0.05,0.02,20.0,48,9353,43734628,42085574,1649054,0.9622940887938958,0.03770591120610423,19782,1629272,0.9880040314022464,0.011995968597753622,0.9627295495905441,1.0,0.0,1.0,1.0,1.0,2006,8,64,74824,598592,16048,128384,8.0,7.82091307601839,93.85095691222068,75616,1048360,0.05834330500147189,0.07254035799996927,118.896,118.63533333333334,262.2543333333333,142.00233333333333,143.21466666666666,553.1953333333333,5994,2006,1353,653,103,550,162,3455.765411892441,1794.4643135184015,failure
8,1000,0.25,complete,exponential,10.0,1.0,0.05,0.02,20.0,49,9340,43613130,42003826,1609304,0.963100469973148,0.03689953002685201,20464,1588840,0.9872839438664168,0.012716056133583214,0.9635525847398275,1.0,0.0,1.0,1.0,1.0,2048,8,64,74720,597760,16384,131072,8.0,7.8755888650963595,94.5070663811563,75616,1047008,0.05837152800086187,0.07400028099800693,119.19333333333333,118.86233333333334,268.05533333333335,139.518,140.84366666666668,551.1283333333333,5952,2048,1340,708,90,618,187,3969.0731700694355,1660.6157141310189,failure
8,1000,0.25,complete,exponential,10.0,1.0,0.05,0.02,20.0,50,9341,43622470,41974614,1647856,0.9622246058052192,0.037775394194780806,20833,1627023,0.9873575118214213,0.012642488178578711,0.9626843597638318,1.0,0.0,1.0,1.0,1.0,1994,8,64,74728,597824,15952,127616,8.0,7.819719516111765,93.83663419334118,75616,1047112,0.05868058600026416,0.0345039630010433,119.3,121.344,268.73633333333333,143.12766666666667,143.15466666666666,543.0766666666667,6006,1994,1341,653,108,545,163,3493.258254175938,1644.8493277861653,failure
8,1000,0.25,complete,exponential,10.0,1.0,0.05,0.02,20.0,51,9400,44175300,42504421,1670879,0.9621761708466043,0.037823829153395674,22221,1648658,0.9867010118626184,0.013298988137381581,0.9626604069899632,1.0,0.0,1.0,1.0,1.0,1989,8,64,75200,601600,15912,127296,8.0,7.862234042553191,94.3468085106383,75616,1053248,0.09128645600139862,0.03475964199969894,120.33166666666666,119.35333333333334,268.967,138.02833333333334,140.22233333333332,543.317,6011,1989,1400,589,100,489,153,2855.0691038345294,1510.1236192497695,failure
8,1000,0.25,complete,exponential,10.0,1.0,0.05,0.02,20.0,52,9212,42425866,40705724,1720142,0.9594553473581423,0.04054465264185768,19742,1700400,0.9885230405396763,0.011476959460323625,0.9599020179255241,1.0,0.0,1.0,1.0,1.0,1951,8,64,73696,589568,15608,124864,8.0,7.8655015197568385,94.38601823708206,75616,1033696,0.09304748299837229,0.03458837099969969,118.24466666666666,121.52733333333333,262.78866666666664,135.94433333333333,137.59733333333332,554.9786666666666,6049,1951,1212,739,103,636,168,3772.158397407956,1668.1831667740998,failure
8,1000,0.25,complete,exponential,10.0,1.0,0.05,0.02,20.0,53,9377,43959376,42289838,1669538,0.9620208894684947,0.03797911053150527,21514,1648024,0.987113800344766,0.012886199655233964,0.9624919391844783,1.0,0.0,1.0,1.0,1.0,1993,8,64,75016,600128,15944,127552,8.0,7.854964274288152,94.25957129145783,75616,1050856,0.06485421199977282,0.07652288200188195,121.04333333333334,121.05966666666667,268.703,139.81833333333333,141.525,541.9343333333334,6007,1993,1377,616,95,521,149,2961.0920943391952,1590.6483797958408,failure
8,1000,0.25,complete,exponential,10.0,1.0,0.05,0.02,20.0,54,9331,43529115,41849782,1679333,0.9614204653597942,0.038579534640205755,20925,1658408,0.9875396958197094,0.012460304180290628,0.9618828546993107,1.0,0.0,1.0,1.0,1.0,1962,8,64,74648,597184,15696,125568,8.0,7.800128603579466,93.6015432429536,75616,1046072,0.05801062300088233,0.07299824499932583,117.66,121.64766666666667,266.7896666666667,134.46866666666668,133.64333333333335,545.5613333333333,6038,1962,1331,631,94,537,181,3404.714904204009,1637.7043401003823,failure
8,1000,0.25,complete,exponential,10.0,1.0,0.05,0.02,20.0,55,9381,43996890,42381000,1615890,0.9632726313155316,0.03672736868446838,20792,1595098,0.9871327875040999,0.012867212495900093,0.963728068825024,1.0,0.0,1.0,1.0,1.0,2060,8,64,75048,600384,16480,131840,8.0,7.876452403794905,94.51742884553886,75616,1051272,0.05763372699948377,0.034587099002237665,118.06766666666667,123.38733333333333,260.1666666666667,137.09666666666666,137.81466666666665,545.8953333333334,5940,2060,1381,679,90,589,171,3646.12881075193,1584.1628736042192,failure
8,1000,0.25,complete,exponential,10.0,1.0,0.05,0.02,20.0,56,9361,43809480,42232358,1577122,0.9640004400873966,0.03599955991260339,20424,1556698,0.9870498287386772,0.01295017126132284,0.9644500671583329,1.0,0.0,1.0,1.0,1.0,2007,8,64,74888,599104,16056,128448,8.0,7.843392799914539,94.12071359897446,75616,1049192,0.09186284499810426,0.03373762900082511,115.35933333333334,119.37366666666667,265.6003333333333,138.653,139.03366666666668,552.5373333333333,5993,2007,1361,646,86,560,145,3165.46407021525,1479.3979471356374,failure
8,1000,0.25,complete,exponential,10.0,1.0,0.05,0.02,20.0,57,9292,43165986,41562057,1603929,0.9628427577213226,0.03715724227867748,19878,1584051,0.9876066833382275,0.012393316661772435,0.9632863525025247,1.0,0.0,1.0,1.0,1.0,1982,8,64,74336,594688,15856,126848,8.0,7.848148945329315,94.17778734395179,75616,1042016,0.09350498899948434,0.0338097439998819,126.49366666666667,120.75933333333333,271.4046666666667,140.27266666666668,143.25833333333333,554.8516666666667,6018,1982,1292,690,92,598,182,3669.7932720545596,1651.124513190014,failure
8,1000,0.25,complete,exponential,10.0,1.0,0.05,0.02,20.0,58,9389,44071966,42351753,1720213,0.9609680902367732,0.03903190976322681,21354,1698859,0.987586420983913,0.01241357901608696,0.9614339296807045,1.0,0.0,1.0,1.0,1.0,2027,8,64,75112,600896,16216,129728,8.0,7.853125998508894,94.23751198210672,75616,1052104,0.05826619000072242,0.07213013999717077,121.40366666666667,119.09633333333333,275.659,138.98033333333333,139.872,550.36,5973,2027,1389,638,101,537,163,3271.411290311663,1518.8652406480624,failure
8,1000,0.25,complete,exponential,10.0,1.0,0.05,0.02,20.0,59,9385,44034420,42394791,1639629,0.9627648326014059,0.0372351673985941,21408,1618221,0.9869433878029725,0.013056612197027499,0.9632331229682712,1.0,0.0,1.0,1.0,1.0,1990,8,64,75080,600640,15920,127360,8.0,7.869152903569526,94.42983484283431,75616,1051688,0.05889678099993034,0.07757443100126693,118.52166666666666,122.469,267.18,137.728,139.688,560.1916666666667,6010,1990,1385,605,104,501,155,3084.691715803464,1506.7490364926878,failure
8,1000,0.25,complete,exponential,10.0,1.0,0.05,0.02,20.0,60,9295,43193865,41487265,1706600,0.9604897593674472,0.0395102406325528,20407,1686193,0.9880423063400914,0.01195769365990859,0.9609437585472074,1.0,0.0,1.0,1.0,1.0,1952,8,64,74360,594880,15616,124928,8.0,7.812802582033351,93.75363098440022,75616,1042328,0.05796549799924833,0.03539813699899241,122.93033333333334,121.58766666666666,271.438,138.97366666666667,140.74033333333333,553.793,6048,1952,1295,657,92,565,171,3868.7763324770926,1740.8057882561188,failure
8,1000,0.25,complete,exponential,10.0,1.0,0.05,0.02,20.0,61,9381,43996890,42393346,1603544,0.9635532420587001,0.036446757941299944,20878,1582666,0.9869800891026377,0.013019910897362343,0.9640106974684289,1.0,0.0,1.0,1.0,1.0,2026,8,64,75048,600384,16208,129664,8.0,7.818036456667732,93.81643748001278,75616,1051272,0.09223202599969227,0.0361287439991429,120.35533333333333,121.53733333333334,267.975,141.13766666666666,142.851,557.4736666666666,5974,2026,1381,645,113,532,151,3177.8043896855283,1671.4353361267379,failure
8,1000,0.25,complete,exponential,10.0,1.0,0.05,0.02,20.0,62,9394,44118921,42445680,1673241,0.962074299142538,0.03792570085746204,21059,1652182,0.9874142457661509,0.012585754233849158,0.9625337391640438,1.0,0.0,1.0,1.0,1.0,1979,8,64,75152,601216,15832,126656,8.0,7.859165424739195,94.30998509687034,75616,1052624,0.09417577400017763,0.03369885599749978,120.64233333333334,120.913,271.8086666666667,138.47266666666667,138.66633333333334,553.7263333333333,6021,1979,1394,585,94,491,154,3088.535245405719,1681.4151421108566,failure
8,1000,0.25,complete,exponential,10.0,1.0,0.05,0.02,20.0,63,9293,43175278,41469345,1705933,0.9604881988252629,0.03951180117473708,19936,1685997,0.988313726271782,0.011686273728217931,0.9609319050234847,1.0,0.0,1.0,1.0,1.0,1975,8,64,74344,594752,15800,126400,8.0,7.80157107500269,93.61885290003228,75616,1042120,0.058156945000519045,0.07101631600016844,119.91133333333333,124.827,270.71,144.21,143.09766666666667,544.987,6025,1975,1293,682,98,584,170,3740.722303122042,1693.9234448781776,failure
8,1000,0.25,complete,exponential,10.0,1.0,0.05,0.02,20.0,64,9306,43296165,41651618,1644547,0.9620163356269545,0.03798366437304551,19636,1624911,0.9880599338298024,0.01194006617019763,0.9624528344220952,1.0,0.0,1.0,1.0,1.0,1986,8,64,74448,595584,15888,127104,8.0,7.844186546314206,94.13023855577048,75616,1043472,0.05773645899898838,0.07559228099853499,125.14733333333334,132.95566666666667,297.724,156.553,160.17,620.1873333333333,6014,1986,1306,680,95,585,198,4246.001561855144,1708.1387333163896,failure
8,1000,0.25,complete,exponential,10.0,1.0,0.05,0.02,20.0,65,9377,43959376,42301258,1658118,0.9622806747757293,0.0377193252242707,20527,1637591,0.9876203020532918,0.012379697946708255,0.9627302253638915,1.0,0.0,1.0,1.0,1.0,2037,8,64,75016,600128,16296,130368,8.0,7.859123387010771,94.30948064412925,75616,1050856,0.06835393199799,0.035980737000500085,123.688,118.25133333333333,268.182,138.07833333333335,140.02566666666667,549.6523333333333,5963,2037,1377,660,87,573,164,3603.686199262286,1565.7456613511747,failure
8,1000,0.25,complete,exponential,10.0,1.0,0.05,0.02,20.0,66,9428,44438878,42786773,1652105,0.9628229812642884,0.03717701873571155,21493,1630612,0.986990536315791,0.013009463684208933,0.9632888788928029,1.0,0.0,1.0,1.0,1.0,2092,8,64,75424,603392,16736,133888,8.0,7.833686890114552,94.00424268137462,75616,1056160,0.09267330199872958,0.03603867600031663,121.414,116.548,267.2303333333333,138.26566666666668,140.68666666666667,535.5956666666667,5908,2092,1428,664,118,546,148,3425.6192874408875,1577.8155391440841,failure
8,1000,0.25,complete,exponential,10.0,1.0,0.05,0.02,20.0,67,9425,44410600,42817703,1592897,0.9641325044021022,0.0358674955978978,20824,1572073,0.9869269638903206,0.013073036109679408,0.9645847953817113,1.0,0.0,1.0,1.0,1.0,2074,8,64,75400,603200,16592,132736,8.0,7.813368700265252,93.76042440318302,75616,1055848,0.09499781300110044,0.03574989499975345,122.12533333333333,118.395,266.4986666666667,142.18266666666668,143.709,542.2313333333333,5926,2074,1425,649,88,561,150,2963.877925645453,1567.0869783607548,failure
8,1000,0.25,complete,exponential,10.0,1.0,0.05,0.02,20.0,68,9380,43987510,42325843,1661667,0.9622241177097771,0.037775882290222836,21913,1639754,0.9868126405591493,0.013187359440850664,0.9627037021696759,1.0,0.0,1.0,1.0,1.0,1958,8,64,75040,600320,15664,125312,8.0,7.829850746268657,93.95820895522388,75616,1051168,0.05934864600203582,0.07109804799983976,121.27,124.90366666666667,271.61833333333334,140.26233333333334,143.128,546.009,6042,1958,1380,578,101,477,155,2832.6837168810807,1442.213173115293,failure
8,1000,0.25,complete,exponential,10.0,1.0,0.05,0.02,20.0,69,9376,43950000,42395244,1554756,0.9646244368600683,0.03537556313993174,21139,1533617,0.9864036543354713,0.01359634566452871,0.9650886236271867,1.0,0.0,1.0,1.0,1.0,2030,8,64,75008,600064,16240,129920,8.0,7.797781569965871,93.57337883959045,75616,1050752,0.059005974002502626,0.07363941500079818,118.63566666666667,123.324,260.828,141.468,141.93566666666666,555.3526666666667,5970,2030,1376,654,109,545,165,3458.8909371137684,1633.946547621306,failure
8,1000,0.25,complete,exponential,10.0,1.0,0.05,0.02,20.0,70,9419,44354071,42688547,1665524,0.962449354423408,0.03755064557659206,21698,1643826,0.9869722681870691,0.013027731812930946,0.9629204148399636,1.0,0.0,1.0,1.0,1.0,1960,8,64,75352,602816,15680,125440,8.0,7.856991188024207,94.28389425629048,75616,1055224,0.057515034000971355,0.03510262399868225,121.11,123.45766666666667,277.4893333333333,141.064,142.00266666666667,545.6816666666666,6040,1960,1419,541,93,448,149,2713.5826433429143,1638.5214294443697,failure
8,1000,0.25,complete,exponential,10.0,1.0,0.05,0.02,20.0,71,9354,43743981,42121609,1622372,0.9629121089824907,0.03708789101750936,19973,1602399,0.9876890133705464,0.012310986629453664,0.9633519644402224,1.0,0.0,1.0,1.0,1.0,2039,8,64,74832,598656,16312,130496,8.0,7.824460124011118,93.89352148813342,75616,1048464,0.09195219200046267,0.03426150000086636,122.96366666666667,120.883,271.9556666666667,143.10433333333333,144.397,540.2413333333334,5961,2039,1354,685,101,584,146,3518.9450277737483,1620.8502800050544,failure
8,1000,0.25,complete,exponential,10.0,1.0,0.1,0.0,20.0,42,9824,48250576,46491524,1759052,0.963543398943051,0.03645660105694904,29047,1730005,0.9834871282941039,0.01651287170589613,0.9641238045355219,1.0,0.0,1.0,1.0,1.0,2005,8,64,78592,628736,16040,128320,8.0,7.87785016286645,94.53420195439739,85120,1106848,0.09099494099791627,0.038934625998081174,118.98266666666666,123.274,269.955,147.18233333333333,143.255,553.4226666666667,5995,2005,1824,181,181,0,0,0.0,1047.964556799194,failure
8,1000,0.25,complete,exponential,10.0,1.0,0.1,0.0,20.0,43,9801,48024900,46286521,1738379,0.9638025482614228,0.03619745173857728,28213,1710166,0.9837705126442507,0.016229487355749236,0.9643690823910409,1.0,0.0,1.0,1.0,1.0,1994,8,64,78408,627264,15952,127616,8.0,7.869401081522294,94.43281297826752,85120,1104456,0.05557825899813906,0.0753007940002135,134.281,117.383,263.423,140.593,142.19933333333333,550.22,6006,1994,1801,193,193,0,0,0.0,1024.4845898336619,failure
8,1000,0.25,complete,exponential,10.0,1.0,0.1,0.0,20.0,44,9828,48289878,46569848,1720030,0.9643811483640526,0.03561885163594739,28549,1691481,0.983402033685459,0.016597966314541024,0.9649516282487787,1.0,0.0,1.0,1.0,1.0,2027,8,64,78624,628992,16216,129728,8.0,7.852055352055352,94.22466422466422,85120,1107264,0.05527258599977358,0.07556416700026602,121.32366666666667,120.292,281.58733333333333,139.304,141.111,545.3006666666666,5973,2027,1828,199,199,0,0,0.0,1062.7292177634984,failure
8,1000,0.25,complete,exponential,10.0,1.0,0.1,0.0,20.0,45,9814,48152391,46385083,1767308,0.9632976065508356,0.036702393449164344,28128,1739180,0.9840842682769501,0.015915731723049973,0.963860641356731,1.0,0.0,1.0,1.0,1.0,2017,8,64,78512,628096,16136,129088,8.0,7.854901161605869,94.25881393927042,85120,1105808,0.054328569000063,0.07673315500142053,119.58066666666667,124.04866666666666,271.3346666666667,138.566,139.10066666666665,549.8993333333333,5983,2017,1814,203,203,0,0,0.0,1107.4687647353146,failure
8,1000,0.25,complete,exponential,10.0,1.0,0.1,0.0,20.0,46,9788,47897578,46142030,1755548,0.9633478753351579,0.036652124664842134,28732,1726816,0.983633600448407,0.016366399551593008,0.9639260992420833,1.0,0.0,1.0,1.0,1.0,1975,8,64,78304,626432,15800,126400,8.0,7.838680016346546,94.06416019615855,85120,1103104,0.05359059799957322,0.03930077199765947,111.86266666666667,111.295,257.8226666666667,136.50866666666667,134.465,531.4816666666667,6025,1975,1788,187,187,0,0,0.0,1032.6780490219999,failure
8,1000,0.25,complete,exponential,10.0,1.0,0.1,0.0,20.0,47,9813,48142578,46394865,1747713,0.9636971455911646,0.03630285440883536,29042,1718671,0.9833828551941881,0.01661714480581194,0.9642788466015052,1.0,0.0,1.0,1.0,1.0,2031,8,64,78504,628032,16248,129984,8.0,7.864567410577805,94.37480892693365,85120,1105704,0.05552220400204533,0.038135941002110485,120.158,121.65433333333333,269.5613333333333,137.39733333333334,140.256,540.2913333333333,5969,2031,1813,218,218,0,0,0.0,1057.0059319605573,failure
8,1000,0.25,complete,exponential,10.0,1.0,0.1,0.0,20.0,48,9809,48103336,46337765,1765571,0.9632962878083965,0.03670371219160351,28396,1737175,0.9839168178453316,0.016083182154668377,0.9638652695146369,1.0,0.0,1.0,1.0,1.0,2006,8,64,78472,627776,16048,128384,8.0,7.858803139973494,94.30563767968192,85120,1105288,0.08912739500010503,0.03709432100004051,120.589,121.83466666666666,279.697,138.93366666666665,138.33233333333334,543.0496666666667,5994,2006,1809,197,197,0,0,0.0,1007.8330223989212,failure
8,1000,0.25,complete,exponential,10.0,1.0,0.1,0.0,20.0,49,9863,48634453,46876081,1758372,0.963845136697641,0.036154863302358925,28311,1730061,0.9838993114085074,0.016100688591492586,0.9644065352893056,1.0,0.0,1.0,1.0,1.0,2048,8,64,78904,631232,16384,131072,8.0,7.87924566561898,94.55094798742776,85120,1110904,0.09222206699996605,0.03636439500041888,120.28533333333333,120.27166666666666,266.05133333333333,139.154,141.782,539.2926666666667,5952,2048,1863,185,185,0,0,0.0,1044.6664873722036,failure
8,1000,0.25,complete,exponential,10.0,1.0,0.1,0.0,20.0,50,9785,47868220,46166630,1701590,0.9644526159527135,0.03554738404728649,28005,1673585,0.9835418637862234,0.016458136213776526,0.9650171931710592,1.0,0.0,1.0,1.0,1.0,1994,8,64,78280,626240,15952,127616,8.0,7.866530403679101,94.39836484414921,85120,1102792,0.05520010100008221,0.07546919999731472,123.608,120.68266666666666,263.854,139.922,140.66,544.065,6006,1994,1785,209,209,0,0,0.0,1067.3490344876834,failure
8,1000,0.25,complete,exponential,10.0,1.0,0.1,0.0,20.0,51,9780,47819310,46081430,1737880,0.9636573593387274,0.03634264066127261,28508,1709372,0.9835961055999264,0.016403894400073653,0.9642321968147762,1.0,0.0,1.0,1.0,1.0,1989,8,64,78240,625920,15912,127296,8.0,7.863394683026585,94.36073619631902,85120,1102272,0.05492833199969027,0.07626526899912278,115.99066666666667,118.495,263.45,137.53433333333334,139.538,550.801,6011,1989,1780,209,209,0,0,0.0,1082.3835995008842,failure
8,1000,0.25,complete,exponential,10.0,1.0,0.1,0.0,20.0,52,9754,47565381,45736247,1829134,0.9615448470811155,0.03845515291888443,27873,1801261,0.9847616413012934,0.015238358698706602,0.9621086364055936,1.0,0.0,1.0,1.0,1.0,1951,8,64,78032,624256,15608,124864,8.0,7.857289317203199,94.28747180643839,85120,1099568,0.05424416100140661,0.037497345998417586,120.26533333333333,114.962,258.26,133.35933333333332,134.59533333333334,538.211,6049,1951,1754,197,197,0,0,0.0,1030.551613900203,failure
8,1000,0.25,complete,exponential,10.0,1.0,0.1,0.0,20.0,53,9808,48093528,46314141,1779387,0.9630015290207031,0.03699847097929684,28273,1751114,0.9841108201869521,0.015889179813047976,0.9635679868961478,1.0,0.0,1.0,1.0,1.0,1993,8,64,78464,627712,15944,127552,8.0,7.869698205546492,94.43637846655791,85120,1105184,0.05422548600108712,0.0370860660004837,121.84466666666667,122.96033333333334,274.7076666666667,140.16233333333332,142.273,549.6556666666667,6007,1993,1808,185,185,0,0,0.0,1095.8722654687645,failure
8,1000,0.25,complete,exponential,10.0,1.0,0.1,0.0,20.0,54,9779,47809531,46036426,1773105,0.9629131480080824,0.03708685199191768,28043,1745062,0.984184241767972,0.015815758232027997,0.9634782826353169,1.0,0.0,1.0,1.0,1.0,1962,8,64,78232,625856,15696,125568,8.0,7.8108191021576845,93.72982922589222,85120,1102168,0.08840099400185863,0.03807695100113051,122.98333333333333,119.50033333333333,264.542,137.98833333333334,141.05066666666667,540.565,6038,1962,1779,183,183,0,0,0.0,1042.188744181115,failure
8,1000,0.25,complete,exponential,10.0,1.0,0.1,0.0,20.0,55,9864,48644316,46856091,1788225,0.963238767711319,0.036761232288680966,28352,1759873,0.9841451718883251,0.015854828111674987,0.9638005121116183,1.0,0.0,1.0,1.0,1.0,2060,8,64,78912,631296,16480,131840,8.0,7.875506893755069,94.50608272506082,85120,1111008,0.09166477299731923,0.03795840900056646,120.62266666666666,119.07266666666666,263.9273333333333,137.888,137.98833333333334,545.1436666666667,5940,2060,1864,196,196,0,0,0.0,1051.9322395543188,failure
8,1000,0.25,complete,exponential,10.0,1.0,0.1,0.0,20.0,56,9816,48172020,46409198,1762822,0.9634056865375378,0.03659431346246223,28800,1734022,0.9836625592374045,0.01633744076259543,0.9639820103433049,1.0,0.0,1.0,1.0,1.0,2007,8,64,78528,628224,16056,128448,8.0,7.845762021189894,94.14914425427872,85120,1106016,0.05530577899844502,0.07406794700000319,120.13833333333334,121.581,279.5833333333333,140.917,140.13233333333332,545.538,5993,2007,1816,191,191,0,0,0.0,1038.8029395656567,failure
8,1000,0.25,complete,exponential,10.0,1.0,0.1,0.0,20.0,57,9770,47721565,46004069,1717496,0.964010065470401,0.035989934529598935,28736,1688760,0.9832686655456548,0.016731334454345163,0.9645909031733052,1.0,0.0,1.0,1.0,1.0,1982,8,64,78160,625280,15856,126848,8.0,7.8636642784032755,94.3639713408393,85120,1101232,0.054650983001920395,0.07393065900032525,124.11233333333334,121.91166666666666,270.22266666666667,142.00933333333333,142.40666666666667,554.3876666666666,6018,1982,1770,212,212,0,0,0.0,1077.8826571726358,failure
8,1000,0.25,complete,exponential,10.0,1.0,0.1,0.0,20.0,58,9836,48368530,46612445,1756085,0.9636936454343351,0.03630635456566491,27686,1728399,0.984234248342193,0.015765751657806998,0.9642455766804569,1.0,0.0,1.0,1.0,1.0,2027,8,64,78688,629504,16216,129728,8.0,7.870170801138674,94.4420496136641,85120,1108096,0.062230008999904385,0.08293061500080512,120.038,120.63566666666667,268.47266666666667,139.38066666666666,140.05866666666665,551.3353333333333,5973,2027,1836,191,191,0,0,0.0,1090.4486901332448,failure
8,1000,0.25,complete,exponential,10.0,1.0,0.1,0.0,20.0,59,9781,47829090,46110544,1718546,0.9640690215933442,0.035930978406655864,28640,1689906,0.9833347492589666,0.016665250741033408,0.9646466508160488,1.0,0.0,1.0,1.0,1.0,1990,8,64,78248,625984,15920,127360,8.0,7.873939270013291,94.48727124015949,85120,1102376,0.054633720999845536,0.038650763999612536,119.83066666666667,126.33,280.36466666666666,140.96066666666667,140.02866666666668,539.1156666666667,6010,1990,1781,209,209,0,0,0.0,1051.5995411720198,failure
8,1000,0.25,complete,exponential,10.0,1.0,0.1,0.0,20.0,60,9772,47741106,45944123,1796983,0.9623598372438209,0.03764016275617913,28837,1768146,0.9839525471303846,0.01604745286961535,0.9629414815715429,1.0,0.0,1.0,1.0,1.0,1952,8,64,78176,625408,15616,124928,8.0,7.845579205894392,94.1469504707327,85120,1101440,0.08771377800076152,0.03687897800045903,118.86566666666667,120.77933333333333,267.965,142.66066666666666,144.684,540.9456666666666,6048,1952,1772,180,180,0,0,0.0,1040.7167653097613,failure
8,1000,0.25,complete,exponential,10.0,1.0,0.1,0.0,20.0,61,9801,48024900,46277874,1747026,0.963622495830288,0.036377504169711965,27740,1719286,0.9841215872001905,0.015878412799809505,0.9641794222824851,1.0,0.0,1.0,1.0,1.0,2026,8,64,78408,627264,16208,129664,8.0,7.841138659320477,94.09366391184572,85120,1104456,0.09007059899886372,0.03574116799791227,117.68366666666667,118.48833333333333,271.78866666666664,139.25066666666666,140.38266666666667,556.4783333333334,5974,2026,1801,225,225,0,0,0.0,1062.6987329954075,failure
8,1000,0.25,complete,exponential,10.0,1.0,0.1,0.0,20.0,62,9793,47946528,46158105,1788423,0.9626996348932712,0.0373003651067289,29477,1758946,0.9835178813960679,0.016482118603932068,0.9632918561703641,1.0,0.0,1.0,1.0,1.0,1979,8,64,78344,626752,15832,126656,8.0,7.849892780557541,94.1987133666905,85120,1103624,0.05579119699905277,0.07453521099887439,120.04133333333333,120.38866666666667,269.5613333333333,141.43466666666666,140.26233333333334,554.9456666666666,6021,1979,1793,186,186,0,0,0.0,1085.7861982470224,failure
8,1000,0.25,complete,exponential,10.0,1.0,0.1,0.0,20.0,63,9787,47887791,46101413,1786378,0.9626965879466021,0.03730341205339791,28527,1757851,0.9840308154265223,0.01596918457347773,0.9632704130176344,1.0,0.0,1.0,1.0,1.0,1975,8,64,78296,626368,15800,126400,8.0,7.836313477061408,94.03576172473689,85120,1103000,0.054483128998981556,0.07504616699952749,124.26566666666666,121.60766666666666,266.01433333333335,137.73466666666667,139.638,550.14,6025,1975,1787,188,188,0,0,0.0,1042.684391732074,failure
8,1000,0.25,complete,exponential,10.0,1.0,0.1,0.0,20.0,64,9795,47966115,46205718,1760397,0.9632991539965244,0.036700846003475576,28318,1732079,0.9839138557950281,0.016086144204971946,0.9638681977813874,1.0,0.0,1.0,1.0,1.0,1986,8,64,78360,626880,15888,127104,8.0,7.8598264420622765,94.31791730474731,85120,1103832,0.05414633899999899,0.07829559000310837,123.785,123.194,263.089,138.81333333333333,138.73633333333333,554.745,6014,1986,1795,191,191,0,0,0.0,1108.9405952238092,failure
8,1000,0.25,complete,exponential,10.0,1.0,0.1,0.0,20.0,65,9857,48575296,46827668,1747628,0.9640222882018052,0.0359777117981947,27663,1719965,0.984171116507632,0.01582888349236794,0.9645715991961956,1.0,0.0,1.0,1.0,1.0,2037,8,64,78856,630848,16296,130368,8.0,7.880491021609009,94.5658922593081,85120,1110280,0.05587308000031044,0.037146689002838684,121.73433333333334,123.75166666666667,269.187,144.67066666666668,144.88433333333333,541.2196666666666,5963,2037,1857,180,180,0,0,0.0,1093.619168994837,failure
8,1000,0.25,complete,exponential,10.0,1.0,0.1,0.0,20.0,66,9873,48733128,46991528,1741600,0.9642625033221754,0.03573749667782458,28856,1712744,0.9834313275149288,0.016568672485071198,0.964833803490585,1.0,0.0,1.0,1.0,1.0,2092,8,64,78984,631872,16736,133888,8.0,7.860123569330497,94.32148283196597,85120,1111944,0.0889129019997199,0.03734815600182628,123.374,120.89966666666666,274.1263333333333,140.97033333333334,141.822,556.1476666666666,5908,2092,1873,219,219,0,0,0.0,1043.6821368327255,failure
8,1000,0.25,complete,exponential,10.0,1.0,0.1,0.0,20.0,67,9880,48802260,47065308,1736952,0.9644083696123908,0.0355916303876091,28452,1708500,0.9836195818882733,0.01638041811172675,0.964970953262456,1.0,0.0,1.0,1.0,1.0,2074,8,64,79040,632320,16592,132736,8.0,7.825607287449393,93.90728744939271,85120,1112672,0.08890381500168587,0.03928484100106289,122.29233333333333,119.40366666666667,266.716,137.995,136.88966666666667,536.858,5926,2074,1880,194,194,0,0,0.0,1079.937951610893,failure
8,1000,0.25,complete,exponential,10.0,1.0,0.1,0.0,20.0,68,9752,47545876,45759584,1786292,0.962430137999771,0.037569862000229,28527,1757765,0.9840300465993241,0.015969953400675814,0.9630079321133845,1.0,0.0,1.0,1.0,1.0,1958,8,64,78016,624128,15664,125312,8.0,7.811320754716981,93.73584905660377,85120,1099360,0.09071924300224055,0.03793703799965442,125.839,120.255,266.26866666666666,139.695,141.475,538.351,6042,1958,1752,206,206,0,0,0.0,1054.2766448732182,failure
8,1000,0.25,complete,exponential,10.0,1.0,0.1,0.0,20.0,69,9816,48172020,46421461,1750559,0.9636602534002103,0.03633974659978967,28760,1721799,0.9835709621897919,0.016429037810208054,0.9642359283521722,1.0,0.0,1.0,1.0,1.0,2030,8,64,78528,628224,16240,129920,8.0,7.80440097799511,93.65281173594133,85120,1106016,0.05504514100175584,0.0753670680023788,143.52866666666668,140.84033333333332,334.13533333333334,163.209,166.63833333333332,659.7216666666667,5970,2030,1816,214,214,0,0,0.0,1048.2388627674961,failure
8,1000,0.25,complete,exponential,10.0,1.0,0.1,0.0,20.0,70,9770,47721565,45941865,1779700,0.9627065876821097,0.03729341231789025,28625,1751075,0.9839158285104231,0.016084171489576894,0.9632843980681417,1.0,0.0,1.0,1.0,1.0,1960,8,64,78160,625280,15680,125440,8.0,7.8649948822927325,94.37993858751278,85120,1101232,0.05624226099826046,0.07436735700321151,119.988,123.745,268.79,136.639,136.94633333333334,549.7323333333334,6040,1960,1770,190,190,0,0,0.0,1072.6083421349413,failure
8,1000,0.25,complete,exponential,10.0,1.0,0.1,0.0,20.0,71,9833,48339028,46571854,1767174,0.9634420865889153,0.036557913411084726,28598,1738576,0.983817100070508,0.016182899929491946,0.9640124089145967,1.0,0.0,1.0,1.0,1.0,2039,8,64,78664,629312,16312,130496,8.0,7.842570934607953,94.11085121529544,85120,1107784,0.05563806999998633,0.0814963999982865,122.199,118.505,268.7196666666667,143.589,143.73233333333334,544.309,5961,2039,1833,206,206,0,0,0.0,1041.269914221877,failure
8,1000,0.25,complete,exponential,10.0,1.0,0.1,0.005,20.0,42,9635,46411795,44708063,1703732,0.9632909694615345,0.03670903053846549,25765,1677967,0.9848773163854408,0.015122683614559098,0.9638260269309531,1.0,0.0,1.0,1.0,1.0,2005,8,64,77080,616640,16040,128320,8.0,7.875454073689673,94.50544888427608,85120,1087192,0.058166802999039646,0.037610307001159526,126.78066666666666,120.46866666666666,279.76033333333334,138.97666666666666,140.70333333333335,559.8143333333334,5995,2005,1635,370,181,189,41,864.7293869923006,1244.5797996392305,failure
8,1000,0.25,complete,exponential,10.0,1.0,0.1,0.005,20.0,43,9681,46856040,45159826,1696214,0.9637994589384847,0.036200541061515226,27027,1669187,0.9840662793727678,0.015933720627232178,0.9643557082870826,1.0,0.0,1.0,1.0,1.0,1994,8,64,77448,619584,15952,127616,8.0,7.876459043487243,94.5175085218469,85120,1091976,0.09145713399993838,0.0372156379999069,122.86,120.52566666666667,282.67566666666664,140.38266666666667,141.094,552.6843333333334,6006,1994,1681,313,193,120,37,551.4797364164823,1178.22934467877,failure
8,1000,0.25,complete,exponential,10.0,1.0,0.1,0.005,20.0,44,9692,46962586,45272207,1690379,0.9640058364758703,0.03599416352412961,26748,1663631,0.984176329687011,0.01582367031298898,0.9645552083250329,1.0,0.0,1.0,1.0,1.0,2027,8,64,77536,620288,16216,129728,8.0,7.8379075526207185,94.05489063144861,85120,1093120,0.09410218400080339,0.036675528001069324,119.704,121.86133333333333,270.23266666666666,139.93866666666668,141.919,541.1596666666667,5973,2027,1692,335,199,136,37,650.2604628847618,1219.2850564035116,failure
8,1000,0.25,complete,exponential,10.0,1.0,0.1,0.005,20.0,45,9637,46431066,44726490,1704576,0.9632880278906368,0.03671197210936316,25323,1679253,0.9851441062176166,0.01485589378238342,0.9638136814230084,1.0,0.0,1.0,1.0,1.0,2017,8,64,77096,616768,16136,129088,8.0,7.825568122859811,93.90681747431773,85120,1087400,0.058624260000215145,0.0729316889992333,119.143,119.00266666666667,270.5466666666667,138.03833333333333,143.13466666666667,554.0803333333333,5983,2017,1637,380,203,177,42,849.8408891242656,1190.9960494604668,failure
8,1000,0.25,complete,exponential,10.0,1.0,0.1,0.005,20.0,46,9592,45998436,44294807,1703629,0.9629633277096639,0.03703667229033613,25584,1678045,0.9849826458694939,0.015017354130506113,0.9634992190608492,1.0,0.0,1.0,1.0,1.0,1975,8,64,76736,613888,15800,126400,8.0,7.835383653044204,94.02460383653045,85120,1082720,0.058500597999227466,0.07326336000187439,121.434,119.714,270.84,138.54933333333332,139.077,553.5993333333333,6025,1975,1592,383,187,196,48,1017.7494463528507,1242.2129120599234,failure
8,1000,0.25,complete,exponential,10.0,1.0,0.1,0.005,20.0,47,9633,46392528,44711672,1680856,0.963768820703196,0.036231179296804,25108,1655748,0.9850623729813857,0.014937627018614326,0.9642907023940517,1.0,0.0,1.0,1.0,1.0,2031,8,64,77064,616512,16248,129984,8.0,7.862036748676425,94.3444409841171,85120,1086984,0.05910037099965848,0.03586906800046563,118.56833333333333,121.74133333333333,263.68666666666667,140.96033333333332,141.388,551.96,5969,2031,1633,398,218,180,44,1056.5993244789215,1307.3948803682006,failure
8,1000,0.25,complete,exponential,10.0,1.0,0.1,0.005,20.0,48,9661,46662630,44967521,1695109,0.963673093436868,0.036326906563132,25176,1669933,0.9851478577483808,0.014852142251619217,0.9641933069502465,1.0,0.0,1.0,1.0,1.0,2006,8,64,77288,618304,16048,128384,8.0,7.848773418900735,94.18528102680882,85120,1089896,0.05786155199893983,0.035761776998697314,125.62166666666667,121.32366666666667,268.212,138.82,141.14433333333332,540.3313333333333,5994,2006,1661,345,197,148,42,817.2263420738539,1254.8118367687268,failure
8,1000,0.25,complete,exponential,10.0,1.0,0.1,0.005,20.0,49,9664,46691616,45052191,1639425,0.9648882360379216,0.03511176396207833,24526,1614899,0.9850398767860683,0.014960123213931713,0.9653953353423151,1.0,0.0,1.0,1.0,1.0,2048,8,64,77312,618496,16384,131072,8.0,7.878828642384106,94.54594370860927,85120,1090208,0.09334538799885195,0.03771836899977643,119.68066666666667,120.95633333333333,263.6736666666667,140.987,141.595,537.723,5952,2048,1664,384,185,199,50,1063.4162593237697,1343.4207603556047,failure
8,1000,0.25,complete,exponential,10.0,1.0,0.1,0.005,20.0,50,9649,46546776,44875179,1671597,0.9640878027728494,0.0359121972271506,25769,1645828,0.9845842030106539,0.015415796989346116,0.9646218320252612,1.0,0.0,1.0,1.0,1.0,1994,8,64,77192,617536,15952,127616,8.0,7.880920302622034,94.5710436314644,85120,1088648,0.09512082199944416,0.03670221699940157,126.34333333333333,122.342,280.061,137.083,138.33566666666667,539.8803333333333,6006,1994,1649,345,209,136,39,791.5621095838728,1206.7998615900117,failure
8,1000,0.25,complete,exponential,10.0,1.0,0.1,0.005,20.0,51,9584,45921736,44219819,1701917,0.962938748657063,0.037061251342937036,24966,1676951,0.9853306594857446,0.014669340514255395,0.9634625486717256,1.0,0.0,1.0,1.0,1.0,1989,8,64,76672,613376,15912,127296,8.0,7.857262103505843,94.28714524207012,85120,1081888,0.061649572002352215,0.07882652300031623,123.71466666666667,120.629,265.0726666666667,139.09366666666668,139.618,547.1806666666666,6011,1989,1584,405,209,196,41,949.2406070924997,1267.8942173090247,failure
8,1000,0.25,complete,exponential,10.0,1.0,0.1,0.005,20.0,52,9599,46065601,44323381,1742220,0.9621795881920655,0.037820411807934516,25009,1717211,0.9856453260782221,0.014354673921777961,0.9627022389286393,1.0,0.0,1.0,1.0,1.0,1951,8,64,76792,614336,15608,124864,8.0,7.854984894259819,94.25981873111783,85120,1083448,0.05898234000051161,0.07423357599691371,119.624,120.92633333333333,265.16966666666667,140.51633333333334,140.75333333333333,552.3836666666666,6049,1951,1599,352,197,155,38,811.5528725253102,1172.1835087354339,failure
8,1000,0.25,complete,exponential,10.0,1.0,0.1,0.005,20.0,53,9645,46508190,44809687,1698503,0.963479486086214,0.03652051391378594,25577,1672926,0.9849414454964166,0.01505855450358345,0.9640096394753023,1.0,0.0,1.0,1.0,1.0,1993,8,64,77160,617280,15944,127552,8.0,7.844271643338518,94.13125972006222,85120,1088232,0.05823259599856101,0.03683471500335145,115.86033333333333,115.396,264.63866666666667,136.12466666666666,138.499,535.2086666666667,6007,1993,1645,348,185,163,44,811.7173510873954,1225.2873830383323,failure
8,1000,0.25,complete,exponential,10.0,1.0,0.1,0.005,20.0,54,9610,46171245,44450954,1720291,0.9627410740169557,0.03725892598304421,25245,1695046,0.9853251571972417,0.01467484280275837,0.9632677588523383,1.0,0.0,1.0,1.0,1.0,1962,8,64,76880,615040,15696,125568,8.0,7.804994797086368,93.65993756503642,85120,1084592,0.05711525500009884,0.036587521997716976,122.279,121.24666666666667,264.02066666666667,142.52666666666667,143.44866666666667,543.2033333333334,6038,1962,1610,352,183,169,34,821.0073092459593,1235.7089275853452,failure
8,1000,0.25,complete,exponential,10.0,1.0,0.1,0.005,20.0,55,9635,46411795,44690219,1721576,0.9629064982295987,0.03709350177040125,24731,1696845,0.985634674275199,0.014365325724800997,0.9634198663661921,1.0,0.0,1.0,1.0,1.0,2060,8,64,77080,616640,16480,131840,8.0,7.878879086663207,94.54654903995848,85120,1087192,0.09321668700067676,0.036742622000019765,122.593,123.41766666666666,274.584,140.66666666666666,140.316,547.251,5940,2060,1635,425,196,229,54,1063.2125061317258,1245.2285230233538,failure
8,1000,0.25,complete,exponential,10.0,1.0,0.1,0.005,20.0,56,9622,46286631,44615697,1670934,0.9639002890489049,0.03609971095109515,25386,1645548,0.9848072993906402,0.015192700609359795,0.9644292322871985,1.0,0.0,1.0,1.0,1.0,2007,8,64,76976,615808,16056,128448,8.0,7.847848680108085,94.17418416129702,85120,1085840,0.05938978199992562,0.07267919600053574,125.23433333333334,120.44566666666667,267.08633333333336,139.73466666666667,142.039,554.872,5993,2007,1622,385,191,194,39,863.7434495050129,1209.8429529582106,failure
8,1000,0.25,complete,exponential,10.0,1.0,0.1,0.005,20.0,57,9623,46296253,44618161,1678092,0.9637531789019729,0.03624682109802709,26291,1651801,0.9843328017772566,0.01566719822274345,0.9643007919479164,1.0,0.0,1.0,1.0,1.0,1982,8,64,76984,615872,15856,126848,8.0,7.8605424503793,94.3265094045516,85120,1085944,0.05801485900155967,0.07326413099872298,121.81466666666667,121.80133333333333,271.90566666666666,140.10533333333333,139.314,543.5373333333333,6018,1982,1623,359,212,147,41,743.9769144654492,1170.5591270198406,failure
8,1000,0.25,complete,exponential,10.0,1.0,0.1,0.005,20.0,58,9631,46373265,44652286,1720979,0.9628885522725217,0.03711144772747832,24388,1696591,0.9858289961702031,0.014171003829796877,0.9633952080435519,1.0,0.0,1.0,1.0,1.0,2027,8,64,77048,616384,16216,129728,8.0,7.843941439102897,94.12729726923476,85120,1086776,0.05903239300096175,0.07512231900182087,119.38366666666667,120.34533333333333,268.3353333333333,143.21466666666666,143.06766666666667,558.1946666666666,5973,2027,1631,396,191,205,42,991.8521590114551,1320.4439364894267,failure
8,1000,0.25,complete,exponential,10.0,1.0,0.1,0.005,20.0,59,9662,46672291,44988166,1684125,0.9639159560433834,0.036084043956616574,25937,1658188,0.9845991241742744,0.015400875825725526,0.964451926939456,1.0,0.0,1.0,1.0,1.0,1990,8,64,77296,618368,15920,127360,8.0,7.873421651831919,94.48105982198302,85120,1090000,0.058681406000687275,0.03750213400053326,116.271,115.26266666666666,260.611,133.15266666666668,134.83566666666667,529.832,6010,1990,1662,328,209,119,36,700.6501511620054,1211.5212696741637,failure
8,1000,0.25,complete,exponential,10.0,1.0,0.1,0.005,20.0,60,9653,46585378,44836374,1749004,0.9624559448675075,0.037544055132492433,26355,1722649,0.9849314238275041,0.01506857617249589,0.9630007485337482,1.0,0.0,1.0,1.0,1.0,1952,8,64,77224,617792,15616,124928,8.0,7.838806588625298,94.06567906350358,85120,1089064,0.05764048800119781,0.037511331000132486,124.39633333333333,119.32666666666667,270.46933333333334,142.607,142.84766666666667,542.8563333333333,6048,1952,1653,299,180,119,36,692.8185232814216,1200.3685963868513,failure
8,1000,0.25,complete,exponential,10.0,1.0,0.1,0.005,20.0,61,9687,46914141,45193803,1720338,0.9633300756801665,0.03666992431983354,26492,1693846,0.9846007005600063,0.015399299439993769,0.9638743670001454,1.0,0.0,1.0,1.0,1.0,2026,8,64,77496,619968,16208,129664,8.0,7.839269123567668,94.07122948281202,85120,1092600,0.0930766239980585,0.03748937999989721,123.204,120.56566666666667,269.5876666666667,141.53166666666667,142.92433333333332,545.1703333333334,5974,2026,1687,339,225,114,34,530.6520525278011,1137.5087824837794,failure
8,1000,0.25,complete,exponential,10.0,1.0,0.1,0.005,20.0,62,9629,46354006,44576384,1777622,0.9616511677545194,0.03834883224548057,25686,1751936,0.9855503588501943,0.014449641149805752,0.9621843399458474,1.0,0.0,1.0,1.0,1.0,1979,8,64,77032,616256,15832,126656,8.0,7.84671305431509,94.16055665178108,85120,1086568,0.05924904800122022,0.07494280299943057,146.224,146.78133333333332,314.0246666666667,163.29233333333335,162.267,648.5573333333333,6021,1979,1629,350,186,164,45,1005.0852597985623,1301.7192866249225,failure
8,1000,0.25,complete,exponential,10.0,1.0,0.1,0.005,20.0,63,9635,46411795,44661574,1750221,0.9622893059835328,0.03771069401646715,26051,1724170,0.9851155939735611,0.014884406026438948,0.9628297435522432,1.0,0.0,1.0,1.0,1.0,1975,8,64,77080,616640,15800,126400,8.0,7.814218993253762,93.77062791904515,85120,1087192,0.06024229800095782,0.07417928400172968,120.676,120.332,279.8736666666667,140.857,140.74333333333334,544.4623333333333,6025,1975,1635,340,188,152,39,792.4812202972876,1181.8621189650864,failure
8,1000,0.25,complete,exponential,10.0,1.0,0.1,0.005,20.0,64,9640,46459980,44764756,1695224,0.9635121668153969,0.03648783318460318,25935,1669289,0.9847011368409131,0.015298863159086941,0.9640503212675097,1.0,0.0,1.0,1.0,1.0,1986,8,64,77120,616960,15888,127104,8.0,7.860995850622406,94.33195020746888,85120,1087712,0.057597177001298405,0.07717843800128321,120.57233333333333,124.70666666666666,269.29066666666665,136.706,138.66266666666667,548.009,6014,1986,1640,346,191,155,43,890.441025310982,1238.989582949389,failure
8,1000,0.25,complete,exponential,10.0,1.0,0.1,0.005,20.0,65,9680,46846360,45104159,1742201,0.9628103229365099,0.0371896770634901,25761,1716440,0.9852135316189119,0.014786468381088061,0.9633400674775647,1.0,0.0,1.0,1.0,1.0,2037,8,64,77440,619520,16296,130368,8.0,7.86353305785124,94.36239669421488,85120,1091872,0.05887458699726267,0.03643587899932754,121.96466666666667,125.12766666666667,265.2966666666667,139.53433333333334,140.13566666666668,540.8626666666667,5963,2037,1680,357,180,177,36,880.4841378137783,1277.6166925252808,failure
8,1000,0.25,complete,exponential,10.0,1.0,0.1,0.005,20.0,66,9709,47127486,45449923,1677563,0.9644037239754313,0.03559627602456876,25968,1651595,0.9845204025124541,0.015479597487545921,0.9649354188542288,1.0,0.0,1.0,1.0,1.0,2092,8,64,77672,621376,16736,133888,8.0,7.858687815428984,94.30425378514781,85120,1094888,0.09260169600020163,0.03758306600138894,120.89933333333333,120.68233333333333,264.8523333333333,140.159,141.09066666666666,535.9533333333334,5908,2092,1709,383,219,164,31,851.4354922470186,1196.3954673446237,failure
8,1000,0.25,complete,exponential,10.0,1.0,0.1,0.005,20.0,67,9657,46623996,44972269,1651727,0.9645734569812506,0.0354265430187494,24308,1627419,0.985283282285753,0.014716717714246968,0.9650766116717348,1.0,0.0,1.0,1.0,1.0,2074,8,64,77256,618048,16592,132736,8.0,7.816609713161437,93.79931655793725,85120,1089480,0.09391313000014634,0.03690257199923508,126.06233333333333,121.277,265.24333333333334,141.388,142.11266666666666,543.2466666666667,5926,2074,1657,417,194,223,42,1145.2030929251061,1337.0145464510952,failure
8,1000,0.25,complete,exponential,10.0,1.0,0.1,0.005,20.0,68,9620,46267390,44489613,1777777,0.9615760257926803,0.03842397420731967,26207,1751570,0.9852585560506183,0.014741443949381728,0.9621209950446121,1.0,0.0,1.0,1.0,1.0,1958,8,64,76960,615680,15664,125312,8.0,7.80956340956341,93.71476091476092,85120,1085632,0.05849813299937523,0.07356916199933039,125.32433333333333,123.26433333333334,272.353,135.153,136.53533333333334,546.877,6042,1958,1620,338,206,132,45,580.8041064125316,1120.474491815165,failure
8,1000,0.25,complete,exponential,10.0,1.0,0.1,0.005,20.0,69,9655,46604685,44928835,1675850,0.9640411688224049,0.03595883117759513,25760,1650090,0.9846286958856699,0.01537130411433004,0.9645743219707196,1.0,0.0,1.0,1.0,1.0,2030,8,64,77240,617920,16240,129920,8.0,7.807353702744692,93.6882444329363,85120,1089272,0.0589027400019404,0.07420164599898271,120.43533333333333,121.90466666666667,270.079,138.566,140.88033333333334,554.7416666666667,5970,2030,1655,375,214,161,43,799.5602779492232,1231.9382751307692,failure
8,1000,0.25,complete,exponential,10.0,1.0,0.1,0.005,20.0,70,9603,46104003,44371328,1732675,0.9624181223482915,0.037581877651708465,25436,1707239,0.9853198089659053,0.01468019103409468,0.9629493903315179,1.0,0.0,1.0,1.0,1.0,1960,8,64,76824,614592,15680,125440,8.0,7.8599396022076435,94.31927522649173,85120,1083864,0.05937467400144669,0.07695944700026303,118.22133333333333,120.97633333333333,260.404,138.15533333333335,137.52066666666667,537.1956666666666,6040,1960,1603,357,190,167,41,722.0668423752126,1188.1438840340911,failure
8,1000,0.25,complete,exponential,10.0,1.0,0.1,0.005,20.0,71,9649,46546776,44837765,1709011,0.9632840091868017,0.03671599081319832,25214,1683797,0.9852464378520677,0.014753562147932341,0.9638060949028324,1.0,0.0,1.0,1.0,1.0,2039,8,64,77192,617536,16312,130496,8.0,7.8315887656752,93.9790651881024,85120,1088648,0.058085890999791445,0.036482725001405925,122.99666666666667,122.88666666666667,283.80133333333333,138.54266666666666,138.456,557.0393333333334,5961,2039,1649,390,206,184,41,1005.9133125181024,1232.1479302353625,failure
8,1000,0.25,complete,exponential,10.0,1.0,0.1,0.01,20.0,42,9531,45415215,43761252,1653963,0.9635813019931756,0.03641869800682437,24093,1629870,0.9854331686984533,0.01456683130154665,0.9640927580507924,1.0,0.0,1.0,1.0,1.0,2005,8,64,76248,609984,16040,128320,8.0,7.869793306053929,94.43751967264716,85120,1076376,0.0910047069992288,0.0353817950017401,118.709,123.00333333333333,265.36,142.06266666666667,144.15633333333332,546.9203333333334,5995,2005,1531,474,181,293,84,1623.499900442058,1319.237448386442,failure
8,1000,0.25,complete,exponential,10.0,1.0,0.1,0.01,20.0,43,9601,46084800,44371074,1713726,0.9628136392042496,0.03718636079575044,25321,1688405,0.9852245924961166,0.01477540750388335,0.9633429418513396,1.0,0.0,1.0,1.0,1.0,1994,8,64,76808,614464,15952,127616,8.0,7.875429642745547,94.50515571294656,85120,1083656,0.094360126000538,0.035278822000691434,121.504,122.70633333333333,269.37766666666664,140.39266666666666,142.37966666666668,540.2476666666666,6006,1994,1601,393,193,200,72,1130.1926571706695,1271.123221497205,failure
8,1000,0.25,complete,exponential,10.0,1.0,0.1,0.01,20.0,44,9495,45072765,43400150,1672615,0.9628907833810506,0.03710921661894938,23758,1648857,0.9857958944526983,0.01420410554730168,0.9633985938913149,1.0,0.0,1.0,1.0,1.0,2027,8,64,75960,607680,16216,129728,8.0,7.827909426013691,93.9349131121643,85120,1072632,0.06357500599915511,0.07572314299977734,122.32566666666666,120.442,269.0403333333333,139.695,142.30966666666666,552.16,5973,2027,1495,532,199,333,89,1661.650964271949,1320.9525709046848,failure
8,1000,0.25,complete,exponential,10.0,1.0,0.1,0.01,20.0,45,9509,45205786,43510609,1695177,0.962500884289458,0.03749911571054201,23502,1671675,0.9861359610235392,0.013864038976460866,0.963001538390578,1.0,0.0,1.0,1.0,1.0,2017,8,64,76072,608576,16136,129088,8.0,7.814912188453045,93.77894626143654,85120,1074088,0.05855416700069327,0.07257840700185625,121.49066666666667,124.35266666666666,269.3106666666667,142.667,142.53666666666666,554.805,5983,2017,1509,508,203,305,89,1798.5605248752338,1507.802045478483,failure
8,1000,0.25,complete,exponential,10.0,1.0,0.1,0.01,20.0,46,9513,45243828,43540804,1703024,0.9623589763447956,0.03764102365520442,24517,1678507,0.9856038435160045,0.014396156483995528,0.9628807480060897,1.0,0.0,1.0,1.0,1.0,1975,8,64,76104,608832,15800,126400,8.0,7.8343319667822975,94.01198360138757,85120,1074504,0.058296294999308884,0.035179635997337755,117.413,113.489,262.76866666666666,135.75766666666667,137.13666666666666,548.1793333333334,6025,1975,1513,462,187,275,86,1594.7678641409589,1342.8771145843484,failure
8,1000,0.25,complete,exponential,10.0,1.0,0.1,0.01,20.0,47,9468,44816778,43162806,1653972,0.9630948034684689,0.03690519653153111,22588,1631384,0.9863431787237027,0.0136568212762973,0.9635804554117398,1.0,0.0,1.0,1.0,1.0,2031,8,64,75744,605952,16248,129984,8.0,7.856147021546261,94.27376425855513,85120,1069824,0.05781956300052116,0.03514697500213515,116.795,116.351,266.088,140.58633333333333,141.94233333333332,568.1033333333334,5969,2031,1468,563,218,345,88,1981.6643959175747,1532.579316338427,failure
8,1000,0.25,complete,exponential,10.0,1.0,0.1,0.01,20.0,48,9562,45711141,44020908,1690233,0.963023609495987,0.03697639050401302,23480,1666753,0.9861084241048423,0.01389157589515765,0.9635185307472842,1.0,0.0,1.0,1.0,1.0,2006,8,64,76496,611968,16048,128384,8.0,7.857770340932859,94.29324409119431,85120,1079600,0.09282585500113782,0.03546863700103131,122.39266666666667,121.28366666666666,269.491,139.39066666666668,140.14566666666667,546.1556666666667,5994,2006,1562,444,197,247,80,1598.5451872115816,1393.5254843510047,failure
8,1000,0.25,complete,exponential,10.0,1.0,0.1,0.01,20.0,49,9500,45120250,43532780,1587470,0.9648169059346967,0.035183094065303275,22494,1564976,0.9858302834069306,0.014169716593069476,0.9652981403331908,1.0,0.0,1.0,1.0,1.0,2048,8,64,76000,608000,16384,131072,8.0,7.876736842105263,94.52084210526316,85120,1073152,0.059425898998597404,0.071624692001933,121.50066666666666,120.36533333333334,269.26733333333334,141.86533333333333,142.12266666666667,546.847,5952,2048,1500,548,185,363,95,2039.2954335418326,1404.2207634019699,failure
8,1000,0.25,complete,exponential,10.0,1.0,0.1,0.01,20.0,50,9459,44731611,43040607,1691004,0.9621966666928227,0.037803333307177334,23033,1667971,0.9863790978613889,0.013620902138611144,0.9626923719202163,1.0,0.0,1.0,1.0,1.0,1994,8,64,75672,605376,15952,127616,8.0,7.8866687810550795,94.64002537266096,85120,1068888,0.058626312002161285,0.07388385000012931,118.96266666666666,117.84033333333333,263.83033333333333,142.794,141.622,542.0313333333334,6006,1994,1459,535,209,326,85,1733.4754349033842,1354.4883641446468,failure
8,1000,0.25,complete,exponential,10.0,1.0,0.1,0.01,20.0,51,9510,45215295,43555402,1659893,0.963289125947315,0.03671087405268505,23588,1636305,0.9857894454642558,0.014210554535744171,0.9637919187252653,1.0,0.0,1.0,1.0,1.0,1989,8,64,76080,608640,15912,127296,8.0,7.856151419558359,94.27381703470031,85120,1074192,0.05884643399986089,0.07689808199938852,120.05133333333333,117.94066666666667,278.5713333333333,140.443,141.425,548.236,6011,1989,1510,479,209,270,75,1430.634050045759,1320.3201637841255,failure
8,1000,0.25,complete,exponential,10.0,1.0,0.1,0.01,20.0,52,9438,44533203,42759673,1773530,0.9601751079975092,0.039824892002490814,23926,1749604,0.9865093908758239,0.013490609124176078,0.9606912509497739,1.0,0.0,1.0,1.0,1.0,1951,8,64,75504,604032,15608,124864,8.0,7.864060182242,94.36872218690401,75616,1057200,0.05776668399994378,0.03598916199916857,124.00233333333334,122.07866666666666,267.3036666666667,141.99266666666668,144.74433333333334,558.2846666666667,6049,1951,1438,513,197,316,77,1694.974521018628,1347.2916269249076,failure
8,1000,0.25,complete,exponential,10.0,1.0,0.1,0.01,20.0,53,9539,45491491,43816576,1674915,0.9631817959099208,0.036818204090079173,24094,1650821,0.9856147923924498,0.014385207607550235,0.9636922034485502,1.0,0.0,1.0,1.0,1.0,1993,8,64,76312,610496,15944,127552,8.0,7.843379809204319,94.12055771045183,85120,1077208,0.09228058399821748,0.03626148100011051,120.502,124.06566666666667,279.82366666666667,140.22566666666665,141.89566666666667,542.0346666666667,6007,1993,1539,454,185,269,79,1479.9213687320046,1334.7886433015149,failure
8,1000,0.25,complete,exponential,10.0,1.0,0.1,0.01,20.0,54,9466,44797845,43133512,1664333,0.9628479227069963,0.03715207729300372,23339,1640994,0.9859769649463178,0.014023035053682166,0.9633498133960429,1.0,0.0,1.0,1.0,1.0,1962,8,64,75728,605824,15696,125568,8.0,7.804458060426791,93.6534967251215,85120,1069616,0.09345214700078941,0.0356532129990228,123.97533333333334,123.34766666666667,273.67566666666664,141.565,143.305,560.2986666666667,6038,1962,1466,496,183,313,77,1814.5097345560748,1363.6760991450512,failure
8,1000,0.25,complete,exponential,10.0,1.0,0.1,0.01,20.0,55,9556,45653790,44015520,1638270,0.9641153560306822,0.03588464396931777,23673,1614597,0.9855500009156,0.014449999084400008,0.964615541090986,1.0,0.0,1.0,1.0,1.0,2060,8,64,76448,611584,16480,131840,8.0,7.879970699037254,94.55964838844704,85120,1078976,0.05905504399925121,0.0733867899980396,139.97533333333334,141.191,325.516,161.649,165.00866666666667,638.0543333333334,5940,2060,1556,504,196,308,88,1930.0162921500212,1330.693235782018,failure
8,1000,0.25,complete,exponential,10.0,1.0,0.1,0.01,20.0,56,9518,45291403,43649865,1641538,0.963756079713406,0.03624392028659391,23989,1617549,0.9853862658068226,0.014613734193177373,0.9642668123255285,1.0,0.0,1.0,1.0,1.0,2007,8,64,76144,609152,16056,128448,8.0,7.845555789031309,94.1466694683757,85120,1075024,0.06186647799768252,0.0744840129991644,121.52066666666667,122.98033333333333,266.9096666666667,138.89666666666668,137.92166666666665,544.5656666666666,5993,2007,1518,489,191,298,69,1453.1522353910852,1249.000614532448,failure
8,1000,0.25,complete,exponential,10.0,1.0,0.1,0.01,20.0,57,9460,44741070,43121719,1619351,0.9638061628834537,0.03619383711654638,23612,1595739,0.9854188498972737,0.014581150102726339,0.9643150780171806,1.0,0.0,1.0,1.0,1.0,1982,8,64,75680,605440,15856,126848,8.0,7.854968287526427,94.25961945031713,85120,1068992,0.05672272900119424,0.03602077100003953,113.65933333333334,112.741,268.2853333333333,131.60966666666667,132.56133333333332,528.6026666666667,6018,1982,1460,522,212,310,83,1751.443335811946,1346.3201616396627,failure
8,1000,0.25,complete,exponential,10.0,1.0,0.1,0.01,20.0,58,9577,45854676,44187651,1667025,0.9636454742369132,0.03635452576308684,23368,1643657,0.9859822138240278,0.014017786175972166,0.9641368079654197,1.0,0.0,1.0,1.0,1.0,2027,8,64,76616,612928,16216,129728,8.0,7.842852667850058,94.1142320142007,85120,1081160,0.05740929400053574,0.03719220399943879,124.15566666666666,122.27533333333334,271.291,141.261,141.211,552.9083333333333,5973,2027,1577,450,191,259,69,1438.991282088699,1394.145659766914,failure
8,1000,0.25,complete,exponential,10.0,1.0,0.1,0.01,20.0,59,9531,45415215,43740813,1674402,0.963131254580651,0.036868745419349,24136,1650266,0.9855853014986843,0.014414698501315694,0.9636433846395236,1.0,0.0,1.0,1.0,1.0,1990,8,64,76248,609984,15920,127360,8.0,7.871052355471619,94.45262826565943,85120,1076376,0.09201089899943327,0.03664388700053678,124.06566666666667,122.399,267.40366666666665,137.23,139.87833333333333,548.1693333333334,6010,1990,1531,459,209,250,75,1445.611995538002,1294.3759067069211,failure
8,1000,0.25,complete,exponential,10.0,1.0,0.1,0.01,20.0,60,9509,45205786,43509590,1696196,0.9624783429271643,0.037521657072835765,23857,1672339,0.9859349980780523,0.0140650019219477,0.9629865515480758,1.0,0.0,1.0,1.0,1.0,1952,8,64,76072,608576,15616,124928,8.0,7.839520454306447,94.07424545167737,85120,1074088,0.05806523199862568,0.07405574199947296,119.88433333333333,122.37566666666666,269.2576666666667,142.06266666666667,142.81033333333335,550.6973333333333,6048,1952,1509,443,180,263,84,1779.765230804704,1484.6924028809817,failure
8,1000,0.25,complete,exponential,10.0,1.0,0.1,0.01,20.0,61,9578,45864253,44198076,1666177,0.9636715548381438,0.03632844516185623,24263,1641914,0.9854379216613841,0.014562078338615886,0.9641816239488709,1.0,0.0,1.0,1.0,1.0,2026,8,64,76624,612992,16208,129664,8.0,7.825015660889538,93.90018793067446,85120,1081264,0.059146826999494806,0.07543192700177315,123.08733333333333,122.48933333333333,270.7903333333333,144.35033333333334,145.12166666666667,552.2603333333333,5974,2026,1578,448,225,223,65,1237.4992041046355,1317.5128809012456,failure
8,1000,0.25,complete,exponential,10.0,1.0,0.1,0.01,20.0,62,9549,45586926,43794701,1792225,0.9606855483083022,0.03931445169169775,24411,1767814,0.9863795003417539,0.013620499658246035,0.9612002542001906,1.0,0.0,1.0,1.0,1.0,1979,8,64,76392,611136,15832,126656,8.0,7.850769714106189,94.20923656927427,85120,1078248,0.05846906800070428,0.078910028001701,119.761,122.13533333333334,265.1093333333333,143.84266666666667,141.278,549.0076666666666,6021,1979,1549,430,186,244,83,1564.120735390607,1470.823642886142,failure
8,1000,0.25,complete,exponential,10.0,1.0,0.1,0.01,20.0,63,9485,44977870,43252072,1725798,0.9616300638514007,0.0383699361485993,23554,1702244,0.9863518210126562,0.013648178987343825,0.9621339139049518,1.0,0.0,1.0,1.0,1.0,1975,8,64,75880,607040,15800,126400,8.0,7.812862414338429,93.75434897206115,85120,1071592,0.05649076500048977,0.036847557999863056,119.43666666666667,121.53066666666666,267.898,141.24766666666667,142.19633333333334,544.8133333333334,6025,1975,1485,490,188,302,77,1642.6357293134758,1346.1069509183153,failure
8,1000,0.25,complete,exponential,10.0,1.0,0.1,0.01,20.0,64,9461,44750530,43066567,1683963,0.9623699875733316,0.03763001242666847,23754,1660209,0.9858939893572484,0.014106010642751653,0.962881093866457,1.0,0.0,1.0,1.0,1.0,1986,8,64,75688,605504,15888,127104,8.0,7.842194271218688,94.10633125462425,85120,1069096,0.09217752000040491,0.03662300900032278,122.51933333333334,122.75966666666666,265.4936666666667,139.52466666666666,142.89766666666668,546.416,6014,1986,1461,525,191,334,87,2032.1874290416176,1342.8029267206598,failure
8,1000,0.25,complete,exponential,10.0,1.0,0.1,0.01,20.0,65,9544,45539196,43826206,1712990,0.9623842722212311,0.037615727778768863,22942,1690048,0.9866070438239569,0.01339295617604306,0.9628693521219914,1.0,0.0,1.0,1.0,1.0,2037,8,64,76352,610816,16296,130368,8.0,7.860854987426656,94.33025984911987,85120,1077728,0.09502210500068031,0.036586418998922454,125.161,124.363,269.59133333333335,141.488,145.479,536.4873333333334,5963,2037,1544,493,180,313,77,1803.3617789195832,1414.180207643508,failure
8,1000,0.25,complete,exponential,10.0,1.0,0.1,0.01,20.0,66,9531,45415215,43774653,1640562,0.9638763793147297,0.03612362068527034,22763,1617799,0.9861248767190756,0.013875123280924464,0.9643597354027053,1.0,0.0,1.0,1.0,1.0,2092,8,64,76248,609984,16736,133888,8.0,7.8398908823838,94.07869058860561,85120,1076376,0.059474308996868785,0.07411842900182819,120.96333333333334,121.33366666666667,275.853,139.55466666666666,141.32133333333334,549.5586666666667,5908,2092,1531,561,219,342,69,1919.075873511706,1388.8390444800887,failure
8,1000,0.25,complete,exponential,10.0,1.0,0.1,0.01,20.0,67,9513,45243828,43631296,1612532,0.9643590723578915,0.035640927642108446,22332,1590200,0.9861509725078325,0.013849027492167596,0.964835307527199,1.0,0.0,1.0,1.0,1.0,2074,8,64,76104,608832,16592,132736,8.0,7.815305371596763,93.78366445916114,85120,1074504,0.06002548100150307,0.08278723400144372,118.24466666666666,120.27166666666666,261.53933333333333,138.98333333333332,138.833,545.471,5926,2074,1513,561,194,367,85,1908.5760795943845,1406.028376435936,failure
8,1000,0.25,complete,exponential,10.0,1.0,0.1,0.01,20.0,68,9475,44883075,43124130,1758945,0.9608105059646649,0.03918949403533514,24618,1734327,0.986004110418461,0.013995889581538934,0.9613377918906127,1.0,0.0,1.0,1.0,1.0,1958,8,64,75800,606400,15664,125312,8.0,7.805910290237467,93.6709234828496,85120,1070552,0.05824753399792826,0.037224394000077154,114.875,115.46633333333334,257.1446666666667,134.24133333333333,136.00466666666668,536.297,6042,1958,1475,483,206,277,87,1423.400904190698,1304.3842625627242,failure
8,1000,0.25,complete,exponential,10.0,1.0,0.1,0.01,20.0,69,9512,45234316,43489460,1744856,0.9614262764578998,0.0385737235421002,23975,1720881,0.9862596111083092,0.013740388891690776,0.961936119880184,1.0,0.0,1.0,1.0,1.0,2030,8,64,76096,608768,16240,129920,8.0,7.808662741799832,93.70395290159799,85120,1074400,0.05745007999939844,0.03677480199985439,120.332,121.501,266.118,140.05866666666665,144.95466666666667,558.7156666666667,5970,2030,1512,518,214,304,80,1604.9500086452906,1315.1706736000335,failure
8,1000,0.25,complete,exponential,10.0,1.0,0.1,0.01,20.0,70,9514,45253341,43576762,1676579,0.9629512658523931,0.03704873414760691,24004,1652575,0.9856827504102104,0.014317249589789685,0.9634623209267914,1.0,0.0,1.0,1.0,1.0,1960,8,64,76112,608896,15680,125440,8.0,7.855371032163128,94.26445238595754,85120,1074608,0.09265145699828281,0.03665265300151077,120.008,122.74633333333334,260.2703333333333,136.85966666666667,136.02466666666666,535.9166666666666,6040,1960,1514,446,190,256,78,1317.0121257824774,1267.7378730788412,failure
8,1000,0.25,complete,exponential,10.0,1.0,0.1,0.01,20.0,71,9508,45196278,43499572,1696706,0.9624591653321541,0.03754083466784588,23649,1673057,0.9860618162486606,0.01393818375133936,0.96296303675396,1.0,0.0,1.0,1.0,1.0,2039,8,64,76064,608512,16312,130496,8.0,7.830879259570888,93.97055111485065,85120,1073984,0.058600513002602383,0.07354116900023655,121.46766666666667,123.07366666666667,264.9123333333333,140.019,141.24766666666667,548.156,5961,2039,1508,531,206,325,76,1748.3012335543817,1323.5061808433786,failure
8,1000,0.25,complete,exponential,10.0,1.0,0.1,0.02,20.0,42,9328,43501128,41847256,1653872,0.9619809398965471,0.03801906010345295,20770,1633102,0.9874415916104753,0.012558408389524702,0.96244046564658,1.0,0.0,1.0,1.0,1.0,2005,8,64,74624,596992,16040,128320,8.0,7.8611706689536875,94.33404802744425,75616,1045760,0.058327632999862544,0.07174736099841539,121.76133333333334,124.029,269.44433333333336,137.18366666666665,138.112,549.3213333333333,5995,2005,1328,677,181,496,159,3318.7785498496146,1661.685799172991,failure
8,1000,0.25,complete,exponential,10.0,1.0,0.1,0.02,20.0,43,9333,43547778,41881268,1666510,0.9617314573432426,0.038268542656757366,21662,1644848,0.987001578148346,0.012998421851654056,0.9622100901445009,1.0,0.0,1.0,1.0,1.0,1994,8,64,74664,597312,15952,127616,8.0,7.867566698810672,94.41080038572807,75616,1046280,0.05802401500113774,0.03454785299982177,117.91433333333333,120.96666666666667,264.36466666666666,137.22,138.342,538.832,6006,1994,1333,661,193,468,151,2910.152882154726,1480.3574665384645,failure
8,1000,0.25,complete,exponential,10.0,1.0,0.1,0.02,20.0,44,9311,43342705,41796920,1545785,0.9643357515411186,0.03566424845888137,21089,1524696,0.9863570936449765,0.0136429063550235,0.9648051910159584,1.0,0.0,1.0,1.0,1.0,2027,8,64,74488,595904,16216,129728,8.0,7.832885833959833,93.994630007518,75616,1043992,0.057042947999434546,0.03482862900273176,122.92666666666666,119.67733333333334,273.512,141.97233333333332,142.106,554.2573333333333,5973,2027,1311,716,199,517,175,3420.5268199787856,1528.680095566327,failure
8,1000,0.25,complete,exponential,10.0,1.0,0.1,0.02,20.0,45,9237,42656466,40927649,1728817,0.9594711620039035,0.04052883799609654,20723,1708094,0.9880131905227679,0.01198680947723212,0.9599375106468767,1.0,0.0,1.0,1.0,1.0,2017,8,64,73896,591168,16136,129088,8.0,7.800476345133702,93.60571614160442,75616,1036296,0.09204783699897234,0.03481515400198987,121.93466666666667,121.19333333333333,268.613,142.52333333333334,142.52666666666667,557.52,5983,2017,1237,780,203,577,159,3316.316851898487,1701.9488559225879,failure
8,1000,0.25,complete,exponential,10.0,1.0,0.1,0.02,20.0,46,9292,43165986,41448607,1717379,0.9602145309503645,0.039785469049635515,21018,1696361,0.9877615832032417,0.012238416796758316,0.9606822978753861,1.0,0.0,1.0,1.0,1.0,1975,8,64,74336,594688,15800,126400,8.0,7.815540249677142,93.7864829961257,75616,1042016,0.05806487099835067,0.07056726299924776,123.80166666666666,121.11333333333333,268.6263333333333,140.68666666666667,143.502,550.6436666666667,6025,1975,1292,683,187,496,167,3219.277569838714,1722.0501176997773,failure
8,1000,0.25,complete,exponential,10.0,1.0,0.1,0.02,20.0,47,9280,43054560,41420254,1634306,0.9620410474523489,0.037958952547651165,20212,1614094,0.9876326709930698,0.01236732900693016,0.9624928905626733,1.0,0.0,1.0,1.0,1.0,2031,8,64,74240,593920,16248,129984,8.0,7.858728448275862,94.30474137931034,75616,1040768,0.058252060996892396,0.07287352899948019,119.918,120.118,265.647,139.24733333333333,140.239,547.3813333333334,5969,2031,1280,751,218,533,162,3536.584344207946,1641.6798284254037,failure
8,1000,0.25,complete,exponential,10.0,1.0,0.1,0.02,20.0,48,9283,43082403,41404041,1678362,0.9610429808198024,0.03895701918019754,19515,1658847,0.9883725918484808,0.01162740815151916,0.9614785009310105,1.0,0.0,1.0,1.0,1.0,2006,8,64,74264,594112,16048,128384,8.0,7.814715070559086,93.77658084670904,75616,1041080,0.056874283000070136,0.034241891000419855,123.501,122.486,269.5113333333333,137.69766666666666,139.374,538.2406666666667,5994,2006,1283,723,197,526,162,3455.765411892441,1794.4643135184015,failure
8,1000,0.25,complete,exponential,10.0,1.0,0.1,0.02,20.0,49,9287,43119541,41473089,1646452,0.9618165694296236,0.03818343057037643,20419,1626033,0.9875981808154747,0.01240181918452527,0.9622722476805908,1.0,0.0,1.0,1.0,1.0,2048,8,64,74296,594368,16384,131072,8.0,7.874017443738559,94.48820932486271,75616,1041496,0.10271029399882536,0.03591516300002695,117.964,120.82266666666666,267.48066666666665,136.42866666666666,137.33733333333333,528.9536666666667,5952,2048,1287,761,185,576,187,3969.0731700694355,1651.6563434587035,failure
8,1000,0.25,complete,exponential,10.0,1.0,0.1,0.02,20.0,50,9271,42971085,41294205,1676880,0.9609765496961503,0.03902345030384967,20726,1656154,0.9876401412146367,0.012359858785363293,0.9614402757378582,1.0,0.0,1.0,1.0,1.0,1994,8,64,74168,593344,15952,127616,8.0,7.813180886635746,93.75817063962896,75616,1039832,0.09326424399841926,0.035328845002368325,121.43066666666667,121.83133333333333,273.669,143.06133333333332,145.99333333333334,563.3843333333333,6006,1994,1271,723,209,514,163,3493.258254175938,1633.7339574416205,failure
8,1000,0.25,complete,exponential,10.0,1.0,0.1,0.02,20.0,51,9319,43417221,41706023,1711198,0.9605871135787342,0.039412886421265884,22083,1689115,0.9870950059548924,0.01290499404510758,0.9610759389680936,1.0,0.0,1.0,1.0,1.0,1989,8,64,74552,596416,15912,127296,8.0,7.858783131237257,94.30539757484709,75616,1044824,0.05839298499995493,0.07118992699906812,118.68866666666666,120.195,270.71666666666664,137.46066666666667,138.87666666666667,548.774,6011,1989,1319,670,209,461,153,2855.0691038345294,1510.1236192497695,failure
8,1000,0.25,complete,exponential,10.0,1.0,0.1,0.02,20.0,52,9157,41920746,40164295,1756451,0.9581006740672029,0.04189932593279709,19708,1736743,0.9887796471407401,0.01122035285925995,0.9585513132156773,1.0,0.0,1.0,1.0,1.0,1951,8,64,73256,586048,15608,124864,8.0,7.859888609806705,94.31866331768046,75616,1027976,0.057134107999445405,0.07348380099938367,117.54666666666667,119.76433333333334,263.75033333333334,140.326,139.31066666666666,569.6593333333333,6049,1951,1157,794,197,597,168,3772.158397407956,1668.1831667740998,failure
8,1000,0.25,complete,exponential,10.0,1.0,0.1,0.02,20.0,53,9313,43361328,41650897,1710431,0.9605539987151686,0.0394460012848315,21409,1689022,0.9874832717601587,0.012516728239841303,0.9610284920006427,1.0,0.0,1.0,1.0,1.0,1993,8,64,74504,596032,15944,127552,8.0,7.847847095457962,94.17416514549555,75616,1044200,0.057575725000788225,0.03603856399786309,123.99533333333333,119.49366666666667,278.33433333333335,136.235,138.349,561.7846666666667,6007,1993,1313,680,185,495,149,2961.0920943391952,1590.6483797958408,failure
8,1000,0.25,complete,exponential,10.0,1.0,0.1,0.02,20.0,54,9269,42952546,41217291,1735255,0.9596006485855344,0.04039935141446563,20777,1714478,0.9880265436492043,0.011973456350795704,0.9600650511279887,1.0,0.0,1.0,1.0,1.0,1962,8,64,74152,593216,15696,125568,8.0,7.795770849066781,93.54925018880138,75616,1039624,0.09176228300202638,0.03553540200300631,118.27466666666666,121.87166666666667,267.99833333333333,140.77366666666666,140.77,554.862,6038,1962,1269,693,183,510,181,3404.714904204009,1637.7043401003823,failure
8,1000,0.25,complete,exponential,10.0,1.0,0.1,0.02,20.0,55,9302,43258951,41596377,1662574,0.9615669367479577,0.038433063252042335,20559,1642015,0.987634234626549,0.012365765373451047,0.9620241428034604,1.0,0.0,1.0,1.0,1.0,2060,8,64,74416,595328,16480,131840,8.0,7.875403139109869,94.50483766931842,75616,1043056,0.09531786700244993,0.033949122997000813,124.79666666666667,122.132,267.74766666666665,137.48733333333334,139.097,537.4726666666667,5940,2060,1302,758,196,562,171,3646.12881075193,1584.1628736042192,failure
8,1000,0.25,complete,exponential,10.0,1.0,0.1,0.02,20.0,56,9282,43073121,41446300,1626821,0.9622311789294302,0.03776882107056974,20347,1606474,0.9874927850083076,0.012507214991692387,0.9626859351734223,1.0,0.0,1.0,1.0,1.0,2007,8,64,74256,594048,16056,128448,8.0,7.840443869855634,94.08532643826761,75616,1040976,0.05869084199730423,0.07126131099721533,121.948,119.03266666666667,269.2943333333333,136.91966666666667,141.86533333333333,545.057,5993,2007,1282,725,191,534,145,3165.46407021525,1479.3979471356374,failure
8,1000,0.25,complete,exponential,10.0,1.0,0.1,0.02,20.0,57,9208,42389028,40717532,1671496,0.9605677204959736,0.03943227950402637,19963,1651533,0.988056806597204,0.011943193402796058,0.9610203104552815,1.0,0.0,1.0,1.0,1.0,1982,8,64,73664,589312,15856,126848,8.0,7.840247610773241,94.08297132927889,75616,1033280,0.056228864999866346,0.07541137799853459,122.57966666666667,119.477,271.488,139.952,140.34633333333332,547.8686666666666,6018,1982,1208,774,212,562,182,3669.7932720545596,1651.124513190014,failure
8,1000,0.25,complete,exponential,10.0,1.0,0.1,0.02,20.0,58,9318,43407903,41634299,1773604,0.9591409886812546,0.04085901131874534,21219,1752385,0.9880362245461783,0.01196377545382171,0.9596100729892149,1.0,0.0,1.0,1.0,1.0,2027,8,64,74544,596352,16216,129728,8.0,7.850504400085855,94.20605280103027,75616,1044720,0.06288149700048962,0.04863745500188088,120.10466666666666,120.71266666666666,270.37966666666665,138.72966666666667,137.631,534.8843333333333,5973,2027,1318,709,191,518,163,3271.411290311663,1518.8652406480624,failure
8,1000,0.25,complete,exponential,10.0,1.0,0.1,0.02,20.0,59,9307,43305471,41614932,1690539,0.960962461301945,0.039037538698055034,21265,1669274,0.9874211715908359,0.012578828409164178,0.9614345703834789,1.0,0.0,1.0,1.0,1.0,1990,8,64,74456,595648,15920,127360,8.0,7.868163747716772,94.41796497260127,75616,1043576,0.09139451399823884,0.03541087899793638,119.01633333333334,118.96266666666666,268.5996666666667,139.164,140.787,553.3223333333333,6010,1990,1307,683,209,474,155,3084.691715803464,1506.7490364926878,failure
8,1000,0.25,complete,exponential,10.0,1.0,0.1,0.02,20.0,60,9233,42619528,40876679,1742849,0.9591067972409267,0.04089320275907326,20268,1722581,0.9883707653388216,0.011629234661178335,0.9595631238664709,1.0,0.0,1.0,1.0,1.0,1952,8,64,73864,590912,15616,124928,8.0,7.8073215639553775,93.68785876746453,75616,1035880,0.09413932200186537,0.033082200003264006,136.47233333333332,135.103,319.939,163.31233333333333,165.81033333333335,644.68,6048,1952,1233,719,180,539,171,3868.7763324770926,1740.8057882561188,failure
8,1000,0.25,complete,exponential,10.0,1.0,0.1,0.02,20.0,61,9307,43305471,41656964,1648507,0.9619330546018077,0.038066945398192296,20711,1627796,0.9874365107336517,0.012563489266348277,0.9623933227306793,1.0,0.0,1.0,1.0,1.0,2026,8,64,74456,595648,16208,129664,8.0,7.815944987643709,93.7913398517245,75616,1043576,0.08869361899996875,0.09504211099920212,122.11866666666667,118.93266666666666,259.74266666666665,139.78166666666667,141.52166666666668,541.0926666666667,5974,2026,1307,719,225,494,151,3177.8043896855283,1671.4353361267379,failure
8,1000,0.25,complete,exponential,10.0,1.0,0.1,0.02,20.0,62,9324,43463826,41759891,1703935,0.960796479352738,0.03920352064726193,20969,1682966,0.987693779398862,0.012306220601137955,0.9612602366368308,1.0,0.0,1.0,1.0,1.0,1979,8,64,74592,596736,15832,126656,8.0,7.836014586014586,94.03217503217503,75616,1045344,0.05785846399885486,0.07642886299800011,121.75133333333333,119.988,270.9003333333333,137.65766666666667,137.494,545.7213333333333,6021,1979,1324,655,186,469,154,3088.535245405719,1681.4151421108566,failure
8,1000,0.25,complete,exponential,10.0,1.0,0.1,0.02,20.0,63,9222,42518031,40768614,1749417,0.9588547033139893,0.0411452966860107,19754,1729663,0.9887082382302218,0.01129176176977816,0.959300397049038,1.0,0.0,1.0,1.0,1.0,1975,8,64,73776,590208,15800,126400,8.0,7.798633702016916,93.583604424203,75616,1034736,0.056535488001827616,0.03307792199848336,123.608,122.65966666666667,266.3786666666667,143.285,144.19,554.1136666666666,6025,1975,1222,753,188,565,170,3740.722303122042,1693.9234448781776,failure
8,1000,0.25,complete,exponential,10.0,1.0,0.1,0.02,20.0,64,9238,42665703,40977870,1687833,0.9604405205745702,0.03955947942542984,19653,1668180,0.98835607551221,0.011643924487789965,0.9608831298561062,1.0,0.0,1.0,1.0,1.0,1986,8,64,73904,591232,15888,127104,8.0,7.843147867503789,94.11777441004547,75616,1036400,0.09139016599874594,0.033716467001795536,120.639,121.45733333333334,270.59,140.82333333333332,139.314,544.0916666666667,6014,1986,1238,748,191,557,198,4246.001561855144,1708.1387333163896,failure
8,1000,0.25,complete,exponential,10.0,1.0,0.1,0.02,20.0,65,9309,43324086,41622808,1701278,0.9607313585334495,0.0392686414665505,20625,1680653,0.9878767608821133,0.012123239117886672,0.9611889451515203,1.0,0.0,1.0,1.0,1.0,2037,8,64,74472,595776,16296,130368,8.0,7.858631431947577,94.30357718337092,75616,1043784,0.059014929000113625,0.07152686700283084,121.78133333333334,124.72666666666667,270.31933333333336,139.51766666666666,141.43466666666666,550.0626666666667,5963,2037,1309,728,180,548,164,3603.686199262286,1565.7456613511747,failure
8,1000,0.25,complete,exponential,10.0,1.0,0.1,0.02,20.0,66,9352,43725276,42045090,1680186,0.9615740332891209,0.038425966710879084,21328,1658858,0.9873061672933829,0.012693832706617005,0.9620432918325823,1.0,0.0,1.0,1.0,1.0,2092,8,64,74816,598528,16736,133888,8.0,7.832335329341317,93.9880239520958,75616,1048256,0.05847929700030363,0.07670483900074032,119.61733333333333,121.531,264.19466666666665,138.24866666666668,139.25066666666666,549.335,5908,2092,1352,740,219,521,148,3425.6192874408875,1577.8155391440841,failure
8,1000,0.25,complete,exponential,10.0,1.0,0.1,0.02,20.0,67,9347,43678531,42059474,1619057,0.9629324301222493,0.03706756987775069,20741,1598316,0.9871894565787369,0.012810543421263119,0.9633899013211616,1.0,0.0,1.0,1.0,1.0,2074,8,64,74776,598208,16592,132736,8.0,7.803252380442923,93.63902856531507,75616,1047736,0.05778849399939645,0.03596318199925008,124.68333333333334,124.289,277.2556666666667,145.262,143.926,552.08,5926,2074,1347,727,194,533,150,2963.877925645453,1567.0869783607548,failure
8,1000,0.25,complete,exponential,10.0,1.0,0.1,0.02,20.0,68,9296,43203160,41475036,1728124,0.960000055551492,0.039999944448507935,21988,1706136,0.9872763760007962,0.012723623999203761,0.9604888908527077,1.0,0.0,1.0,1.0,1.0,1958,8,64,74368,594944,15664,125312,8.0,7.811639414802065,93.73967297762478,75616,1042432,0.0908605250006076,0.03541508700072882,121.15333333333334,123.13033333333334,267.023,144.497,144.09966666666668,541.9876666666667,6042,1958,1296,662,206,456,155,2832.6837168810807,1442.213173115293,failure
8,1000,0.25,complete,exponential,10.0,1.0,0.1,0.02,20.0,69,9295,43193865,41585231,1608634,0.9627578129440373,0.037242187055962696,20980,1587654,0.986957878547886,0.01304212145211403,0.9632256681479591,1.0,0.0,1.0,1.0,1.0,2030,8,64,74360,594880,16240,129920,8.0,7.794298009682625,93.5315761161915,75616,1042328,0.09494645199811202,0.03338458700090996,124.97066666666667,117.04233333333333,273.298,145.28866666666667,145.88633333333334,566.1663333333333,5970,2030,1295,735,214,521,165,3458.8909371137684,1633.946547621306,failure
8,1000,0.25,complete,exponential,10.0,1.0,0.1,0.02,20.0,70,9350,43706575,42007863,1698712,0.9611337195833808,0.038866280416619235,21718,1676994,0.9872150193793886,0.012784980620611381,0.9616115488257178,1.0,0.0,1.0,1.0,1.0,1960,8,64,74800,598400,15680,125440,8.0,7.8542245989304815,94.25069518716577,75616,1048048,0.07436016099745757,0.09047490299781202,149.20266666666666,151.29,324.07666666666665,173.47466666666668,176.71733333333333,685.8436666666666,6040,1960,1350,610,190,420,149,2713.5826433429143,1638.5214294443697,failure
8,1000,0.25,complete,exponential,10.0,1.0,0.1,0.02,20.0,71,9285,43100970,41422900,1678070,0.9610665374816391,0.03893346251836095,19981,1658089,0.9880928685930861,0.011907131406913895,0.9615122809738653,1.0,0.0,1.0,1.0,1.0,2039,8,64,74280,594240,16312,130496,8.0,7.815831987075929,93.78998384491115,75616,1041288,0.06723268999849097,0.08499032699910458,153.91166666666666,155.541,336.383,177.78933333333333,178.661,721.858,5961,2039,1285,754,206,548,146,3518.9450277737483,1620.8502800050544,failure
8,1000,0.25,complete,exponential,10.0,1.0,0.25,0.0,20.0,42,9495,45072765,43177876,1894889,0.9579593353103587,0.042040664689641294,28375,1866514,0.9850255080904475,0.014974491909552485,0.958562786620043,1.0,0.0,1.0,1.0,1.0,2005,8,64,75960,607680,16040,128320,8.0,7.846340179041601,94.15608214849921,85120,1072632,0.07101905699892086,0.04258316400228068,140.69,139.14366666666666,312.42466666666667,159.88933333333333,161.16833333333332,622.5153333333334,5995,2005,1495,510,510,0,0,0.0,1047.964556799194,failure
8,1000,0.25,complete,exponential,10.0,1.0,0.25,0.0,20.0,43,9502,45139251,43308154,1831097,0.9594344841920395,0.04056551580796057,27721,1803376,0.9848609877029999,0.015139012297000104,0.960024055934259,1.0,0.0,1.0,1.0,1.0,1994,8,64,76016,608128,15952,127616,8.0,7.8364554830561985,94.03746579667438,85120,1073360,0.10713441500047338,0.041206637000868795,139.902,140.15566666666666,299.3403333333333,157.959,159.886,611.4776666666667,6006,1994,1502,492,492,0,0,0.0,1024.4845898336619,failure
8,1000,0.25,complete,exponential,10.0,1.0,0.25,0.0,20.0,44,9534,45443811,43607319,1836492,0.9595876322960678,0.04041236770393222,27975,1808517,0.9847671538999353,0.015232846100064689,0.960178713874165,1.0,0.0,1.0,1.0,1.0,2027,8,64,76272,610176,16216,129728,8.0,7.831445353471786,93.97734424166143,85120,1076688,0.10699677699813037,0.040813130002788967,143.20466666666667,140.69333333333333,304.6836666666667,159.45833333333334,161.73266666666666,620.007,5973,2027,1534,493,493,0,0,0.0,1043.0893069839585,failure
8,1000,0.25,complete,exponential,10.0,1.0,0.25,0.0,20.0,45,9502,45139251,43230704,1908547,0.9577186825718486,0.04228131742815139,27475,1881072,0.9856042319104533,0.014395768089546655,0.9583019741896218,1.0,0.0,1.0,1.0,1.0,2017,8,64,76016,608128,16136,129088,8.0,7.840454641128184,94.08545569353821,85120,1073360,0.06867769499876886,0.08295929599989904,133.52666666666667,140.41933333333333,303.104,163.546,164.76833333333335,628.052,5983,2017,1502,515,515,0,0,0.0,1071.6257998934586,failure
8,1000,0.25,complete,exponential,10.0,1.0,0.25,0.0,20.0,46,9507,45186771,43312634,1874137,0.9585246531556769,0.04147534684432309,28123,1846014,0.9849941599786995,0.015005840021300471,0.9591215839765619,1.0,0.0,1.0,1.0,1.0,1975,8,64,76056,608448,15800,126400,8.0,7.8328599978962865,93.99431997475544,85120,1073880,0.06400359599865624,0.08454969199738116,138.47266666666667,134.29466666666667,302.57966666666664,156.286,159.562,618.5476666666667,6025,1975,1507,468,468,0,0,0.0,1032.6780490219999,failure
8,1000,0.25,complete,exponential,10.0,1.0,0.25,0.0,20.0,47,9509,45205786,43329407,1876379,0.9584925035923498,0.04150749640765012,28595,1847784,0.984760541447117,0.015239458552882973,0.9590991834795572,1.0,0.0,1.0,1.0,1.0,2031,8,64,76072,608576,16248,129984,8.0,7.848669681354506,94.18403617625407,85120,1074088,0.06200938300025882,0.04202043000259437,127.31166666666667,129.55266666666665,298.7323333333333,156.957,157.007,612.2726666666666,5969,2031,1509,522,522,0,0,0.0,1057.0059319605573,failure
8,1000,0.25,complete,exponential,10.0,1.0,0.25,0.0,20.0,48,9504,45158256,43288478,1869778,0.9585949909137323,0.04140500908626764,27925,1841853,0.9850650718962358,0.01493492810376419,0.9591881344721358,1.0,0.0,1.0,1.0,1.0,2006,8,64,76032,608256,16048,128384,8.0,7.832175925925926,93.98611111111111,85120,1073568,0.058956609002052573,0.04147500900216983,117.84066666666666,120.13466666666666,257.325,143.71233333333333,142.48,538.755,5994,2006,1504,502,502,0,0,0.0,1007.8330223989212,failure
8,1000,0.25,complete,exponential,10.0,1.0,0.25,0.0,20.0,49,9537,45472416,43600923,1871493,0.9588433348252268,0.041156665174773205,27534,1843959,0.9852876820805635,0.014712317919436514,0.9594242757633302,1.0,0.0,1.0,1.0,1.0,2048,8,64,76296,610368,16384,131072,8.0,7.8624305337108105,94.34916640452973,85120,1077000,0.0883535809989553,0.036201327999151545,124.00566666666667,120.27866666666667,281.283,140.68333333333334,143.011,548.6133333333333,5952,2048,1537,511,511,0,0,0.0,1044.6664873722036,failure
8,1000,0.25,complete,exponential,10.0,1.0,0.25,0.0,20.0,50,9467,44807311,42975160,1832151,0.9591104451682003,0.04088955483179966,27584,1804567,0.9849444723715458,0.015055527628454204,0.9597012505234791,1.0,0.0,1.0,1.0,1.0,1994,8,64,75736,605888,15952,127616,8.0,7.85201225308968,94.22414703707616,85120,1069720,0.05362520999915432,0.0733961959995213,120.09466666666667,123.20733333333334,269.33433333333335,143.24466666666666,142.57666666666665,556.0773333333333,6006,1994,1467,527,527,0,0,0.0,1067.3490344876834,failure
8,1000,0.25,complete,exponential,10.0,1.0,0.25,0.0,20.0,51,9491,45034795,43160713,1874082,0.9583859102722684,0.04161408972773163,27794,1846288,0.9851692722090069,0.014830727790993137,0.9589777599267278,1.0,0.0,1.0,1.0,1.0,1989,8,64,75928,607424,15912,127296,8.0,7.8126646296491415,93.7519755557897,85120,1072216,0.05305610499999602,0.07220546700045816,119.28666666666666,120.53233333333333,279.93066666666664,141.67533333333333,141.72866666666667,548.824,6011,1989,1491,498,498,0,0,0.0,1082.3835995008842,failure
8,1000,0.25,complete,exponential,10.0,1.0,0.25,0.0,20.0,52,9471,44845185,42954210,1890975,0.9578332657118038,0.04216673428819616,27214,1863761,0.9856084823966472,0.014391517603352768,0.9584148733551547,1.0,0.0,1.0,1.0,1.0,1951,8,64,75768,606144,15608,124864,8.0,7.836553690212226,94.03864428254671,85120,1070136,0.0532808260031743,0.034903469000710174,131.69,130.02666666666667,309.389,152.07766666666666,153.207,622.0343333333333,6049,1951,1471,480,480,0,0,0.0,1030.551613900203,failure
8,1000,0.25,complete,exponential,10.0,1.0,0.25,0.0,20.0,53,9523,45339003,43467787,1871216,0.9587283381595312,0.04127166184046879,27711,1843505,0.9851909132884712,0.01480908671152876,0.9593146670812212,1.0,0.0,1.0,1.0,1.0,1993,8,64,76184,609472,15944,127552,8.0,7.847212013021107,94.16654415625328,85120,1075544,0.0574225979980838,0.0351866590026475,121.49066666666667,121.614,266.63233333333335,140.71,143.265,536.3173333333333,6007,1993,1523,470,470,0,0,0.0,1095.8722654687645,failure
8,1000,0.25,complete,exponential,10.0,1.0,0.25,0.0,20.0,54,9467,44807311,42953091,1854220,0.9586179139381964,0.041382086061803616,27106,1827114,0.9853814541963737,0.014618545803626322,0.9591981769623431,1.0,0.0,1.0,1.0,1.0,1962,8,64,75736,605888,15696,125568,8.0,7.781240097179677,93.37488116615613,85120,1069720,0.09264425199944526,0.04034483299983549,136.58566666666667,134.298,306.053,159.482,161.01833333333335,609.885,6038,1962,1467,495,495,0,0,0.0,1042.188744181115,failure
8,1000,0.25,complete,exponential,10.0,1.0,0.25,0.0,20.0,55,9514,45253341,43349717,1903624,0.9579340672327376,0.04206593276726242,27722,1875902,0.9854372502132774,0.014562749786722588,0.9585212531861642,1.0,0.0,1.0,1.0,1.0,2060,8,64,76112,608896,16480,131840,8.0,7.8668278326676475,94.40193399201178,85120,1074608,0.1173505050028325,0.039053396001691,147.159,148.381,331.113,170.77633333333333,173.59166666666667,667.5896666666666,5940,2060,1514,546,546,0,0,0.0,1048.3987473198213,failure
8,1000,0.25,complete,exponential,10.0,1.0,0.25,0.0,20.0,56,9514,45253341,43378618,1874723,0.9585727162111632,0.04142728378883672,28204,1846519,0.9849556441138237,0.015044355886176251,0.9591705161667061,1.0,0.0,1.0,1.0,1.0,2007,8,64,76112,608896,16056,128448,8.0,7.8341391633382385,94.00966996005886,85120,1074608,0.06413473100110423,0.08314598499782733,133.834,138.626,300.93666666666667,158.60333333333332,163.476,633.0046666666667,5993,2007,1514,493,493,0,0,0.0,1038.8029395656567,failure
8,1000,0.25,complete,exponential,10.0,1.0,0.25,0.0,20.0,57,9489,45015816,43185703,1830113,0.9593451110605214,0.040654888939478516,28250,1801863,0.9845637946946445,0.015436205305355461,0.9599475330583566,1.0,0.0,1.0,1.0,1.0,1982,8,64,75912,607296,15856,126848,8.0,7.8352829592159345,94.02339551059121,85120,1072008,0.06235610200019437,0.098725314001058,116.929,116.12733333333334,263.6,138.339,137.968,540.3713333333334,6018,1982,1489,493,493,0,0,0.0,1077.8826571726358,failure
8,1000,0.25,complete,exponential,10.0,1.0,0.25,0.0,20.0,58,9535,45453345,43595340,1858005,0.9591228104334235,0.040877189566576454,26953,1831052,0.9854935804801387,0.014506419519861357,0.9596918901241376,1.0,0.0,1.0,1.0,1.0,2027,8,64,76280,610240,16216,129728,8.0,7.864918720503408,94.3790246460409,85120,1076792,0.05399526300243451,0.03513249800016638,118.68233333333333,122.96333333333334,278.6983333333333,144.083,145.459,544.8596666666666,5973,2027,1535,492,492,0,0,0.0,1090.4486901332448,failure
8,1000,0.25,complete,exponential,10.0,1.0,0.25,0.0,20.0,59,9500,45120250,43303291,1816959,0.9597307417401277,0.04026925825987223,27710,1789249,0.9847492431034492,0.015250756896550775,0.9603205097783358,1.0,0.0,1.0,1.0,1.0,1990,8,64,76000,608000,15920,127360,8.0,7.8601052631578945,94.32126315789473,85120,1073152,0.08644805499716313,0.036411852001037914,123.969,120.43533333333333,267.768,141.74866666666668,141.55833333333334,544.182,6010,1990,1500,490,490,0,0,0.0,1051.5995411720198,failure
8,1000,0.25,complete,exponential,10.0,1.0,0.25,0.0,20.0,60,9483,44958903,43022033,1936870,0.9569191000945908,0.04308089990540917,28123,1908747,0.9854801819430318,0.014519818056968201,0.9575180533255822,1.0,0.0,1.0,1.0,1.0,1952,8,64,75864,606912,15616,124928,8.0,7.8321206369292415,93.9854476431509,85120,1071384,0.0878469130002486,0.03590153699769871,119.74733333333333,121.03333333333333,265.8976666666667,138.50933333333333,138.46933333333334,546.4363333333333,6048,1952,1483,469,469,0,0,0.0,1040.7167653097613,failure
8,1000,0.25,complete,exponential,10.0,1.0,0.25,0.0,20.0,61,9460,44741070,42904602,1836468,0.958953417966982,0.04104658203301798,26976,1809492,0.9853109338142565,0.014689066185743503,0.959531954287165,1.0,0.0,1.0,1.0,1.0,2026,8,64,75680,605440,16208,129664,8.0,7.828224101479916,93.93868921775899,85120,1068992,0.053538969001238,0.0736773019998509,123.85833333333333,119.29666666666667,268.8933333333333,143.679,144.50066666666666,552.4943333333333,5974,2026,1460,566,566,0,0,0.0,1055.6259276122692,failure
8,1000,0.25,complete,exponential,10.0,1.0,0.25,0.0,20.0,62,9478,44911503,43016050,1895453,0.9577958234886951,0.04220417651130491,28485,1866968,0.9849719301929407,0.015028069807059315,0.9584036884507187,1.0,0.0,1.0,1.0,1.0,1979,8,64,75824,606592,15832,126656,8.0,7.82728423718084,93.92741084617008,85120,1070864,0.054091734000394354,0.07413186299891095,118.622,120.078,263.697,139.17733333333334,138.81333333333333,548.0693333333334,6021,1979,1478,501,501,0,0,0.0,1085.7861982470224,failure
8,1000,0.25,complete,exponential,10.0,1.0,0.25,0.0,20.0,63,9494,45063271,43174983,1888288,0.958096961048389,0.041903038951610946,28054,1860234,0.9851431561287262,0.014856843871273874,0.9586937929043398,1.0,0.0,1.0,1.0,1.0,1975,8,64,75952,607616,15800,126400,8.0,7.79492310933221,93.53907731198652,85120,1072528,0.0536264319998736,0.07819522800127743,119.086,120.64566666666667,269.902,142.871,140.396,573.677,6025,1975,1494,481,481,0,0,0.0,1042.684391732074,failure
8,1000,0.25,complete,exponential,10.0,1.0,0.25,0.0,20.0,64,9519,45300921,43429024,1871897,0.9586786105297948,0.04132138947020525,27419,1844478,0.9853522923536925,0.014647707646307462,0.959259215246923,1.0,0.0,1.0,1.0,1.0,1986,8,64,76152,609216,15888,127104,8.0,7.846097279125958,94.1531673495115,85120,1075128,0.062521851999918,0.03780355699927895,123.02366666666667,121.41366666666667,268.50266666666664,139.531,140.289,539.1056666666667,6014,1986,1519,467,467,0,0,0.0,1108.9405952238092,failure
8,1000,0.25,complete,exponential,10.0,1.0,0.25,0.0,20.0,65,9534,45443811,43583192,1860619,0.9590567129152087,0.04094328708479137,27137,1833482,0.9854150688561173,0.014584931143882762,0.9596297606469377,1.0,0.0,1.0,1.0,1.0,2037,8,64,76272,610176,16296,130368,8.0,7.859030837004405,94.30837004405286,85120,1076688,0.08899009300148464,0.03671298599874717,122.85666666666667,120.439,271.94233333333335,141.49466666666666,141.301,543.467,5963,2037,1534,503,503,0,0,0.0,1093.619168994837,failure
8,1000,0.25,complete,exponential,10.0,1.0,0.25,0.0,20.0,66,9549,45586926,43733580,1853346,0.9593447910920776,0.040655208907922416,28007,1825339,0.9848884126331511,0.015111587366848932,0.9599345410280696,1.0,0.0,1.0,1.0,1.0,2092,8,64,76392,611136,16736,133888,8.0,7.838098230181171,94.05717876217405,85120,1078248,0.09074914500160958,0.03632354699948337,124.19933333333333,123.154,270.206,139.73833333333334,139.33766666666668,556.0376666666667,5908,2092,1549,543,543,0,0,0.0,1041.02017119656,failure
8,1000,0.25,complete,exponential,10.0,1.0,0.25,0.0,20.0,67,9557,45663346,43823402,1839944,0.9597063255066767,0.04029367449332338,27854,1812090,0.9848614957846543,0.015138504215345685,0.9602920902003204,1.0,0.0,1.0,1.0,1.0,2074,8,64,76456,611648,16592,132736,8.0,7.798053782567751,93.57664539081301,85120,1079080,0.05456577000222751,0.07388504999835277,118.044,115.68666666666667,268.54266666666666,141.869,143.51533333333333,552.8546666666666,5926,2074,1557,517,517,0,0,0.0,1079.937951610893,failure
8,1000,0.25,complete,exponential,10.0,1.0,0.25,0.0,20.0,68,9427,44429451,42515250,1914201,0.9569159429856561,0.04308405701434393,27611,1886590,0.9855757049547044,0.014424295045295661,0.9575109950398452,1.0,0.0,1.0,1.0,1.0,1958,8,64,75416,603328,15664,125312,8.0,7.793889890739366,93.5266786888724,75616,1056056,0.05338967900024727,0.07483826500174473,121.474,121.53066666666666,265.4266666666667,140.99733333333333,140.93033333333332,542.7426666666667,6042,1958,1427,531,531,0,0,0.0,1054.2766448732182,failure
8,1000,0.25,complete,exponential,10.0,1.0,0.25,0.0,20.0,69,9506,45177265,43345947,1831318,0.9594637258364357,0.040536274163564354,27915,1803403,0.9847568800175611,0.015243119982438878,0.9600569443413914,1.0,0.0,1.0,1.0,1.0,2030,8,64,76048,608384,16240,129920,8.0,7.7820324005891015,93.38438880706921,85120,1073776,0.054597540001850575,0.03656222299832734,111.88266666666667,112.76433333333334,268.32233333333335,131.7,135.12633333333332,541.3933333333333,5970,2030,1506,524,524,0,0,0.0,1048.2388627674961,failure
8,1000,0.25,complete,exponential,10.0,1.0,0.25,0.0,20.0,70,9479,44920981,43033318,1887663,0.9579781438878193,0.04202185611218063,28275,1859388,0.9850211610864863,0.014978838913513695,0.958581512105775,1.0,0.0,1.0,1.0,1.0,1960,8,64,75832,606656,15680,125440,8.0,7.860639307943876,94.3276716953265,85120,1070968,0.052923406998161227,0.03649443600079394,120.45866666666667,120.68266666666666,283.22333333333336,138.83966666666666,139.20033333333333,553.713,6040,1960,1479,481,481,0,0,0.0,1047.006662814019,failure
8,1000,0.25,complete,exponential,10.0,1.0,0.25,0.0,20.0,71,9517,45281886,43418131,1863755,0.9588410473892364,0.041158952610763605,27838,1835917,0.9850634874218983,0.014936512578101736,0.9594308778741738,1.0,0.0,1.0,1.0,1.0,2039,8,64,76136,609088,16312,130496,8.0,7.827781864032784,93.93338236839341,85120,1074920,0.0894386019972444,0.036550180997437565,117.85366666666667,121.57733333333333,264.5953333333333,140.58966666666666,139.972,540.7253333333333,5961,2039,1517,522,522,0,0,0.0,1041.269914221877,failure
8,1000,0.25,complete,exponential,10.0,1.0,0.25,0.005,20.0,42,9345,43659840,41797598,1862242,0.9573465683795451,0.04265343162045486,25418,1836824,0.9863508609514767,0.013649139048523232,0.957904243580905,1.0,0.0,1.0,1.0,1.0,2005,8,64,74760,598080,16040,128320,8.0,7.843873729266988,94.12648475120385,75616,1047528,0.058240629001375055,0.07117938599913032,118.97266666666667,123.04033333333334,271.832,139.42766666666665,141.89866666666666,553.192,5995,2005,1345,660,510,150,41,864.7293869923006,1244.5797996392305,failure
8,1000,0.25,complete,exponential,10.0,1.0,0.25,0.005,20.0,43,9403,44203503,42385131,1818372,0.9588636221884949,0.04113637781150512,26225,1792147,0.9855777585664539,0.01442224143354605,0.9594328333221436,1.0,0.0,1.0,1.0,1.0,1994,8,64,75224,601792,15952,127616,8.0,7.851643092630011,94.21971711156013,75616,1053560,0.057556478001060896,0.07404007999866735,121.337,123.34066666666666,264.672,141.50133333333332,140.00866666666667,550.564,6006,1994,1403,591,492,99,37,551.4797364164823,1178.22934467877,failure
8,1000,0.25,complete,exponential,10.0,1.0,0.25,0.005,20.0,44,9419,44354071,42542038,1812033,0.9591461852509547,0.040853814749045245,26021,1786012,0.9856398862493122,0.014360113750687763,0.9597092134664169,1.0,0.0,1.0,1.0,1.0,2027,8,64,75352,602816,16216,129728,8.0,7.824928336341437,93.89914003609725,75616,1055224,0.057610369000030914,0.035388666998187546,123.785,127.05766666666666,268.98333333333335,141.33766666666668,144.71066666666667,538.5446666666667,5973,2027,1419,608,493,115,37,650.2604628847618,1199.6451456239718,failure
8,1000,0.25,complete,exponential,10.0,1.0,0.25,0.005,20.0,45,9358,43781403,41936287,1845116,0.9578561701186232,0.042143829881376806,25048,1820068,0.9864247017531689,0.013575298246831093,0.9584044877595495,1.0,0.0,1.0,1.0,1.0,2017,8,64,74864,598912,16136,129088,8.0,7.813635392177816,93.7636247061338,75616,1048880,0.09146758000133559,0.03516221300014877,123.06033333333333,125.849,280.378,146.01666666666668,148.568,567.028,5983,2017,1358,659,515,144,42,849.8408891242656,1190.9960494604668,failure
8,1000,0.25,complete,exponential,10.0,1.0,0.25,0.005,20.0,46,9346,43669185,41853564,1815621,0.9584232909315803,0.04157670906841976,25212,1790409,0.9861138420408224,0.013886157959177603,0.958976947401191,1.0,0.0,1.0,1.0,1.0,1975,8,64,74768,598144,15800,126400,8.0,7.829980740423711,93.95976888508453,75616,1047632,0.10246675600137678,0.035145842000929406,118.779,121.357,281.1863333333333,137.49066666666667,138.783,537.9903333333333,6025,1975,1346,629,468,161,48,1017.7494463528507,1221.8578876486552,failure
8,1000,0.25,complete,exponential,10.0,1.0,0.25,0.005,20.0,47,9364,43837566,42053625,1783941,0.9593056557930246,0.04069434420697536,24504,1759437,0.9862641197214482,0.013735880278551812,0.959842181311135,1.0,0.0,1.0,1.0,1.0,2031,8,64,74912,599296,16248,129984,8.0,7.846326356258009,94.1559162750961,75616,1049504,0.05817264100187458,0.07302938900102163,120.933,123.214,271.72866666666664,139.02,142.34966666666668,543.554,5969,2031,1364,667,522,145,44,1056.5993244789215,1307.3948803682006,failure
8,1000,0.25,complete,exponential,10.0,1.0,0.25,0.005,20.0,48,9375,43940625,42135700,1804925,0.9589235474006116,0.04107645259938838,24321,1780604,0.9865252018781944,0.013474798121805616,0.9594546025548962,1.0,0.0,1.0,1.0,1.0,2006,8,64,75000,600000,16048,128384,8.0,7.833706666666667,94.00448,75616,1050648,0.05775601100322092,0.07291298099880805,123.28733333333334,120.94633333333333,276.13,136.91633333333334,139.12366666666668,545.274,5994,2006,1375,631,502,129,42,817.2263420738539,1254.8118367687268,failure
8,1000,0.25,complete,exponential,10.0,1.0,0.25,0.005,20.0,49,9376,43950000,42195444,1754556,0.960078361774744,0.039921638225255976,23892,1730664,0.9863828797712926,0.013617120228707433,0.9606005612880613,1.0,0.0,1.0,1.0,1.0,2048,8,64,75008,600064,16384,131072,8.0,7.857935153583618,94.29522184300342,75616,1050752,0.05810374200154911,0.03451911899901461,120.736,121.09666666666666,269.11066666666665,143.118,142.82733333333334,538.047,5952,2048,1376,672,511,161,50,1063.4162593237697,1343.4207603556047,failure
8,1000,0.25,complete,exponential,10.0,1.0,0.25,0.005,20.0,50,9365,43846930,42024549,1822381,0.9584376602877328,0.0415623397122672,25172,1797209,0.9861873011187013,0.013812698881298697,0.9589882039876173,1.0,0.0,1.0,1.0,1.0,1994,8,64,74920,599360,15952,127616,8.0,7.865029364655633,94.38035237586759,75616,1049608,0.09158306500103208,0.03633975699995062,122.823,123.44433333333333,270.16566666666665,139.60133333333334,140.66,541.4466666666667,6006,1994,1365,629,527,102,39,791.5621095838728,1206.7998615900117,failure
8,1000,0.25,complete,exponential,10.0,1.0,0.25,0.005,20.0,51,9325,43473150,41623213,1849937,0.9574464468298248,0.04255355317017515,24558,1825379,0.9867249533362488,0.013275046663751252,0.9579876144202786,1.0,0.0,1.0,1.0,1.0,1989,8,64,74600,596800,15912,127296,8.0,7.800857908847185,93.61029490616622,75616,1045448,0.09235763600008795,0.035517266998795094,119.89766666666667,122.566,267.30033333333336,143.33166666666668,142.81066666666666,543.0363333333333,6011,1989,1325,664,498,166,41,949.2406070924997,1267.8942173090247,failure
8,1000,0.25,complete,exponential,10.0,1.0,0.25,0.005,20.0,52,9339,43603791,41772795,1830996,0.958008330055522,0.04199166994447799,24301,1806695,0.9867279884827711,0.013272011517228875,0.9585425391623444,1.0,0.0,1.0,1.0,1.0,1951,8,64,74712,597696,15608,124864,8.0,7.83424349502088,94.01092194025057,75616,1046904,0.057940455997595564,0.0706230850009888,122.94366666666667,120.479,271.27133333333336,139.17066666666668,139.47133333333332,560.1416666666667,6049,1951,1339,612,480,132,38,811.5528725253102,1172.1835087354339,failure
8,1000,0.25,complete,exponential,10.0,1.0,0.25,0.005,20.0,53,9390,44081355,42251745,1829610,0.95849469690757,0.0415053030924299,24780,1804830,0.9864561299949169,0.01354387000508305,0.9590338105038805,1.0,0.0,1.0,1.0,1.0,1993,8,64,75120,600960,15944,127552,8.0,7.825665601703941,93.9079872204473,75616,1052208,0.05714310500115971,0.07422093800050789,125.632,123.37433333333334,268.92333333333335,138.37566666666666,139.42433333333332,552.1566666666666,6007,1993,1390,603,470,133,44,811.7173510873954,1225.2873830383323,failure
8,1000,0.25,complete,exponential,10.0,1.0,0.25,0.005,20.0,54,9336,43575780,41756553,1819227,0.9582514185632478,0.04174858143675225,24433,1794794,0.9865695704824082,0.013430429517591812,0.9587890128863293,1.0,0.0,1.0,1.0,1.0,1962,8,64,74688,597504,15696,125568,8.0,7.7749571550985435,93.29948586118252,75616,1046592,0.057035512996662874,0.03488960300092003,124.67666666666666,120.372,266.639,139.20066666666668,142.46,539.6233333333333,6038,1962,1336,626,495,131,34,821.0073092459593,1235.7089275853452,failure
8,1000,0.25,complete,exponential,10.0,1.0,0.25,0.005,20.0,55,9335,43566445,41712840,1853605,0.9574533795447391,0.042546620455260926,24044,1829561,0.9870285201000213,0.01297147989997869,0.9579820827978687,1.0,0.0,1.0,1.0,1.0,2060,8,64,74680,597440,16480,131840,8.0,7.869737546866631,94.43685056239957,75616,1046488,0.09152291300051729,0.03560910899977898,123.80533333333334,119.41366666666667,267.41366666666664,141.81233333333333,144.25333333333333,551.2486666666666,5940,2060,1335,725,546,179,54,1063.2125061317258,1245.2285230233538,failure
8,1000,0.25,complete,exponential,10.0,1.0,0.25,0.005,20.0,56,9353,43734628,41931249,1803379,0.9587654203895366,0.04123457961046336,24960,1778419,0.9861593153740839,0.013840684625916127,0.9593129144792406,1.0,0.0,1.0,1.0,1.0,2007,8,64,74824,598592,16056,128448,8.0,7.836736875868705,94.04084251042445,75616,1048360,0.09384955800123862,0.03548851300001843,118.94266666666667,119.49366666666667,267.03,141.922,142.03233333333333,560.1986666666667,5993,2007,1353,654,493,161,39,863.7434495050129,1209.8429529582106,failure
8,1000,0.25,complete,exponential,10.0,1.0,0.25,0.005,20.0,57,9355,43753335,41905585,1847750,0.9577689334995835,0.042231066500416484,26101,1821649,0.985874171289406,0.014125828710593966,0.9583406304638432,1.0,0.0,1.0,1.0,1.0,1982,8,64,74840,598720,15856,126848,8.0,7.839871726349545,94.07846071619454,75616,1048568,0.05826218800211791,0.07438616800209275,137.1,138.79633333333334,305.5083333333333,159.769,163.566,632.2066666666667,6018,1982,1355,627,493,134,41,743.9769144654492,1170.5591270198406,failure
8,1000,0.25,complete,exponential,10.0,1.0,0.25,0.005,20.0,58,9376,43950000,42100319,1849681,0.9579139704209328,0.042086029579067125,23762,1825919,0.987153460515624,0.012846539484375955,0.9584321561978515,1.0,0.0,1.0,1.0,1.0,2027,8,64,75008,600064,16216,129728,8.0,7.839590443686006,94.07508532423208,75616,1050752,0.06134661200121627,0.07385494299887796,118.25466666666667,119.09966666666666,269.93533333333335,141.014,142.00266666666667,547.9056666666667,5973,2027,1376,651,492,159,42,991.8521590114551,1318.4188790543085,failure
8,1000,0.25,complete,exponential,10.0,1.0,0.25,0.005,20.0,59,9404,44212906,42423243,1789663,0.959521706173306,0.040478293826693955,25186,1764477,0.9859269594331447,0.014073040566855323,0.9600686118224702,1.0,0.0,1.0,1.0,1.0,1990,8,64,75232,601856,15920,127360,8.0,7.859102509570396,94.30923011484475,75616,1053664,0.05726468200009549,0.03469512900119298,124.86366666666666,121.97166666666666,273.01433333333335,140.84033333333332,142.34666666666666,549.5086666666666,6010,1990,1404,586,490,96,36,700.6501511620054,1211.5212696741637,failure
8,1000,0.25,complete,exponential,10.0,1.0,0.25,0.005,20.0,60,9381,43996890,42112124,1884766,0.9571613811794425,0.04283861882055754,25637,1859129,0.9863977809446902,0.013602219055309783,0.9577194445652936,1.0,0.0,1.0,1.0,1.0,1952,8,64,75048,600384,15616,124928,8.0,7.824752158618484,93.8970259034218,75616,1051272,0.0908818429998064,0.034464978001778945,118.52166666666666,124.88033333333334,269.855,140.74033333333333,142.06933333333333,545.5343333333333,6048,1952,1381,571,469,102,36,692.8185232814216,1200.3685963868513,failure
8,1000,0.25,complete,exponential,10.0,1.0,0.25,0.005,20.0,61,9364,43837566,41994389,1843177,0.9579543946395199,0.0420456053604801,25769,1817408,0.9860192482870609,0.013980751712939126,0.9585178393846753,1.0,0.0,1.0,1.0,1.0,2026,8,64,74912,599296,16208,129664,8.0,7.826463049978641,93.91755659974369,75616,1049504,0.09332103699853178,0.033925488001841586,122.95333333333333,123.56433333333334,269.324,139.49766666666667,142.07933333333332,546.6863333333333,5974,2026,1364,662,566,96,34,530.6520525278011,1130.4359771006411,failure
8,1000,0.25,complete,exponential,10.0,1.0,0.25,0.005,20.0,62,9342,43631811,41703258,1928553,0.9557993822442987,0.04420061775570122,25134,1903419,0.9869674310221187,0.013032568977881345,0.9563502855308145,1.0,0.0,1.0,1.0,1.0,1979,8,64,74736,597888,15832,126656,8.0,7.810961250267608,93.73153500321129,75616,1047216,0.05770903299708152,0.07167626600130461,121.04666666666667,122.32233333333333,280.67533333333336,139.835,139.74833333333333,545.0166666666667,6021,1979,1342,637,501,136,45,1005.0852597985623,1301.7192866249225,failure
8,1000,0.25,complete,exponential,10.0,1.0,0.25,0.005,20.0,63,9363,43828203,41942992,1885211,0.9569863496342754,0.043013650365724555,25476,1859735,0.9864863933002724,0.013513606699727511,0.9575429401918287,1.0,0.0,1.0,1.0,1.0,1975,8,64,74904,599232,15800,126400,8.0,7.778169390152729,93.33803268183274,75616,1049400,0.05758932900062064,0.07697591499891132,123.59466666666667,127.13133333333333,273.24133333333333,137.631,138.86666666666667,550.624,6025,1975,1363,612,481,131,39,792.4812202972876,1181.8621189650864,failure
8,1000,0.25,complete,exponential,10.0,1.0,0.25,0.005,20.0,64,9385,44034420,42234593,1799827,0.9591268148870815,0.040873185112918486,25296,1774531,0.9859453158553572,0.01405468414464279,0.9596781112934673,1.0,0.0,1.0,1.0,1.0,1986,8,64,75080,600640,15888,127104,8.0,7.8481619605753865,94.17794352690464,75616,1051688,0.056455377001839224,0.036055275002581766,124.38633333333334,121.908,271.75866666666667,139.845,140.78033333333335,566.1663333333333,6014,1986,1385,601,467,134,43,890.441025310982,1236.508935828187,failure
8,1000,0.25,complete,exponential,10.0,1.0,0.25,0.005,20.0,65,9383,44015653,42084985,1930668,0.9561367861565067,0.04386321384349336,25769,1904899,0.9866528061790013,0.013347193820998743,0.9566968851293175,1.0,0.0,1.0,1.0,1.0,2037,8,64,75064,600512,16296,130368,8.0,7.838111478205265,94.05733773846319,75616,1051480,0.09195049300251412,0.036155391000647796,120.72266666666667,121.60433333333333,271.251,138.676,140.072,552.4976666666666,5963,2037,1383,654,503,151,36,880.4841378137783,1277.6166925252808,failure
8,1000,0.25,complete,exponential,10.0,1.0,0.25,0.005,20.0,66,9412,44288166,42485746,1802420,0.9593024466174553,0.040697553382544674,25514,1776906,0.9858445867222956,0.014155413277704419,0.9598554103807426,1.0,0.0,1.0,1.0,1.0,2092,8,64,75296,602368,16736,133888,8.0,7.836591585210369,94.03909902252443,75616,1054496,0.094721107998339,0.0340695169979881,118.542,121.28366666666666,265.27666666666664,138.71966666666665,140.453,542.609,5908,2092,1412,680,543,137,31,851.4354922470186,1196.3954673446237,failure
8,1000,0.25,complete,exponential,10.0,1.0,0.25,0.005,20.0,67,9378,43968753,42196731,1772022,0.9596981520035376,0.040301847996462394,23721,1748301,0.9866135973481142,0.013386402651885811,0.9602161855292312,1.0,0.0,1.0,1.0,1.0,2074,8,64,75024,600192,16592,132736,8.0,7.791959906163361,93.50351887396033,75616,1050960,0.059121165999385994,0.07195541799956118,120.03133333333334,118.81933333333333,266.265,138.90666666666667,141.291,550.5536666666667,5926,2074,1378,696,517,179,42,1145.2030929251061,1337.0145464510952,failure
8,1000,0.25,complete,exponential,10.0,1.0,0.25,0.005,20.0,68,9320,43426540,41460528,1966012,0.9547278691786175,0.0452721308213825,25706,1940306,0.9869248000520852,0.013075199947914866,0.9552933475886661,1.0,0.0,1.0,1.0,1.0,1958,8,64,74560,596480,15664,125312,8.0,7.78862660944206,93.46351931330472,75616,1044928,0.05687394000051427,0.07449949999863748,123.40766666666667,119.88433333333333,271.8856666666667,142.971,144.85466666666667,547.4146666666667,6042,1958,1320,638,531,107,45,580.8041064125316,1120.474491815165,failure
8,1000,0.25,complete,exponential,10.0,1.0,0.25,0.005,20.0,69,9365,43846930,42065076,1781854,0.9593619439262908,0.04063805607370915,25457,1756397,0.9857131953571954,0.01428680464280463,0.95991926149995,1.0,0.0,1.0,1.0,1.0,2030,8,64,74920,599360,16240,129920,8.0,7.78611852642819,93.43342231713828,75616,1049608,0.057958749999670545,0.03843991800022195,137.24666666666667,137.85466666666667,298.08133333333336,159.31833333333333,162.19366666666667,599.345,5970,2030,1365,665,524,141,43,799.5602779492232,1231.9382751307692,failure
8,1000,0.25,complete,exponential,10.0,1.0,0.25,0.005,20.0,70,9341,43622470,41785633,1836837,0.9578924118693875,0.0421075881306125,24946,1811891,0.986419045348063,0.013580954651936998,0.9584405068508018,1.0,0.0,1.0,1.0,1.0,1960,8,64,74728,597824,15680,125440,8.0,7.854512364843164,94.25414837811797,75616,1047112,0.09178137599883485,0.03567286799807334,123.71466666666667,116.331,268.262,138.49933333333334,139.401,555.924,6040,1960,1341,619,481,138,41,722.0668423752126,1161.9183739090238,failure
8,1000,0.25,complete,exponential,10.0,1.0,0.25,0.005,20.0,71,9362,43818841,42011318,1807523,0.9587500956494946,0.0412499043505053,24708,1782815,0.9863304643979633,0.0136695356020366,0.9592910082270609,1.0,0.0,1.0,1.0,1.0,2039,8,64,74896,599168,16312,130496,8.0,7.8019653920102545,93.62358470412306,75616,1049296,0.0940083429995866,0.03586370500124758,123.80866666666667,121.758,267.621,143.12466666666666,144.013,556.4516666666667,5961,2039,1362,677,522,155,41,1005.9133125181024,1232.1479302353625,failure
8,1000,0.25,complete,exponential,10.0,1.0,0.25,0.01,20.0,42,9270,42961815,41165515,1796300,0.9581884517681574,0.041811548231842625,23728,1772572,0.9867906251739688,0.013209374826031286,0.958717955925703,1.0,0.0,1.0,1.0,1.0,2005,8,64,74160,593280,16040,128320,8.0,7.854908306364617,94.2588996763754,75616,1039728,0.05720257500070147,0.07139335499959998,120.97333333333333,120.72266666666667,272.9576666666667,144.68733333333333,144.17633333333333,570.511,5995,2005,1270,735,510,225,84,1623.499900442058,1303.4162774338433,failure
8,1000,0.25,complete,exponential,10.0,1.0,0.25,0.01,20.0,43,9342,43631811,41782140,1849671,0.9576072833648825,0.042392716635117435,24993,1824678,0.9864878673018066,0.013512132698193355,0.9581561305390364,1.0,0.0,1.0,1.0,1.0,1994,8,64,74736,597888,15952,127616,8.0,7.850674373795761,94.20809248554913,75616,1047216,0.05716442400080268,0.07415180899988627,121.61433333333333,124.22566666666667,269.047,141.28766666666667,141.89233333333334,549.5683333333334,6006,1994,1342,652,492,160,72,1130.1926571706695,1271.123221497205,failure
8,1000,0.25,complete,exponential,10.0,1.0,0.25,0.01,20.0,44,9253,42804378,40985744,1818634,0.9575128973956822,0.04248710260431772,23675,1794959,0.9869819875796889,0.013018012420311068,0.9580427885909215,1.0,0.0,1.0,1.0,1.0,2027,8,64,74024,592192,16216,129728,8.0,7.79811952880147,93.57743434561763,75616,1037960,0.05717385099706007,0.0346911109991197,120.038,120.91966666666667,264.5516666666667,138.09166666666667,140.86033333333333,542.0846666666666,5973,2027,1253,774,493,281,89,1661.650964271949,1301.312660125145,failure
8,1000,0.25,complete,exponential,10.0,1.0,0.25,0.01,20.0,45,9252,42795126,40985652,1809474,0.9577177550546293,0.042282244945370646,23087,1786387,0.9872410435297772,0.012758956470222838,0.9582347009456341,1.0,0.0,1.0,1.0,1.0,2017,8,64,74016,592128,16136,129088,8.0,7.802313013402507,93.62775616083009,75616,1037856,0.09156511100081843,0.03491486900020391,117.56666666666666,118.53166666666667,267.601,136.896,136.71933333333334,553.8366666666667,5983,2017,1252,765,515,250,89,1798.5605248752338,1460.1834958064728,failure
8,1000,0.25,complete,exponential,10.0,1.0,0.25,0.01,20.0,46,9281,43063840,41238786,1825054,0.9576198035289003,0.042380196471099654,24135,1800919,0.9867757337591107,0.01322426624088931,0.9581567996341982,1.0,0.0,1.0,1.0,1.0,1975,8,64,74248,593984,15800,126400,8.0,7.829113242107532,93.94935890529038,75616,1040872,0.09293293000155245,0.03511903100297786,120.73233333333333,122.52933333333333,272.707,140.122,140.73666666666668,551.853,6025,1975,1281,694,468,226,86,1594.7678641409589,1342.8771145843484,failure
8,1000,0.25,complete,exponential,10.0,1.0,0.25,0.01,20.0,47,9205,42361410,40532702,1828708,0.9568308042626532,0.043169195737346795,22507,1806201,0.9876924035986062,0.012307596401393771,0.9573394473635748,1.0,0.0,1.0,1.0,1.0,2031,8,64,73640,589120,16248,129984,8.0,7.8387832699619775,94.06539923954372,75616,1032968,0.05721940700095729,0.0706661449985404,122.97366666666667,120.97633333333333,277.8333333333333,143.04433333333333,142.66066666666666,548.9643333333333,5969,2031,1205,826,522,304,88,1981.6643959175747,1532.579316338427,failure
8,1000,0.25,complete,exponential,10.0,1.0,0.25,0.01,20.0,48,9301,43249650,41465184,1784466,0.9587403366270016,0.04125966337299839,22817,1761649,0.9872135417542279,0.012786458245772124,0.9592464014192296,1.0,0.0,1.0,1.0,1.0,2006,8,64,74408,595264,16048,128384,8.0,7.842812600795614,94.11375120954736,75616,1042952,0.057186636000551516,0.07458416800000123,118.01766666666667,122.66633333333333,267.778,141.13066666666666,142.834,547.9856666666667,5994,2006,1301,705,502,203,80,1598.5451872115816,1393.5254843510047,failure
8,1000,0.25,complete,exponential,10.0,1.0,0.25,0.01,20.0,49,9244,42721146,40989761,1731385,0.9594724120930651,0.04052758790693489,22156,1709229,0.9872033083340793,0.012796691665920635,0.9599702709595707,1.0,0.0,1.0,1.0,1.0,2048,8,64,73952,591616,16384,131072,8.0,7.8556901774123755,94.2682821289485,75616,1037024,0.0567893620027462,0.03518902299765614,121.1,121.15333333333334,271.43466666666666,140.483,143.87266666666667,542.689,5952,2048,1244,804,511,293,95,2039.2954335418326,1404.2207634019699,failure
8,1000,0.25,complete,exponential,10.0,1.0,0.25,0.01,20.0,50,9194,42260221,40380599,1879622,0.9555226651559631,0.0444773348440369,22587,1857035,0.9879832221584979,0.012016777841502175,0.9560336405206787,1.0,0.0,1.0,1.0,1.0,1994,8,64,73552,588416,15952,127616,8.0,7.845768979769415,94.14922775723298,75616,1031824,0.09109759599959943,0.03531765299703693,122.506,122.259,269.5176666666667,139.84833333333333,139.83833333333334,544.359,6006,1994,1194,800,527,273,85,1733.4754349033842,1354.4883641446468,failure
8,1000,0.25,complete,exponential,10.0,1.0,0.25,0.01,20.0,51,9274,42998901,41195622,1803279,0.9580622072178078,0.04193779278219227,23143,1780136,0.9871661567622093,0.012833843237790713,0.9585781360738302,1.0,0.0,1.0,1.0,1.0,1989,8,64,74192,593536,15912,127296,8.0,7.7997627776579685,93.59715333189563,75616,1040144,0.09647994000260951,0.04164836200288846,122.49933333333334,118.97266666666667,264.84233333333333,139.56133333333332,141.632,535.9296666666667,6011,1989,1274,715,498,217,75,1430.634050045759,1320.3201637841255,failure
8,1000,0.25,complete,exponential,10.0,1.0,0.25,0.01,20.0,52,9201,42324600,40452296,1872304,0.9557632204439026,0.0442367795560974,23520,1848784,0.9874379374289646,0.012562062571035473,0.9562946383402031,1.0,0.0,1.0,1.0,1.0,1951,8,64,73608,588864,15608,124864,8.0,7.839473970220628,94.07368764264754,75616,1032552,0.056795013002556516,0.07162161299856962,120.06466666666667,121.641,267.67766666666665,139.12366666666668,139.67466666666667,547.605,6049,1951,1201,750,480,270,77,1694.974521018628,1347.2916269249076,failure
8,1000,0.25,complete,exponential,10.0,1.0,0.25,0.01,20.0,53,9300,43240350,41458113,1782237,0.9587830117008767,0.04121698829912339,23565,1758672,0.9867778527771559,0.0132221472228441,0.959305811387867,1.0,0.0,1.0,1.0,1.0,1993,8,64,74400,595200,15944,127552,8.0,7.827956989247312,93.93548387096774,75616,1042848,0.056334801000048174,0.07685112099716207,117.78366666666666,120.492,269.204,139.628,139.49433333333334,546.974,6007,1993,1300,693,470,223,79,1479.9213687320046,1334.7886433015149,failure
8,1000,0.25,complete,exponential,10.0,1.0,0.25,0.01,20.0,54,9217,42471936,40689173,1782763,0.9580249179128543,0.04197508208714573,22575,1760188,0.9873370717251816,0.012662928274818358,0.9585344052646635,1.0,0.0,1.0,1.0,1.0,1962,8,64,73736,589888,15696,125568,8.0,7.773245090593469,93.27894108712162,75616,1034216,0.05610683499980951,0.03362536600252497,120.302,123.972,274.427,138.90666666666667,140.93366666666665,563.6316666666667,6038,1962,1217,745,495,250,77,1814.5097345560748,1363.6760991450512,failure
8,1000,0.25,complete,exponential,10.0,1.0,0.25,0.01,20.0,55,9273,42989628,41223129,1766499,0.9589087163071055,0.041091283692894484,22945,1743554,0.9870110314243031,0.012988968575696902,0.959420791220956,1.0,0.0,1.0,1.0,1.0,2060,8,64,74184,593472,16480,131840,8.0,7.870268521514073,94.44322225816887,75616,1040040,0.09302678600215586,0.03402545400240342,122.67966666666666,120.312,266.993,138.05166666666668,140.03233333333333,550.4136666666667,5940,2060,1273,787,546,241,88,1930.0162921500212,1330.693235782018,failure
8,1000,0.25,complete,exponential,10.0,1.0,0.25,0.01,20.0,56,9265,42915480,41127955,1787525,0.9583477803347417,0.04165221966525832,23502,1764023,0.9868522118571769,0.013147788142823177,0.9588728922690393,1.0,0.0,1.0,1.0,1.0,2007,8,64,74120,592960,16056,128448,8.0,7.830545062061522,93.96654074473827,75616,1039208,0.05957009600024321,0.07079316200179164,117.39666666666666,118.26466666666667,268.85,140.613,143.09766666666667,553.5326666666666,5993,2007,1265,742,493,249,69,1453.1522353910852,1249.000614532448,failure
8,1000,0.25,complete,exponential,10.0,1.0,0.25,0.01,20.0,57,9219,42490371,40700271,1790100,0.9578704549320127,0.04212954506798729,23278,1766822,0.9869962571923356,0.013003742807664377,0.9583955040200185,1.0,0.0,1.0,1.0,1.0,1982,8,64,73752,590016,15856,126848,8.0,7.833387569150667,94.00065082980801,75616,1034424,0.0573010490006709,0.07276985199860064,119.991,125.35466666666666,267.68766666666664,141.251,141.93566666666666,555.316,6018,1982,1219,763,493,270,83,1751.443335811946,1346.3201616396627,failure
8,1000,0.25,complete,exponential,10.0,1.0,0.25,0.01,20.0,58,9335,43566445,41800765,1765680,0.9594715611980734,0.040528438801926574,22991,1742689,0.9869789542839019,0.013021045716098047,0.9599781634226812,1.0,0.0,1.0,1.0,1.0,2027,8,64,74680,597440,16216,129728,8.0,7.838457418318158,94.0614890198179,75616,1046488,0.05711552200227743,0.03405900799771189,122.51266666666666,120.459,271.48466666666667,141.05733333333333,142.283,544.6826666666667,5973,2027,1335,692,492,200,69,1438.991282088699,1392.1206023317957,failure
8,1000,0.25,complete,exponential,10.0,1.0,0.25,0.01,20.0,59,9284,43091686,41321767,1769919,0.9589266709128067,0.04107332908719329,23395,1746524,0.9867818809787341,0.013218119021265944,0.9594475666564062,1.0,0.0,1.0,1.0,1.0,1990,8,64,74272,594176,15920,127360,8.0,7.857281344248169,94.28737613097803,75616,1041184,0.0904116609999619,0.03557346299930941,123.404,122.49933333333334,268.6596666666667,144.46366666666665,145.22166666666666,558.0876666666667,6010,1990,1284,706,490,216,75,1445.611995538002,1294.3759067069211,failure
8,1000,0.25,complete,exponential,10.0,1.0,0.25,0.01,20.0,60,9273,42989628,41137678,1851950,0.9569210042943381,0.04307899570566184,23336,1828614,0.9873992278409244,0.012600772159075568,0.9574407305149814,1.0,0.0,1.0,1.0,1.0,1952,8,64,74184,593472,15616,124928,8.0,7.829289334627413,93.95147201552896,75616,1040040,0.09255418199973064,0.03352846499910811,118.79233333333333,118.51833333333333,270.002,139.227,139.75166666666667,546.74,6048,1952,1273,679,469,210,84,1779.765230804704,1484.6924028809817,failure
8,1000,0.25,complete,exponential,10.0,1.0,0.25,0.01,20.0,61,9269,42952546,41169694,1782852,0.9584925186972618,0.041507481302738146,23527,1759325,0.9868037279594717,0.013196272040528322,0.9590178149656763,1.0,0.0,1.0,1.0,1.0,2026,8,64,74152,593216,16208,129664,8.0,7.800302082209516,93.60362498651419,75616,1039624,0.058651556999393506,0.07057768899903749,120.37866666666666,122.489,270.346,140.46966666666665,140.396,551.2916666666666,5974,2026,1269,757,566,191,65,1237.4992041046355,1310.4400755181073,failure
8,1000,0.25,complete,exponential,10.0,1.0,0.25,0.01,20.0,62,9278,43036003,41087025,1948978,0.9547128482168755,0.045287151783124466,24119,1924859,0.9876247961752262,0.012375203824773804,0.9552482053564545,1.0,0.0,1.0,1.0,1.0,1979,8,64,74224,593792,15832,126656,8.0,7.817740892433714,93.81289070920457,75616,1040560,0.05726819700066699,0.07535291599924676,123.03666666666666,121.50433333333334,274.3333333333333,142.273,142.22633333333334,557.6773333333333,6021,1979,1278,701,501,200,83,1564.120735390607,1470.823642886142,failure
8,1000,0.25,complete,exponential,10.0,1.0,0.25,0.01,20.0,63,9231,42601065,40699914,1901151,0.955373157924573,0.04462684207542699,23202,1877949,0.987795814219912,0.012204185780087957,0.9558937704318321,1.0,0.0,1.0,1.0,1.0,1975,8,64,73848,590784,15800,126400,8.0,7.780522153612826,93.36626584335391,75616,1035672,0.05880617599905236,0.043818735000968445,123.23066666666666,121.00633333333333,266.1813333333333,141.12066666666666,141.585,532.183,6025,1975,1231,744,481,263,77,1642.6357293134758,1343.4896948912774,failure
8,1000,0.25,complete,exponential,10.0,1.0,0.25,0.01,20.0,64,9229,42582606,40742721,1839885,0.9567925692476407,0.04320743075235931,23084,1816801,0.9874535636738165,0.01254643632618343,0.9573115271360425,1.0,0.0,1.0,1.0,1.0,1986,8,64,73832,590656,15888,127104,8.0,7.824249647849171,93.89099577419005,75616,1035464,0.09153128699836088,0.0334477340002195,120.21166666666667,120.45533333333333,270.47266666666667,140.81033333333335,140.63666666666666,542.1946666666666,6014,1986,1229,757,467,290,87,2032.1874290416176,1342.8029267206598,failure
8,1000,0.25,complete,exponential,10.0,1.0,0.25,0.01,20.0,65,9262,42887691,41002841,1884850,0.9560514927231685,0.04394850727683148,22717,1862133,0.9879475820357058,0.012052417964294241,0.9565581679811587,1.0,0.0,1.0,1.0,1.0,2037,8,64,74096,592768,16296,130368,8.0,7.831030015115526,93.9723601813863,75616,1038896,0.09491341700049816,0.03365848799876403,127.285,124.209,269.441,139.23733333333334,141.82566666666668,540.3446666666666,5963,2037,1262,775,503,272,77,1803.3617789195832,1414.180207643508,failure
8,1000,0.25,complete,exponential,10.0,1.0,0.25,0.01,20.0,66,9276,43017450,41226540,1790910,0.9583678251500263,0.041632174849973676,22551,1768359,0.9874080774578287,0.012591922542171298,0.9588704929856912,1.0,0.0,1.0,1.0,1.0,2092,8,64,74208,593664,16736,133888,8.0,7.815006468305304,93.78007761966364,75616,1040352,0.058842915001150686,0.07239476999893668,123.805,123.38766666666666,278.802,138.25533333333334,137.74766666666667,547.418,5908,2092,1276,816,543,273,69,1919.075873511706,1388.8390444800887,failure
8,1000,0.25,complete,exponential,10.0,1.0,0.25,0.01,20.0,67,9246,42739635,40976966,1762669,0.9587579772265252,0.04124202277347479,22160,1740509,0.9874281558250585,0.012571844174941523,0.9592553398813951,1.0,0.0,1.0,1.0,1.0,2074,8,64,73968,591744,16592,132736,8.0,7.791044776119403,93.49253731343283,75616,1037232,0.058318363000580575,0.07682969099914772,120.06466666666667,120.579,270.93033333333335,139.461,138.66266666666667,547.4413333333333,5926,2074,1246,828,517,311,85,1908.5760795943845,1406.028376435936,failure
8,1000,0.25,complete,exponential,10.0,1.0,0.25,0.01,20.0,68,9204,42352206,40423539,1928667,0.9544612386896683,0.04553876131033174,24373,1904294,0.9873627743928838,0.01263722560711621,0.9550108317616921,1.0,0.0,1.0,1.0,1.0,1958,8,64,73632,589056,15664,125312,8.0,7.784550195567145,93.41460234680574,75616,1032864,0.0560749840005883,0.033290718998614466,121.81133333333334,124.436,278.3876666666667,140.60333333333332,140.40633333333332,554.775,6042,1958,1204,754,531,223,87,1423.400904190698,1304.3842625627242,failure
8,1000,0.25,complete,exponential,10.0,1.0,0.25,0.01,20.0,69,9238,42665703,40803418,1862285,0.9563517094749382,0.04364829052506178,23500,1838785,0.9873810936564489,0.012618906343551067,0.9568787522539584,1.0,0.0,1.0,1.0,1.0,2030,8,64,73904,591232,16240,129920,8.0,7.790322580645161,93.48387096774194,75616,1036400,0.09211781499834615,0.033708140999806346,125.98233333333333,123.568,271.8086666666667,141.10066666666665,141.94566666666665,542.302,5970,2030,1238,792,524,268,80,1604.9500086452906,1315.1706736000335,failure
8,1000,0.25,complete,exponential,10.0,1.0,0.25,0.01,20.0,70,9266,42924745,41120099,1804646,0.9579579098256729,0.04204209017432719,23600,1781046,0.9869226430003447,0.013077356999655334,0.9584848842612476,1.0,0.0,1.0,1.0,1.0,1960,8,64,74128,593024,15680,125440,8.0,7.849773364990287,94.19728037988344,75616,1039312,0.05780581399812945,0.07200604199897498,119.701,122.86,264.2613333333333,144.771,141.34466666666665,550.2333333333333,6040,1960,1266,694,481,213,78,1317.0121257824774,1235.5255462438934,failure
8,1000,0.25,complete,exponential,10.0,1.0,0.25,0.01,20.0,71,9236,42647230,40832329,1814901,0.9574438715011503,0.04255612849884975,23105,1791796,0.9872692780487751,0.012730721951224887,0.9579628672729352,1.0,0.0,1.0,1.0,1.0,2039,8,64,73888,591104,16312,130496,8.0,7.790926808142053,93.49112169770463,75616,1036192,0.0574298200008343,0.0736838720004016,123.75166666666667,120.656,265.557,138.43233333333333,141.03733333333332,546.4796666666666,5961,2039,1236,803,522,281,76,1748.3012335543817,1323.5061808433786,failure
8,1000,0.25,complete,exponential,10.0,1.0,0.25,0.02,20.0,42,9078,41200503,39392241,1808262,0.956110681464253,0.043889318535747006,20315,1787947,0.9887654554483808,0.011234544551619178,0.956582349745465,1.0,0.0,1.0,1.0,1.0,2005,8,64,72624,580992,16040,128320,8.0,7.848645076007931,94.18374091209517,75616,1019760,0.05712402800054406,0.033174471001984784,125.57833333333333,123.765,273.6186666666667,140.98366666666666,143.93933333333334,546.3223333333333,5995,2005,1078,927,510,417,159,3318.7785498496146,1645.8646282203922,failure
8,1000,0.25,complete,exponential,10.0,1.0,0.25,0.02,20.0,43,9115,41537055,39734423,1802632,0.9566018341935894,0.043398165806410684,21396,1781236,0.9881306889037806,0.011869311096219306,0.9570948398049035,1.0,0.0,1.0,1.0,1.0,1994,8,64,72920,583360,15952,127616,8.0,7.84355458036204,94.12265496434449,75616,1023608,0.09056439699998009,0.03431014699890511,120.87966666666667,121.79466666666667,267.92133333333334,148.528,138.81333333333333,553.4593333333333,6006,1994,1115,879,492,387,151,2910.152882154726,1474.7567154818878,failure
8,1000,0.25,complete,exponential,10.0,1.0,0.25,0.02,20.0,44,9096,41364060,39629839,1734221,0.9580742074158097,0.041925792584190234,20727,1713494,0.9880482360667988,0.011951763933201132,0.9585545267963761,1.0,0.0,1.0,1.0,1.0,2027,8,64,72768,582144,16216,129728,8.0,7.804419525065963,93.65303430079156,75616,1021632,0.09286780799811822,0.032611348000500584,127.29166666666667,124.76666666666667,272.156,140.14233333333334,141.732,555.0856666666666,5973,2027,1096,931,493,438,175,3420.5268199787856,1518.8386390866276,failure
8,1000,0.25,complete,exponential,10.0,1.0,0.25,0.02,20.0,45,9029,40756906,38856233,1900673,0.953365621031194,0.04663437896880592,20315,1880358,0.9893116806520638,0.010688319347936232,0.9538410565577272,1.0,0.0,1.0,1.0,1.0,2017,8,64,72232,577856,16136,129088,8.0,7.786244323845387,93.43493188614464,75616,1014664,0.05848957400303334,0.07979536000129883,120.51233333333333,116.832,260.54766666666666,137.19333333333333,141.024,528.399,5983,2017,1029,988,515,473,159,3316.316851898487,1654.3303062505777,failure
8,1000,0.25,complete,exponential,10.0,1.0,0.25,0.02,20.0,46,9096,41364060,39493868,1870192,0.9547870300932743,0.04521296990672579,20973,1849219,0.9887856433991804,0.011214356600819595,0.9552713855160356,1.0,0.0,1.0,1.0,1.0,1975,8,64,72768,582144,15800,126400,8.0,7.808487247141601,93.70184696569922,75616,1021632,0.05718097399949329,0.03466357899742434,116.982,114.63133333333333,261.27233333333334,135.28333333333333,136.46233333333333,544.1716666666666,6025,1975,1096,879,468,411,167,3219.277569838714,1706.7099417486477,failure
8,1000,0.25,complete,exponential,10.0,1.0,0.25,0.02,20.0,47,9065,41082580,39255231,1827349,0.9555201012205173,0.04447989877948269,20253,1807096,0.9889167312866891,0.011083268713310923,0.955991388408163,1.0,0.0,1.0,1.0,1.0,2031,8,64,72520,580160,16248,129984,8.0,7.841478212906784,94.0977385548814,75616,1018408,0.05664448000243283,0.03329237300204113,123.56466666666667,121.75466666666667,269.82166666666666,138.93,140.02866666666668,554.234,5969,2031,1065,966,522,444,162,3536.584344207946,1641.6798284254037,failure
8,1000,0.25,complete,exponential,10.0,1.0,0.25,0.02,20.0,48,9061,41046330,39184312,1862018,0.9546361879368996,0.0453638120631004,19212,1842806,0.9896821620413981,0.010317837958601904,0.9550832208101968,1.0,0.0,1.0,1.0,1.0,2006,8,64,72488,579904,16048,128384,8.0,7.794945370268183,93.5393444432182,75616,1017992,0.09181534799790825,0.034165236000262666,119.704,120.39866666666667,268.773,139.79466666666667,139.56133333333332,539.6,5994,2006,1061,945,502,443,162,3455.765411892441,1794.4643135184015,failure
8,1000,0.25,complete,exponential,10.0,1.0,0.25,0.02,20.0,49,9057,41010096,39165771,1844325,0.9550275376092755,0.04497246239072447,20194,1824131,0.989050736719396,0.010949263280604015,0.9554980394927511,1.0,0.0,1.0,1.0,1.0,2048,8,64,72456,579648,16384,131072,8.0,7.8371425416804685,94.04571050016563,75616,1017576,0.05775670100047137,0.06967763399734395,119.28966666666666,119.083,266.44533333333334,136.86966666666666,140.03866666666667,550.4766666666667,5952,2048,1057,991,511,480,187,3969.0731700694355,1651.6563434587035,failure
8,1000,0.25,complete,exponential,10.0,1.0,0.25,0.02,20.0,50,9046,40910535,39033338,1877197,0.9541145819774784,0.045885418022521586,20546,1856651,0.9890549580038749,0.010945041996125074,0.9545939961001212,1.0,0.0,1.0,1.0,1.0,1994,8,64,72368,578944,15952,127616,8.0,7.733804996683617,92.8056599602034,75616,1016432,0.05606274099773145,0.07556099599969457,121.84133333333334,119.65066666666667,266.048,141.67166666666665,142.383,545.9686666666666,6006,1994,1046,948,527,421,163,3493.258254175938,1633.7339574416205,failure
8,1000,0.25,complete,exponential,10.0,1.0,0.25,0.02,20.0,51,9100,41400450,39498005,1902445,0.954047721703508,0.04595227829649195,21943,1880502,0.9884658952032779,0.011534104796722114,0.9545536526970391,1.0,0.0,1.0,1.0,1.0,1989,8,64,72800,582400,15912,127296,8.0,7.808131868131868,93.69758241758242,75616,1022048,0.0566367760002322,0.03312759399705101,119.03933333333333,118.749,267.65433333333334,138.41566666666668,140.80333333333334,556.662,6011,1989,1100,889,498,391,153,2855.0691038345294,1510.1236192497695,failure
8,1000,0.25,complete,exponential,10.0,1.0,0.25,0.02,20.0,52,8970,40225965,38342939,1883026,0.9531887923633404,0.04681120763665956,19402,1863624,0.9896963716910973,0.010303628308902798,0.9536487612731285,1.0,0.0,1.0,1.0,1.0,1951,8,64,71760,574080,15608,124864,8.0,7.835340022296544,94.02408026755853,75616,1008528,0.09046625299743027,0.03362629700131947,121.96466666666667,117.45,269.62466666666666,140.149,143.29133333333334,540.2913333333333,6049,1951,970,981,480,501,168,3772.158397407956,1668.0485816703947,failure
8,1000,0.25,complete,exponential,10.0,1.0,0.25,0.02,20.0,53,9103,41427753,39557249,1870504,0.9548490114827131,0.04515098851728695,21155,1849349,0.9886902139744155,0.011309786025584549,0.9553368523538205,1.0,0.0,1.0,1.0,1.0,1993,8,64,72824,582592,15944,127552,8.0,7.829177194331539,93.95012633197847,75616,1022360,0.05813911700170138,0.07031609800105798,123.22733333333333,119.54033333333334,267.5276666666667,138.58633333333333,143.38166666666666,557.0593333333334,6007,1993,1103,890,470,420,149,2961.0920943391952,1590.6483797958408,failure
8,1000,0.25,complete,exponential,10.0,1.0,0.25,0.02,20.0,54,9051,40955775,39045802,1909973,0.9533649894306725,0.04663501056932753,20465,1889508,0.9892851888482194,0.01071481115178068,0.9538416100916299,1.0,0.0,1.0,1.0,1.0,1962,8,64,72408,579264,15696,125568,8.0,7.764887857695283,93.1786542923434,75616,1016952,0.056353085001319414,0.07360473300286685,120.699,121.868,265.764,139.11033333333333,140.93366666666665,545.628,6038,1962,1051,911,495,416,181,3404.714904204009,1637.7043401003823,failure
8,1000,0.25,complete,exponential,10.0,1.0,0.25,0.02,20.0,55,9052,40964826,39113048,1851778,0.9547959022210909,0.04520409777890916,20125,1831653,0.9891320665868155,0.010867933413184518,0.9552652002514318,1.0,0.0,1.0,1.0,1.0,2060,8,64,72416,579328,16480,131840,8.0,7.860583296509059,94.32699955810871,75616,1017056,0.05777144899911946,0.032940945002337685,124.14233333333334,120.275,282.5656666666667,139.92166666666665,144.36333333333334,558.011,5940,2060,1052,1008,546,462,171,3646.12881075193,1566.2550960794376,failure
8,1000,0.25,complete,exponential,10.0,1.0,0.25,0.02,20.0,56,9058,41019153,39224183,1794970,0.956240685905923,0.043759314094076976,20219,1774751,0.9887357448871011,0.011264255112898823,0.9567122647627863,1.0,0.0,1.0,1.0,1.0,2007,8,64,72464,579712,16056,128448,8.0,7.815080591742106,93.78096710090527,75616,1017680,0.09097451499837916,0.033118235998699674,123.54133333333333,119.624,265.006,134.76566666666668,136.41533333333334,536.8916666666667,5993,2007,1058,949,493,456,145,3165.46407021525,1477.1438636710773,failure
8,1000,0.25,complete,exponential,10.0,1.0,0.25,0.02,20.0,57,9018,40657653,38826188,1831465,0.9549539910727262,0.04504600892727379,19629,1811836,0.9892823504680679,0.010717649531932088,0.9554152534581898,1.0,0.0,1.0,1.0,1.0,1982,8,64,72144,577152,15856,126848,8.0,7.817808826790863,93.81370592149035,75616,1013520,0.05740840900034527,0.07972989699919708,126.28966666666666,125.66166666666666,278.598,143.47866666666667,144.978,570.5176666666666,6018,1982,1018,964,493,471,182,3669.7932720545596,1651.124513190014,failure
8,1000,0.25,complete,exponential,10.0,1.0,0.25,0.02,20.0,58,9088,41291328,39382320,1909008,0.9537673382653132,0.04623266173468676,20802,1888206,0.9891032410550401,0.010896758944959896,0.9542480752486654,1.0,0.0,1.0,1.0,1.0,2027,8,64,72704,581632,16216,129728,8.0,7.840558978873239,94.08670774647887,75616,1020800,0.058130059001996415,0.07272205200206372,125.42466666666667,120.82933333333334,268.25866666666667,137.14666666666668,139.94866666666667,544.0316666666666,5973,2027,1088,939,492,447,163,3271.411290311663,1518.8652406480624,failure
8,1000,0.25,complete,exponential,10.0,1.0,0.25,0.02,20.0,59,9098,41382253,39543531,1838722,0.955567378122211,0.044432621877789014,21010,1817712,0.9885735853489543,0.011426414651045672,0.9560527714314582,1.0,0.0,1.0,1.0,1.0,1990,8,64,72784,582272,15920,127360,8.0,7.856012310397889,94.27214772477467,75616,1021840,0.05604441700052121,0.034915038999315584,120.382,124.316,265.9576666666667,138.35233333333332,138.162,537.045,6010,1990,1098,892,490,402,155,3084.691715803464,1506.7490364926878,failure
8,1000,0.25,complete,exponential,10.0,1.0,0.25,0.02,20.0,60,9020,40675690,38712818,1962872,0.9517433631734336,0.04825663682656643,19776,1943096,0.989924967089041,0.010075032910959044,0.9522063136989123,1.0,0.0,1.0,1.0,1.0,1952,8,64,72160,577280,15616,124928,8.0,7.7562084257206205,93.07450110864744,75616,1013728,0.09030248599810875,0.03283699000166962,118.10433333333333,116.054,283.11966666666666,139.24733333333333,140.226,538.4513333333333,6048,1952,1020,932,469,463,171,3868.7763324770926,1740.8057882561188,failure
8,1000,0.25,complete,exponential,10.0,1.0,0.25,0.02,20.0,61,9051,40955775,39110047,1845728,0.954933632680617,0.04506636731938292,20450,1825278,0.9889203609632622,0.011079639036737808,0.9554106874685862,1.0,0.0,1.0,1.0,1.0,2026,8,64,72408,579264,16208,129664,8.0,7.801347917357198,93.61617500828638,75616,1016952,0.05830152099952102,0.07180816099935328,121.69133333333333,118.37833333333333,264.76233333333334,137.71766666666667,140.55966666666666,534.28,5974,2026,1051,975,566,409,151,3177.8043896855283,1664.3625307435996,failure
8,1000,0.25,complete,exponential,10.0,1.0,0.25,0.02,20.0,62,9085,41264070,39402805,1861265,0.9548938095539291,0.04510619044607088,20556,1840709,0.9889558982734861,0.011044101726513957,0.9553697340144198,1.0,0.0,1.0,1.0,1.0,1979,8,64,72680,581440,15832,126656,8.0,7.790974133186571,93.49168959823885,75616,1020488,0.05665502900228603,0.07227401300042402,118.13433333333333,123.96533333333333,264.889,142.61033333333333,143.889,555.5096666666667,6021,1979,1085,894,501,393,154,3088.535245405719,1681.4151421108566,failure
8,1000,0.25,complete,exponential,10.0,1.0,0.25,0.02,20.0,63,9026,40729825,38813057,1916768,0.9529394491628678,0.04706055083713225,19434,1897334,0.9898610577805973,0.01013894221940266,0.9533943557555121,1.0,0.0,1.0,1.0,1.0,1975,8,64,72208,577664,15800,126400,8.0,7.761910037668956,93.14292045202748,75616,1014352,0.05598804100009147,0.03390613099691109,120.56566666666667,123.51466666666667,271.705,137.84133333333332,139.73466666666667,541.3566666666667,6025,1975,1026,949,481,468,170,3740.722303122042,1693.9234448781776,failure
8,1000,0.25,complete,exponential,10.0,1.0,0.25,0.02,20.0,64,9043,40883403,39063806,1819597,0.9554930150995503,0.0445069849004497,19290,1800307,0.9893987514817841,0.010601248518215846,0.9559440578093547,1.0,0.0,1.0,1.0,1.0,1986,8,64,72344,578752,15888,127104,8.0,7.834568174278448,94.01481809134137,75616,1016120,0.09090180799830705,0.03264504099934129,124.18233333333333,120.74266666666666,277.99033333333335,142.74033333333333,145.76933333333332,562.3893333333333,6014,1986,1043,943,467,476,198,4246.001561855144,1708.1387333163896,failure
8,1000,0.25,complete,exponential,10.0,1.0,0.25,0.02,20.0,65,9074,41164201,39296828,1867373,0.9546359954854948,0.045364004514505216,20217,1847156,0.9891735609329255,0.010826439067074442,0.9551050768442843,1.0,0.0,1.0,1.0,1.0,2037,8,64,72592,580736,16296,130368,8.0,7.8343619131584745,94.0123429579017,75616,1019344,0.05803891899995506,0.06960895500014885,121.81466666666667,118.46533333333333,266.746,139.07033333333334,140.79,545.5576666666667,5963,2037,1074,963,503,460,164,3603.686199262286,1565.7456613511747,failure
8,1000,0.25,complete,exponential,10.0,1.0,0.25,0.02,20.0,66,9125,41628250,39816286,1811964,0.9564727318587738,0.04352726814122621,21131,1790833,0.9883380685267478,0.011661931473252228,0.9569584954920816,1.0,0.0,1.0,1.0,1.0,2092,8,64,73000,584000,16736,133888,8.0,7.8112876712328765,93.73545205479452,75616,1024648,0.05797406800047611,0.07160538199968869,119.24,121.91833333333334,271.94233333333335,142.94066666666666,142.019,548.5966666666667,5908,2092,1125,967,543,424,148,3425.6192874408875,1577.8155391440841,failure
8,1000,0.25,complete,exponential,10.0,1.0,0.25,0.02,20.0,67,9110,41491495,39754531,1736964,0.9581368663626124,0.04186313363738761,20207,1716757,0.9883664831280325,0.01163351687196741,0.9586037212058618,1.0,0.0,1.0,1.0,1.0,2074,8,64,72880,583040,16592,132736,8.0,7.792206366630077,93.50647639956092,75616,1023088,0.05852694300119765,0.03355627600103617,121.62433333333334,118.31833333333333,265.8573333333333,141.034,140.03566666666666,548.894,5926,2074,1110,964,517,447,150,2963.877925645453,1567.0869783607548,failure
8,1000,0.25,complete,exponential,10.0,1.0,0.25,0.02,20.0,68,9046,40910535,38964651,1945884,0.9524356256890798,0.04756437431092016,21526,1924358,0.9889376756271185,0.011062324372881426,0.9529370349865902,1.0,0.0,1.0,1.0,1.0,1958,8,64,72368,578944,15664,125312,8.0,7.788304222860933,93.4596506743312,75616,1016432,0.09007541100072558,0.034285892001207685,123.411,124.12566666666666,268.556,143.629,144.14666666666668,562.68,6042,1958,1046,912,531,381,155,2832.6837168810807,1421.1398925615918,failure
8,1000,0.25,complete,exponential,10.0,1.0,0.25,0.02,20.0,69,9077,41191426,39380651,1810775,0.956040002111119,0.04395999788888105,20530,1790245,0.9886623130979829,0.011337686902017093,0.9565167345398555,1.0,0.0,1.0,1.0,1.0,2030,8,64,72616,580928,16240,129920,8.0,7.753112261760494,93.03734714112593,75616,1019656,0.09457474199734861,0.033312199000647524,146.89833333333334,143.67233333333334,325.566,167.293,168.06133333333332,641.935,5970,2030,1077,953,524,429,165,3458.8909371137684,1633.946547621306,failure
8,1000,0.25,complete,exponential,10.0,1.0,0.25,0.02,20.0,70,9117,41555286,39646078,1909208,0.9540561939580924,0.04594380604190764,21454,1887754,0.9887628796862364,0.011237120313763614,0.9545490047727838,1.0,0.0,1.0,1.0,1.0,1960,8,64,72936,583488,15680,125440,8.0,7.849840956454974,94.19809147745968,75616,1023816,0.05923418599923025,0.07259986200006097,119.564,119.841,277.27233333333334,140.13233333333332,138.55266666666665,552.354,6040,1960,1117,843,481,362,149,2713.5826433429143,1638.5214294443697,failure
8,1000,0.25,complete,exponential,10.0,1.0,0.25,0.02,20.0,71,9054,40982931,39177609,1805322,0.9559494170878116,0.04405058291218849,19930,1785392,0.9889604181414728,0.011039581858527176,0.9564145214848883,1.0,0.0,1.0,1.0,1.0,2039,8,64,72432,579456,16312,130496,8.0,7.7857300640600835,93.428760768721,75616,1017264,0.05690497699833941,0.033025993001501774,118.08766666666666,113.693,258.7176666666667,136.168,138.035,541.2896666666667,5961,2039,1054,985,522,463,146,3518.9450277737483,1620.8502800050544,failure
