# generated by causality-bench, do not edit by hand
# generated: 2026-09-12 12:37:03 UTC
# source: experiments/run_scaling.py
# machine: AMD Ryzen 7 4700U with Radeon Graphics, 8 cores, 15 GiB, Linux 6.8.0-138-generic, Python 3.12.3
# rows: 210
nodes,events_per_node,message_probability,topology,delay_distribution,mean_delay,mean_interarrival,loss_probability,failure_probability,mean_failure_duration,seed,events,total_pairs,ordered_pairs,concurrent_pairs,causal_density,concurrency_ratio,lamport_tied_pairs,lamport_false_orderings,lamport_false_ordering_rate,lamport_concurrency_recall,lamport_order_precision,lamport_causal_recall,vector_false_ordering_rate,vector_concurrency_recall,vector_order_precision,vector_causal_recall,messages,lamport_timestamp_bytes,vector_timestamp_bytes,lamport_event_metadata_bytes,vector_event_metadata_bytes,lamport_message_metadata_bytes,vector_message_metadata_bytes,metadata_amplification,mean_vector_nonzero_entries,sparse_vector_timestamp_bytes,measured_lamport_retained_bytes,measured_vector_retained_bytes,simulation_seconds,graph_build_seconds,lamport_tick_ns,lamport_send_ns,lamport_receive_ns,vector_tick_ns,vector_send_ns,vector_receive_ns,local_events,send_events,receive_events,messages_lost,messages_dropped_by_network,messages_dropped_by_failure,failures,total_downtime,final_logical_time,experiment
2,1000,0.25,complete,exponential,10.0,1.0,0.0,0.0,0.0,42,2509,3146286,3122151,24135,0.9923290508237331,0.007670949176266875,1124,23011,0.9534286306194324,0.04657136938056764,0.9926836837021432,1.0,0.0,1.0,1.0,1.0,509,8,16,20072,40144,4072,8144,2.0,1.99561578318055,23.9473893981666,20480,161016,0.015681430999393342,0.01063415400130907,131.27533333333332,133.72666666666666,298.5416666666667,136.652,139.21033333333332,394.6546666666667,1491,509,509,0,0,0,0,0.0,1074.7185157625906,scaling
2,1000,0.25,complete,exponential,10.0,1.0,0.0,0.0,0.0,43,2542,3229611,3204975,24636,0.9923718367320399,0.007628163267960135,1171,23465,0.9524679331060237,0.047532066893976294,0.9927317837717288,1.0,0.0,1.0,1.0,1.0,542,8,16,20336,40672,4336,8672,2.0,1.9948859166011015,23.938630999213217,20480,162864,0.014780094999878202,0.009353258999908576,139.641,141.23766666666666,330.3976666666667,151.273,153.14966666666666,416.088,1458,542,542,0,0,0,0,0.0,1032.8018003415104,scaling
2,1000,0.25,complete,exponential,10.0,1.0,0.0,0.0,0.0,44,2497,3116256,3092555,23701,0.9923943989197294,0.007605601080270684,1125,22576,0.9525336483692671,0.04746635163073288,0.9927527927396954,1.0,0.0,1.0,1.0,1.0,497,8,16,19976,39952,3976,7952,2.0,1.9919903884661594,23.903884661593914,20480,160344,0.016524888000276405,0.011759778000850929,165.70633333333333,173.264,393.33233333333334,179.08833333333334,185.87733333333333,514.779,1503,497,497,0,0,0,0,0.0,980.1723272755864,scaling
2,1000,0.25,complete,exponential,10.0,1.0,0.0,0.0,0.0,45,2478,3069003,3043968,25035,0.9918426277198165,0.0081573722801835,1093,23942,0.9563411224285999,0.04365887757140004,0.9921959901040122,1.0,0.0,1.0,1.0,1.0,478,8,16,19824,39648,3824,7648,2.0,1.9911218724778046,23.893462469733656,20480,159280,0.02275875399936922,0.01824610699986806,162.11633333333333,162.34033333333332,378.08366666666666,169.73066666666668,171.33366666666666,465.22,1522,478,478,0,0,0,0,0.0,1004.6636439912495,scaling
2,1000,0.25,complete,exponential,10.0,1.0,0.0,0.0,0.0,46,2512,3153816,3129102,24714,0.9921637787366162,0.007836221263383786,1130,23584,0.9542769280569717,0.04572307194302824,0.9925193945733891,1.0,0.0,1.0,1.0,1.0,512,8,16,20096,40192,4096,8192,2.0,1.9940286624203822,23.92834394904459,20480,161184,0.06027551300212508,0.009488040999713121,129.25166666666667,142.29933333333332,302.4986666666667,142.67,141.60466666666667,379.7633333333333,1488,512,512,0,0,0,0,0.0,1076.6005842879315,scaling
2,1000,0.25,complete,exponential,10.0,1.0,0.0,0.0,0.0,47,2499,3121251,3097138,24113,0.9922745719584871,0.007725428041512842,1144,22969,0.9525567121469747,0.04744328785302534,0.9926383934909925,1.0,0.0,1.0,1.0,1.0,499,8,16,19992,39984,3992,7984,2.0,1.9963985594237694,23.956782713085232,20480,160456,0.014656344999821158,0.009301751997554675,126.326,123.474,292.4236666666667,129.472,131.63633333333334,355.4046666666667,1501,499,499,0,0,0,0,0.0,1010.6142380428192,scaling
2,1000,0.25,complete,exponential,10.0,1.0,0.0,0.0,0.0,48,2520,3173940,3150390,23550,0.9925802000037808,0.00741979999621921,1123,22427,0.9523142250530786,0.047685774946921444,0.9929315179539192,1.0,0.0,1.0,1.0,1.0,520,8,16,20160,40320,4160,8320,2.0,1.9944444444444445,23.933333333333334,20480,161632,0.013277866997668752,0.008698925001226598,123.89833333333333,125.812,284.8793333333333,135.26266666666666,137.14966666666666,378.34066666666666,1480,520,520,0,0,0,0,0.0,1035.9334384757913,scaling
2,1000,0.25,complete,exponential,10.0,1.0,0.0,0.0,0.0,49,2499,3121251,3097289,23962,0.9923229499966519,0.007677050003348017,1123,22839,0.9531341290376429,0.046865870962357066,0.9926801079955694,1.0,0.0,1.0,1.0,1.0,499,8,16,19992,39984,3992,7984,2.0,1.9935974389755902,23.92316926770708,20480,160456,0.013287325000419514,0.011248402999626705,164.277,161.32833333333335,403.7316666666667,175.34433333333334,180.51433333333333,488.60366666666664,1501,499,499,0,0,0,0,0.0,1021.8186887796403,scaling
2,1000,0.25,complete,exponential,10.0,1.0,0.0,0.0,0.0,50,2492,3103786,3078394,25392,0.9918190236053646,0.008180976394635454,1126,24266,0.9556553245116572,0.04434467548834278,0.9921789690136851,1.0,0.0,1.0,1.0,1.0,492,8,16,19936,39872,3936,7872,2.0,1.9891653290529696,23.869983948635635,20480,160064,0.016853512002853677,0.009926981998432893,123.905,126.36966666666666,291.231,134.438,134.56833333333333,363.9073333333333,1508,492,492,0,0,0,0,0.0,1044.9081783506006,scaling
2,1000,0.25,complete,exponential,10.0,1.0,0.0,0.0,0.0,51,2487,3091341,3066417,24924,0.9919374795598415,0.008062520440158495,1036,23888,0.9584336382603114,0.041566361739688654,0.9922700186551165,1.0,0.0,1.0,1.0,1.0,487,8,16,19896,39792,3896,7792,2.0,1.9943707277844793,23.93244873341375,20480,159784,0.013328962999366922,0.008845379001286346,124.74333333333334,126.32933333333334,278.63433333333336,135.20933333333332,133.59966666666668,361.57966666666664,1513,487,487,0,0,0,0,0.0,1109.597484377483,scaling
2,1000,0.25,complete,exponential,10.0,1.0,0.0,0.0,0.0,52,2498,3118753,3092567,26186,0.9916036954513551,0.008396304548644923,1134,25052,0.9566944168639732,0.043305583136026886,0.9919643805096132,1.0,0.0,1.0,1.0,1.0,498,8,16,19984,39968,3984,7968,2.0,1.9951961569255405,23.942353883106485,20480,160400,0.046618315998784965,0.008964362001279369,129.65233333333333,126.286,298.8186666666667,134.71166666666667,139.73133333333334,372.87733333333335,1502,498,498,0,0,0,0,0.0,995.7510292434707,scaling
2,1000,0.25,complete,exponential,10.0,1.0,0.0,0.0,0.0,53,2471,3051685,3027151,24534,0.9919605070641302,0.008039492935869856,1121,23413,0.9543083068394881,0.04569169316051194,0.9923250257985081,1.0,0.0,1.0,1.0,1.0,471,8,16,19768,39536,3768,7536,2.0,1.9951436665317686,23.94172399838122,20480,158888,0.013323301998752868,0.009142765000433428,124.50966666666666,125.645,308.42333333333335,137.781,139.69133333333335,371.234,1529,471,471,0,0,0,0,0.0,1011.1984442601644,scaling
2,1000,0.25,complete,exponential,10.0,1.0,0.0,0.0,0.0,54,2515,3161355,3136878,24477,0.9922574339167857,0.007742566083214318,1140,23337,0.9534256649099154,0.046574335090084566,0.9926153758525923,1.0,0.0,1.0,1.0,1.0,515,8,16,20120,40240,4120,8240,2.0,1.9960238568588469,23.95228628230616,20480,161352,0.013861839001037879,0.00937980799790239,125.91566666666667,131.49566666666666,282.16766666666666,147.81633333333335,136.10766666666666,363.66,1485,515,515,0,0,0,0,0.0,1025.320260154814,scaling
2,1000,0.25,complete,exponential,10.0,1.0,0.0,0.0,0.0,55,2531,3201715,3177660,24055,0.992486839084678,0.007513160915321945,1117,22938,0.9535647474537519,0.04643525254624818,0.992833214293079,1.0,0.0,1.0,1.0,1.0,531,8,16,20248,40496,4248,8496,2.0,1.99723429474516,23.96681153694192,20480,162248,0.01590406800096389,0.015594188000250142,186.659,187.965,406.133,197.79633333333334,198.588,539.8293333333334,1469,531,531,0,0,0,0,0.0,1058.87463759888,scaling
2,1000,0.25,complete,exponential,10.0,1.0,0.0,0.0,0.0,56,2483,3081403,3057070,24333,0.9921032724379122,0.007896727562087789,1122,23211,0.9538897793120453,0.04611022068795463,0.9924646485174566,1.0,0.0,1.0,1.0,1.0,483,8,16,19864,39728,3864,7728,2.0,1.995569875151027,23.946838501812323,20480,159560,0.017606148998311255,0.010168954002438113,131.232,130.91833333333332,295.195,150.43466666666666,141.361,384.6526666666667,1517,483,483,0,0,0,0,0.0,989.6151546598636,scaling
2,1000,0.25,complete,exponential,10.0,1.0,0.0,0.0,0.0,57,2497,3116256,3091010,25246,0.9918986116673342,0.008101388332665866,1119,24127,0.9556761467163115,0.04432385328368851,0.9922549152733893,1.0,0.0,1.0,1.0,1.0,497,8,16,19976,39952,3976,7952,2.0,1.9935923107729274,23.92310772927513,20480,160344,0.014106226000876632,0.04297725900323712,135.383,124.17566666666667,287.845,136.87266666666667,135.166,361.219,1503,497,497,0,0,0,0,0.0,1048.726285287391,scaling
2,1000,0.25,complete,exponential,10.0,1.0,0.0,0.0,0.0,58,2520,3173940,3150015,23925,0.9924620503223124,0.0075379496776876685,1130,22795,0.9527690700104493,0.04723092998955068,0.9928155168446897,1.0,0.0,1.0,1.0,1.0,520,8,16,20160,40320,4160,8320,2.0,1.992063492063492,23.904761904761905,20480,161632,0.013652285997522995,0.009292204998928355,128.43333333333334,126.57666666666667,290.2993333333333,135.10933333333332,137.761,386.259,1480,520,520,0,0,0,0,0.0,996.3092934972913,scaling
2,1000,0.25,complete,exponential,10.0,1.0,0.0,0.0,0.0,59,2516,3163870,3141382,22488,0.9928922490494236,0.0071077509505763515,1128,21360,0.9498399146211313,0.05016008537886873,0.9932463666021446,1.0,0.0,1.0,1.0,1.0,516,8,16,20128,40256,4128,8256,2.0,1.9948330683624802,23.937996820349763,20480,161408,0.014538174000335857,0.009729291999974521,132.43433333333334,125.441,294.3736666666667,137.72433333333333,160.27966666666666,382.8793333333333,1484,516,516,0,0,0,0,0.0,1077.2978044205695,scaling
2,1000,0.25,complete,exponential,10.0,1.0,0.0,0.0,0.0,60,2519,3171421,3145725,25696,0.9918976383141815,0.008102361685818439,1139,24557,0.9556740348692403,0.04432596513075965,0.9922540013790572,1.0,0.0,1.0,1.0,1.0,519,8,16,20152,40304,4152,8304,2.0,1.9940452560539896,23.928543072647876,20480,161576,0.019508026001858525,0.013136802997905761,148.384,145.59533333333334,356.894,156.87,161.84266666666667,447.2563333333333,1481,519,519,0,0,0,0,0.0,1031.704146815507,scaling
2,1000,0.25,complete,exponential,10.0,1.0,0.0,0.0,0.0,61,2494,3108771,3084322,24449,0.9921354773317173,0.007864522668282739,1124,23325,0.9540267495603092,0.045973250439690784,0.9924943212662185,1.0,0.0,1.0,1.0,1.0,494,8,16,19952,39904,3952,7904,2.0,1.98757016840417,23.85084202085004,20480,160176,0.015938491000270005,0.010139158999663778,131.21533333333332,136.59533333333334,311.52933333333334,140.07833333333335,142.77366666666666,398.59866666666665,1506,494,494,0,0,0,0,0.0,1051.3042517256035,scaling
2,1000,0.25,complete,exponential,10.0,1.0,0.0,0.0,0.0,62,2486,3088855,3063610,25245,0.9918270686063282,0.008172931393671765,1125,24120,0.9554367201426025,0.044563279857397504,0.9921884361650792,1.0,0.0,1.0,1.0,1.0,486,8,16,19888,39776,3888,7776,2.0,1.992759452936444,23.913113435237328,20480,159728,0.014521212000545347,0.009404353997524595,133.03866666666667,134.21766666666667,305.88533333333334,146.03966666666668,143.71866666666668,411.01533333333333,1514,486,486,0,0,0,0,0.0,1067.5206189579394,scaling
2,1000,0.25,complete,exponential,10.0,1.0,0.0,0.0,0.0,63,2499,3121251,3095348,25903,0.9917010839564008,0.008298916043599185,1121,24782,0.956723159479597,0.043276840520403044,0.9920573822244586,1.0,0.0,1.0,1.0,1.0,499,8,16,19992,39984,3992,7984,2.0,1.9903961584633854,23.884753901560625,20480,160456,0.015889258997049183,0.010252390002278844,133.08533333333332,131.05833333333334,301.35333333333335,140.436,140.91666666666666,392.7343333333333,1501,499,499,0,0,0,0,0.0,1045.8168050707613,scaling
2,1000,0.25,complete,exponential,10.0,1.0,0.0,0.0,0.0,64,2491,3101295,3075467,25828,0.9916718661075454,0.008328133892454603,1112,24716,0.9569459501316401,0.04305404986835992,0.992027567404892,1.0,0.0,1.0,1.0,1.0,491,8,16,19928,39856,3928,7856,2.0,1.9971898835808912,23.966278602970696,20480,160008,0.014272717002313584,0.009817706999456277,133.827,127.96566666666666,294.848,137.554,137.711,396.685,1509,491,491,0,0,0,0,0.0,1048.9863477263937,scaling
2,1000,0.25,complete,exponential,10.0,1.0,0.0,0.0,0.0,65,2499,3121251,3095264,25987,0.9916741716702694,0.008325828329730611,1124,24863,0.9567476045715165,0.04325239542848347,0.9920314141059001,1.0,0.0,1.0,1.0,1.0,499,8,16,19992,39984,3992,7984,2.0,1.988795518207283,23.865546218487395,20480,160456,0.06049885100219399,0.017883438002172625,164.84166666666667,159.298,351.5373333333333,170.02466666666666,172.723,469.8586666666667,1501,499,499,0,0,0,0,0.0,1045.958673731297,scaling
2,1000,0.25,complete,exponential,10.0,1.0,0.0,0.0,0.0,66,2542,3229611,3207161,22450,0.9930486984345793,0.006951301565420727,1144,21306,0.9490423162583519,0.05095768374164811,0.9934005830011582,1.0,0.0,1.0,1.0,1.0,542,8,16,20336,40672,4336,8672,2.0,1.996066089693155,23.95279307631786,20480,162864,0.015827343999262666,0.009568932000547647,124.86366666666666,123.885,271.01666666666665,130.06,132.47766666666666,373.0876666666667,1458,542,542,0,0,0,0,0.0,1023.471801569527,scaling
2,1000,0.25,complete,exponential,10.0,1.0,0.0,0.0,0.0,67,2526,3189075,3164093,24982,0.9921663805335403,0.00783361946645971,1124,23858,0.9550076054759427,0.04499239452405732,0.9925161961397776,1.0,0.0,1.0,1.0,1.0,526,8,16,20208,40416,4208,8416,2.0,1.991686460807601,23.90023752969121,20480,161968,0.013653198999236338,0.00902441400103271,123.71133333333333,125.615,284.0776666666667,130.99166666666667,141.12066666666666,377.48266666666666,1474,526,526,0,0,0,0,0.0,1038.2064981890471,scaling
2,1000,0.25,complete,exponential,10.0,1.0,0.0,0.0,0.0,68,2498,3118753,3092947,25806,0.9917255390215256,0.00827446097847441,1125,24681,0.9564054870960241,0.04359451290397582,0.9920834044343969,1.0,0.0,1.0,1.0,1.0,498,8,16,19984,39968,3984,7968,2.0,1.9915932746196958,23.89911929543635,20480,160400,0.013676642000064021,0.009240047002094798,125.89233333333334,125.59833333333333,289.4146666666667,132.79166666666666,134.672,374.3,1502,498,498,0,0,0,0,0.0,1028.7193461177371,scaling
2,1000,0.25,complete,exponential,10.0,1.0,0.0,0.0,0.0,69,2497,3116256,3090921,25335,0.991870051754413,0.008129948245587012,1143,24192,0.9548845470692717,0.045115452930728245,0.9922339895856105,1.0,0.0,1.0,1.0,1.0,497,8,16,19976,39952,3976,7952,2.0,1.9935923107729274,23.92310772927513,20480,160344,0.013680429001396988,0.009489013002166757,126.95733333333334,127.505,283.57366666666667,133.10233333333332,135.71366666666665,383.9413333333333,1503,497,497,0,0,0,0,0.0,1045.8002232936103,scaling
2,1000,0.25,complete,exponential,10.0,1.0,0.0,0.0,0.0,70,2461,3027030,3002794,24236,0.9919934721492685,0.008006527850731575,1107,23129,0.9543241458986631,0.04567585410133686,0.9923563818378722,1.0,0.0,1.0,1.0,1.0,461,8,16,19688,39376,3688,7376,2.0,1.9930922389272654,23.917106867127185,20480,158328,0.013344761999178445,0.009093732998735504,127.87266666666666,123.972,280.685,129.17133333333334,133.65,402.68266666666665,1539,461,461,0,0,0,0,0.0,1025.2889049295436,scaling
2,1000,0.25,complete,exponential,10.0,1.0,0.0,0.0,0.0,71,2496,3113760,3088135,25625,0.9917703997739068,0.008229600226093212,1149,24476,0.9551609756097561,0.044839024390243905,0.9921365053326612,1.0,0.0,1.0,1.0,1.0,496,8,16,19968,39936,3968,7936,2.0,1.9867788461538463,23.841346153846153,20480,160288,0.05607626100027119,0.009189091997541254,122.055,119.74733333333333,281.5566666666667,130.82133333333334,128.78433333333334,362.23066666666665,1504,496,496,0,0,0,0,0.0,1003.1156645408502,scaling
4,1000,0.25,complete,exponential,10.0,1.0,0.0,0.0,0.0,42,5008,12537528,12272829,264699,0.9788874648973864,0.02111253510261353,6521,258178,0.9753644705873464,0.02463552941265362,0.9793968673068334,1.0,0.0,1.0,1.0,1.0,1008,8,32,40064,160256,8064,32256,4.0,3.9674520766773163,47.60942492012779,41824,402432,0.027468280000903178,0.019174822999048047,125.919,133.129,286.676,137.477,139.307,454.503,2992,1008,1008,0,0,0,0,0.0,1040.5021994278711,scaling
4,1000,0.25,complete,exponential,10.0,1.0,0.0,0.0,0.0,43,5030,12647935,12399739,248196,0.980376559493704,0.019623440506296087,6435,241761,0.9740729101194218,0.025927089880578253,0.9808756081161255,1.0,0.0,1.0,1.0,1.0,1030,8,32,40240,160960,8240,32960,4.0,3.966003976143141,47.59204771371769,41824,404016,0.02831353000146919,0.019278586998552782,173.36433333333332,172.519,402.87666666666667,190.16566666666668,191.39133333333334,665.6846666666667,2970,1030,1030,0,0,0,0,0.0,1024.4845898336619,scaling
4,1000,0.25,complete,exponential,10.0,1.0,0.0,0.0,0.0,44,4995,12472515,12221067,251448,0.9798398318222107,0.020160168177789324,6358,245090,0.9747144538831091,0.025285546116890968,0.9803395705669358,1.0,0.0,1.0,1.0,1.0,995,8,32,39960,159840,7960,31840,4.0,3.9497497497497496,47.396996996997,41824,401496,0.03302283700031694,0.01860663000115892,123.207,121.203,282.251,131.302,132.84833333333333,435.935,3005,995,995,0,0,0,0,0.0,1027.8002814063625,scaling
4,1000,0.25,complete,exponential,10.0,1.0,0.0,0.0,0.0,45,4966,12328095,12063093,265002,0.9785042214551397,0.021495778544860338,6396,258606,0.9758643330993728,0.024135666900627167,0.9790121475942563,1.0,0.0,1.0,1.0,1.0,966,8,32,39728,158912,7728,30912,4.0,3.9609343536045105,47.531212243254124,41824,399408,0.02721251100228983,0.018399253000097815,136.42866666666666,132.55433333333335,299.5133333333333,139.317,140.61966666666666,451.73466666666667,3034,966,966,0,0,0,0,0.0,1054.5292778028843,scaling
4,1000,0.25,complete,exponential,10.0,1.0,0.0,0.0,0.0,46,4982,12407671,12154903,252768,0.9796280865280841,0.020371913471915883,6454,246314,0.9744667046461577,0.02553329535384226,0.9801379171092643,1.0,0.0,1.0,1.0,1.0,982,8,32,39856,159424,7856,31424,4.0,3.9484142914492173,47.380971497390604,41824,400560,0.02741677399899345,0.07670045399936498,143.48833333333334,144.25633333333334,317.4236666666667,154.04466666666667,154.67266666666666,491.499,3018,982,982,0,0,0,0,0.0,1026.6697865112556,scaling
4,1000,0.25,complete,exponential,10.0,1.0,0.0,0.0,0.0,47,4995,12472515,12220995,251520,0.9798340591292133,0.020165940870786686,6473,245047,0.9742644720101781,0.025735527989821882,0.98034283856897,1.0,0.0,1.0,1.0,1.0,995,8,32,39960,159840,7960,31840,4.0,3.9675675675675675,47.61081081081081,41824,401496,0.02877755800000159,0.01771650699811289,124.613,131.289,293.452,137.59066666666666,138.439,446.488,3005,995,995,0,0,0,0,0.0,1050.5233931697635,scaling
4,1000,0.25,complete,exponential,10.0,1.0,0.0,0.0,0.0,48,4980,12397710,12138143,259567,0.9790633108856394,0.020936689114360637,6482,253085,0.975027642188722,0.024972357811278014,0.9795754706474612,1.0,0.0,1.0,1.0,1.0,980,8,32,39840,159360,7840,31360,4.0,3.9632530120481926,47.559036144578315,41824,400416,0.027566003001993522,0.05566181599715492,152.739,144.73733333333334,332.04766666666666,164.62133333333333,165.00533333333334,553.1206666666667,3020,980,980,0,0,0,0,0.0,1001.3197094080633,scaling
4,1000,0.25,complete,exponential,10.0,1.0,0.0,0.0,0.0,49,5016,12577620,12305975,271645,0.9784025117629568,0.021597488237043255,6537,265108,0.9759355040586059,0.0240644959413941,0.9789112839363164,1.0,0.0,1.0,1.0,1.0,1016,8,32,40128,160512,8128,32512,4.0,3.953548644338118,47.442583732057415,41824,403008,0.035541905999707524,0.02040851000128896,129.619,135.10266666666666,278.741,139.68766666666667,139.354,445.069,2984,1016,1016,0,0,0,0,0.0,1044.6664873722036,scaling
4,1000,0.25,complete,exponential,10.0,1.0,0.0,0.0,0.0,50,5003,12512503,12266528,245975,0.980341663054946,0.01965833694505408,6200,239775,0.974794186401057,0.025205813598942983,0.9808276674569615,1.0,0.0,1.0,1.0,1.0,1003,8,32,40024,160096,8024,32096,4.0,3.9590245852488506,47.5082950229862,41824,402072,0.029727454002568265,0.019585320998885436,126.64333333333333,128.22966666666667,285.25333333333333,138.81633333333335,139.18666666666667,449.123,2997,1003,1003,0,0,0,0,0.0,1051.7473523670765,scaling
4,1000,0.25,complete,exponential,10.0,1.0,0.0,0.0,0.0,51,4976,12377800,12117697,260103,0.9789863303656546,0.02101366963434536,6481,253622,0.9750829479090976,0.02491705209090245,0.9794991948716221,1.0,0.0,1.0,1.0,1.0,976,8,32,39808,159232,7808,31232,4.0,3.959807073954984,47.51768488745981,41824,400128,0.07568669900138048,0.030990266001026612,145.04133333333334,146.818,325.639,155.37033333333332,177.75566666666666,502.2726666666667,3024,976,976,0,0,0,0,0.0,1082.3835995008842,scaling
4,1000,0.25,complete,exponential,10.0,1.0,0.0,0.0,0.0,52,4992,12457536,12193747,263789,0.9788249457998757,0.021175054200124326,6353,257436,0.9759163573917032,0.024083642608296783,0.9793243742381748,1.0,0.0,1.0,1.0,1.0,992,8,32,39936,159744,7936,31744,4.0,3.9557291666666665,47.46875,41824,401280,0.02998329199908767,0.01940658600142342,123.561,140.09866666666667,289.234,136.679,135.50666666666666,433.4506666666667,3008,992,992,0,0,0,0,0.0,1002.0996370565866,scaling
4,1000,0.25,complete,exponential,10.0,1.0,0.0,0.0,0.0,53,4982,12407671,12148477,259194,0.9791101811129582,0.020889818887041733,6198,252996,0.9760874094307739,0.02391259056922614,0.9795995201537753,1.0,0.0,1.0,1.0,1.0,982,8,32,39856,159424,7856,31424,4.0,3.972099558410277,47.66519470092332,41824,400560,0.027895017999981064,0.05476090199954342,163.115,157.301,361.349,182.76166666666666,183.12233333333333,588.073,3018,982,982,0,0,0,0,0.0,1095.8722654687645,scaling
4,1000,0.25,complete,exponential,10.0,1.0,0.0,0.0,0.0,54,5016,12577620,12321911,255709,0.9796695241230058,0.020330475876994217,6419,249290,0.9748972464793965,0.0251027535206035,0.9801697546638544,1.0,0.0,1.0,1.0,1.0,1016,8,32,40128,160512,8128,32512,4.0,3.9597288676236047,47.516746411483254,41824,403008,0.03348887699758052,0.019943851002608426,125.79533333333333,123.47433333333333,288.222,132.895,134.488,428.96866666666665,2984,1016,1016,0,0,0,0,0.0,1017.5476826601845,scaling
4,1000,0.25,complete,exponential,10.0,1.0,0.0,0.0,0.0,55,5028,12637878,12365508,272370,0.9784481223825708,0.02155187761742913,6278,266092,0.9769504717847046,0.02304952821529537,0.978934418442636,1.0,0.0,1.0,1.0,1.0,1028,8,32,40224,160896,8224,32896,4.0,3.9711614956245027,47.65393794749403,41824,403872,0.028055328002665192,0.01785536600073101,121.82433333333333,137.61733333333333,286.152,132.424,135.353,433.2733333333333,2972,1028,1028,0,0,0,0,0.0,1051.9322395543188,scaling
4,1000,0.25,complete,exponential,10.0,1.0,0.0,0.0,0.0,56,5013,12562578,12312198,250380,0.9800693774796861,0.019930622520313905,6458,243922,0.9742072050483266,0.025792794951673456,0.9805734574056316,1.0,0.0,1.0,1.0,1.0,1013,8,32,40104,160416,8104,32416,4.0,3.9726710552563334,47.672052663076,41824,402792,0.0636560439997993,0.025088580998271937,173.798,172.606,380.90233333333333,185.931,185.33966666666666,589.1283333333333,2987,1013,1013,0,0,0,0,0.0,1022.6164042548669,scaling
4,1000,0.25,complete,exponential,10.0,1.0,0.0,0.0,0.0,57,4975,12372825,12115128,257697,0.9791723393808609,0.02082766061913912,6492,251205,0.974807622905971,0.025192377094029033,0.9796863791392323,1.0,0.0,1.0,1.0,1.0,975,8,32,39800,159200,7800,31200,4.0,3.9569849246231157,47.483819095477386,41824,400056,0.031572585001413245,0.018526059997384436,123.608,122.79966666666667,273.03066666666666,132.96533333333332,134.97566666666665,420.9273333333333,3025,975,975,0,0,0,0,0.0,1077.8826571726358,scaling
4,1000,0.25,complete,exponential,10.0,1.0,0.0,0.0,0.0,58,4983,12412653,12152558,260095,0.9790459783255038,0.020954021674496177,6359,253736,0.9755512408927507,0.024448759107249276,0.9795478004954582,1.0,0.0,1.0,1.0,1.0,983,8,32,39864,159456,7864,31456,4.0,3.963676500100341,47.56411800120409,41824,400632,0.027072239998233272,0.019083341998339165,112.04266666666666,111.956,265.944,124.85666666666667,126.63333333333334,407.3283333333333,3017,983,983,0,0,0,0,0.0,1029.6965428803865,scaling
4,1000,0.25,complete,exponential,10.0,1.0,0.0,0.0,0.0,59,4993,12462528,12195644,266884,0.9785850832190708,0.0214149167809292,6408,260476,0.9759895685016712,0.024010431498328863,0.9790885123136257,1.0,0.0,1.0,1.0,1.0,993,8,32,39944,159776,7944,31776,4.0,3.9679551371920687,47.61546164630482,41824,401352,0.037251151999953436,0.02107746000183397,124.89366666666666,124.13533333333334,274.00233333333335,133.62966666666668,136.02766666666668,429.593,3007,993,993,0,0,0,0,0.0,1023.5263404076202,scaling
4,1000,0.25,complete,exponential,10.0,1.0,0.0,0.0,0.0,60,5044,12718446,12448216,270230,0.978752907391359,0.021247092608641025,6457,263773,0.9761055397254191,0.023894460274580913,0.979250060710405,1.0,0.0,1.0,1.0,1.0,1044,8,32,40352,161408,8352,33408,4.0,3.9633227597145124,47.55987311657415,41824,405024,0.027339849999407306,0.017870865998702357,119.123,121.80433333333333,267.143,143.13433333333333,137.97466666666668,423.986,2956,1044,1044,0,0,0,0,0.0,1040.7167653097613,scaling
4,1000,0.25,complete,exponential,10.0,1.0,0.0,0.0,0.0,61,4987,12432591,12174957,257634,0.9792775295189876,0.020722470481012365,6280,251354,0.9756243352973598,0.02437566470264018,0.979772436083404,1.0,0.0,1.0,1.0,1.0,987,8,32,39896,159584,7896,31584,4.0,3.949669139763385,47.39602967716062,41824,400920,0.02680396799769369,0.0534134930021537,129.58566666666667,126.206,288.12533333333334,139.307,172.526,461.9836666666667,3013,987,987,0,0,0,0,0.0,1050.7759394963741,scaling
4,1000,0.25,complete,exponential,10.0,1.0,0.0,0.0,0.0,62,4983,12412653,12149107,263546,0.9787679555692083,0.02123204443079171,6517,257029,0.9752718690475287,0.024728130952471294,0.9792821068542211,1.0,0.0,1.0,1.0,1.0,983,8,32,39864,159456,7864,31456,4.0,3.96126831226169,47.535219747140275,41824,400632,0.03905200000008335,0.02046284099924378,121.367,125.54466666666667,272.95366666666666,133.86333333333334,133.98733333333334,434.3623333333333,3017,983,983,0,0,0,0,0.0,1085.7861982470224,scaling
4,1000,0.25,complete,exponential,10.0,1.0,0.0,0.0,0.0,63,4980,12397710,12127884,269826,0.9782358193569619,0.02176418064303811,6441,263385,0.9761290609503902,0.023870939049609748,0.9787443077863938,1.0,0.0,1.0,1.0,1.0,980,8,32,39840,159360,7840,31360,4.0,3.945582329317269,47.34698795180723,41824,400416,0.027415622000262374,0.05557348100046511,123.89833333333333,122.34866666666667,269.26666666666665,130.70766666666665,134.358,424.0226666666667,3020,980,980,0,0,0,0,0.0,1042.684391732074,scaling
4,1000,0.25,complete,exponential,10.0,1.0,0.0,0.0,0.0,64,5007,12532521,12270455,262066,0.9790891234094082,0.02091087659059179,6307,255759,0.9759335434585181,0.02406645654148192,0.9795820987889876,1.0,0.0,1.0,1.0,1.0,1007,8,32,40056,160224,8056,32224,4.0,3.962652286798482,47.551827441581786,41824,402360,0.026562576000287663,0.01945875399906072,144.617,142.64666666666668,328.708,156.00166666666667,155.621,496.29466666666667,2993,1007,1007,0,0,0,0,0.0,1108.9405952238092,scaling
4,1000,0.25,complete,exponential,10.0,1.0,0.0,0.0,0.0,65,5006,12527515,12259008,268507,0.9785666191579097,0.021433380842090392,6233,262274,0.9767864524947208,0.02321354750527919,0.9790537422605768,1.0,0.0,1.0,1.0,1.0,1006,8,32,40048,160192,8048,32192,4.0,3.949460647223332,47.39352776667998,41824,402288,0.028862357001344208,0.018703912999626482,124.516,124.62966666666667,294.0663333333333,135.81733333333332,134.18766666666667,436.08866666666665,2994,1006,1006,0,0,0,0,0.0,1093.619168994837,scaling
4,1000,0.25,complete,exponential,10.0,1.0,0.0,0.0,0.0,66,5053,12763878,12509356,254522,0.9800591951756354,0.019940804824364507,6422,248100,0.9747683893730208,0.0252316106269792,0.9805525490348546,1.0,0.0,1.0,1.0,1.0,1053,8,32,40424,161696,8424,33696,4.0,3.96695032653869,47.60340391846428,41824,405672,0.06478946299830568,0.01761483600057545,122.339,123.38766666666666,285.454,137.23,139.36733333333333,437.7386666666667,2947,1053,1053,0,0,0,0,0.0,1029.8048545546883,scaling
4,1000,0.25,complete,exponential,10.0,1.0,0.0,0.0,0.0,67,5038,12688203,12429451,258752,0.9796068836540525,0.020393116345947492,6295,252457,0.975671685629483,0.024328314370516944,0.9800931374048762,1.0,0.0,1.0,1.0,1.0,1038,8,32,40304,161216,8304,33216,4.0,3.9557364033346567,47.46883684001588,41824,404592,0.03062098499867716,0.034607058001711266,174.38266666666667,155.1,361.08166666666665,168.712,171.36366666666666,536.069,2962,1038,1038,0,0,0,0,0.0,1079.937951610893,scaling
4,1000,0.25,complete,exponential,10.0,1.0,0.0,0.0,0.0,68,4974,12367851,12101105,266746,0.9784323080865059,0.021567691913494107,6446,260300,0.975834689179969,0.024165310820031042,0.9789425231193379,1.0,0.0,1.0,1.0,1.0,974,8,32,39792,159168,7792,31168,4.0,3.9613992762364294,47.53679131483715,41824,399984,0.03178358899822342,0.05921288599711261,125.12733333333334,135.21966666666665,276.69733333333335,136.58866666666665,139.53733333333332,440.82433333333336,3026,974,974,0,0,0,0,0.0,1054.2766448732182,scaling
4,1000,0.25,complete,exponential,10.0,1.0,0.0,0.0,0.0,69,5041,12703320,12441854,261466,0.9794175066045726,0.020582493395427337,6423,255043,0.9754346645452946,0.024565335454705392,0.9799129661365292,1.0,0.0,1.0,1.0,1.0,1041,8,32,40328,161312,8328,33312,4.0,3.950605038682801,47.40726046419361,41824,404808,0.029900317997089587,0.019852569999784464,171.43033333333332,180.384,396.2543333333333,195.803,183.47333333333333,603.3213333333333,2959,1041,1041,0,0,0,0,0.0,1026.557948882242,scaling
4,1000,0.25,complete,exponential,10.0,1.0,0.0,0.0,0.0,70,4990,12447555,12195943,251612,0.9797862311112504,0.020213768888749636,6363,245249,0.9747110630653546,0.025288936934645408,0.9802873390266785,1.0,0.0,1.0,1.0,1.0,990,8,32,39920,159680,7920,31680,4.0,3.9681362725450904,47.617635270541086,41824,401136,0.035714999998162966,0.021600076997856377,133.85033333333334,133.55633333333333,294.818,140.08533333333332,140.50933333333333,444.27733333333333,3010,990,990,0,0,0,0,0.0,1072.6083421349413,scaling
4,1000,0.25,complete,exponential,10.0,1.0,0.0,0.0,0.0,71,5031,12652965,12399136,253829,0.9799391684083533,0.0200608315916467,6475,247354,0.9744907004321807,0.02550929956781928,0.9804408970394157,1.0,0.0,1.0,1.0,1.0,1031,8,32,40248,160992,8248,32992,4.0,3.9516994633273703,47.42039355992844,41824,404088,0.06460755399893969,0.01852306499858969,124.643,121.41366666666667,283.67033333333336,131.349,134.555,430.16766666666666,2969,1031,1031,0,0,0,0,0.0,1034.3202314285545,scaling
8,1000,0.25,complete,exponential,10.0,1.0,0.0,0.0,0.0,42,10005,50045010,48330069,1714941,0.9657320280283689,0.03426797197163114,29426,1685515,0.9828413922111606,0.017158607788839382,0.9663002035525567,1.0,0.0,1.0,1.0,1.0,2005,8,64,80040,640320,16040,128320,8.0,7.882258870564717,94.5871064467766,85120,1125672,0.07420444799936377,0.08318538000094122,118.28433333333334,138.76966666666667,279.57966666666664,140.83333333333334,143.17466666666667,550.563,5995,2005,2005,0,0,0,0,0.0,1047.964556799194,scaling
8,1000,0.25,complete,exponential,10.0,1.0,0.0,0.0,0.0,43,9994,49935021,48240956,1694065,0.9660746112432795,0.03392538875672046,28745,1665320,0.9830319379716835,0.016968062028316504,0.9666310505716756,1.0,0.0,1.0,1.0,1.0,1994,8,64,79952,639616,15952,127616,8.0,7.874724834900941,94.49669801881129,85120,1124528,0.056291773998964345,0.05293240199898719,122.30866666666667,120.79266666666666,269.05966666666666,138.45566666666667,142.423,552.8936666666667,6006,1994,1994,0,0,0,0,0.0,1024.4845898336619,scaling
8,1000,0.25,complete,exponential,10.0,1.0,0.0,0.0,0.0,44,10027,50265351,48604737,1660614,0.9669630477662436,0.03303695223375641,28840,1631774,0.9826329297476717,0.017367070252328354,0.9675181662197838,1.0,0.0,1.0,1.0,1.0,2027,8,64,80216,641728,16216,129728,8.0,7.855789368704498,94.26947242445397,85120,1127960,0.08775259899994126,0.03757218199825729,147.82633333333334,145.16133333333335,326.6906666666667,169.23666666666668,169.083,683.0203333333334,5973,2027,2027,0,0,0,0,0.0,1062.7292177634984,scaling
8,1000,0.25,complete,exponential,10.0,1.0,0.0,0.0,0.0,45,10017,50165136,48445564,1719572,0.9657217713911909,0.034278228608809115,28513,1691059,0.9834185483364465,0.01658145166355349,0.9662709831892746,1.0,0.0,1.0,1.0,1.0,2017,8,64,80136,641088,16136,129088,8.0,7.871218927822701,94.4546271338724,85120,1126920,0.09128677800254081,0.03849196200098959,132.66133333333335,135.02233333333334,300.73566666666665,155.13366666666667,158.65,622.14,5983,2017,2017,0,0,0,0,0.0,1107.4687647353146,scaling
8,1000,0.25,complete,exponential,10.0,1.0,0.0,0.0,0.0,46,9975,49745325,48044579,1700746,0.9658109380127681,0.03418906198723196,29166,1671580,0.9828510547724352,0.017148945227564844,0.9663775312972187,1.0,0.0,1.0,1.0,1.0,1975,8,64,79800,638400,15800,126400,8.0,7.845914786967419,94.15097744360902,85120,1122552,0.1104781109970645,0.03726079999978538,136.198,130.751,279.87333333333333,140.92,143.62833333333333,558.6646666666667,6025,1975,1975,0,0,0,0,0.0,1032.6780490219999,scaling
8,1000,0.25,complete,exponential,10.0,1.0,0.0,0.0,0.0,47,10031,50305465,48610312,1695153,0.9663028062656811,0.033697193734318925,29659,1665494,0.9825036442138261,0.017496355786173874,0.9668728533163645,1.0,0.0,1.0,1.0,1.0,2031,8,64,80248,641984,16248,129984,8.0,7.871996809889343,94.46396171867212,85120,1128376,0.0550882140014437,0.09107533300266368,118.39466666666667,119.00233333333334,271.9886666666667,141.96866666666668,144.90766666666667,550.0453333333334,5969,2031,2031,0,0,0,0,0.0,1057.0059319605573,scaling
8,1000,0.25,complete,exponential,10.0,1.0,0.0,0.0,0.0,48,10006,50055015,48331827,1723188,0.9655741187970875,0.034425881202912435,29020,1694168,0.9831591213494987,0.01684087865050128,0.9661342468050861,1.0,0.0,1.0,1.0,1.0,2006,8,64,80048,640384,16048,128384,8.0,7.866979812112732,94.40375774535279,85120,1125776,0.05663205000018934,0.08296459700068226,131.506,128.01266666666666,287.7146666666667,145.81266666666667,147.683,608.5176666666666,5994,2006,2006,0,0,0,0,0.0,1007.8330223989212,scaling
8,1000,0.25,complete,exponential,10.0,1.0,0.0,0.0,0.0,49,10048,50476128,48762748,1713380,0.9660556372311283,0.03394436276887165,28964,1684416,0.9830954020707607,0.016904597929239283,0.9666102934943974,1.0,0.0,1.0,1.0,1.0,2048,8,64,80384,643072,16384,131072,8.0,7.889231687898089,94.67078025477707,85120,1130144,0.05710299199927249,0.0788384320003388,165.28566666666666,174.169,378.264,196.71466666666666,201.096,805.633,5952,2048,2048,0,0,0,0,0.0,1050.5649188682535,scaling
8,1000,0.25,complete,exponential,10.0,1.0,0.0,0.0,0.0,50,9994,49935021,48271754,1663267,0.9666913727742299,0.03330862722577007,28578,1634689,0.982818152467403,0.01718184753259699,0.9672449306795918,1.0,0.0,1.0,1.0,1.0,1994,8,64,79952,639616,15952,127616,8.0,7.882829697818691,94.59395637382428,85120,1124528,0.06271920300059719,0.03930901000057929,122.02133333333333,117.266,270.5593333333333,135.58666666666667,137.781,568.7203333333333,6006,1994,1994,0,0,0,0,0.0,1067.3490344876834,scaling
8,1000,0.25,complete,exponential,10.0,1.0,0.0,0.0,0.0,51,9989,49885066,48190158,1694908,0.9660237394493976,0.03397626055060246,29245,1665663,0.98274537615021,0.01725462384979008,0.9665904007477883,1.0,0.0,1.0,1.0,1.0,1989,8,64,79912,639296,15912,127296,8.0,7.891280408449294,94.69536490139153,85120,1124008,0.07877521399859688,0.04560745699927793,123.88166666666666,127.43133333333333,291.8623333333333,145.48866666666666,147.41233333333332,577.867,6011,1989,1989,0,0,0,0,0.0,1082.3835995008842,scaling
8,1000,0.25,complete,exponential,10.0,1.0,0.0,0.0,0.0,52,9951,49506225,47747673,1758552,0.964478164109665,0.035521835890335,28373,1730179,0.9838657031466798,0.016134296853320233,0.9650312426659104,1.0,0.0,1.0,1.0,1.0,1951,8,64,79608,636864,15608,124864,8.0,7.864536227514822,94.37443473017787,85120,1120056,0.09360984099839698,0.04387285299890209,127.33833333333334,126.45633333333333,294.023,144.784,145.95633333333333,580.776,6049,1951,1951,0,0,0,0,0.0,1041.6700934720247,scaling
8,1000,0.25,complete,exponential,10.0,1.0,0.0,0.0,0.0,53,9993,49925028,48201513,1723515,0.9654779362367107,0.03452206376328923,28802,1694713,0.9832888022442509,0.01671119775574915,0.9660352468340992,1.0,0.0,1.0,1.0,1.0,1993,8,64,79944,639552,15944,127552,8.0,7.880516361453017,94.5661963374362,85120,1124424,0.09210935599912773,0.037108775999513455,162.13,165.209,354.01533333333333,183.62666666666667,181.56266666666667,732.6833333333333,6007,1993,1993,0,0,0,0,0.0,1095.8722654687645,scaling
8,1000,0.25,complete,exponential,10.0,1.0,0.0,0.0,0.0,54,9962,49615741,47912826,1702915,0.9656779287041183,0.03432207129588168,28505,1674410,0.983261055308104,0.016738944691895956,0.9662330443261649,1.0,0.0,1.0,1.0,1.0,1962,8,64,79696,637568,15696,125568,8.0,7.826741618148966,93.9208994177876,85120,1121200,0.05944233500122209,0.07754627600297681,127.131,130.81133333333332,285.0563333333333,148.71166666666667,182.53466666666668,609.1623333333333,6038,1962,1962,0,0,0,0,0.0,1042.188744181115,scaling
8,1000,0.25,complete,exponential,10.0,1.0,0.0,0.0,0.0,55,10060,50596770,48874862,1721908,0.9659680252316502,0.034031974768349835,28808,1693100,0.9832697217272932,0.01673027827270679,0.9665183263664057,1.0,0.0,1.0,1.0,1.0,2060,8,64,80480,643840,16480,131840,8.0,7.878528827037774,94.54234592445329,85120,1131392,0.06890966699938872,0.08561106600245694,136.92933333333335,139.49433333333334,313.18233333333336,174.70333333333335,158.58633333333333,637.5656666666666,5940,2060,2060,0,0,0,0,0.0,1051.9322395543188,scaling
8,1000,0.25,complete,exponential,10.0,1.0,0.0,0.0,0.0,56,10007,50065021,48357057,1707964,0.9658850837194296,0.03411491628057042,29169,1678795,0.9829217711848728,0.01707822881512725,0.9664481580127785,1.0,0.0,1.0,1.0,1.0,2007,8,64,80056,640448,16056,128448,8.0,7.850004996502448,94.20005995802937,85120,1125880,0.08316799800013541,0.0803082499987795,122.88633333333334,123.795,300.7656666666667,146.61766666666668,145.57566666666668,570.7103333333333,5993,2007,2007,0,0,0,0,0.0,1038.8029395656567,scaling
8,1000,0.25,complete,exponential,10.0,1.0,0.0,0.0,0.0,57,9982,49815171,48138285,1676886,0.9663378451516306,0.03366215484836939,29145,1647741,0.9826195698455351,0.017380430154464884,0.9669035443801037,1.0,0.0,1.0,1.0,1.0,1982,8,64,79856,638848,15856,126848,8.0,7.867862151873372,94.41434582248047,85120,1123280,0.06876906500110636,0.04381187000035425,125.34433333333334,120.36166666666666,282.2776666666667,142.00533333333334,144.04266666666666,603.5783333333334,6018,1982,1982,0,0,0,0,0.0,1077.8826571726358,scaling
8,1000,0.25,complete,exponential,10.0,1.0,0.0,0.0,0.0,58,10027,50265351,48546871,1718480,0.9658118372634064,0.03418816273659364,28034,1690446,0.9836867464270751,0.01631325357292491,0.9663507905885977,1.0,0.0,1.0,1.0,1.0,2027,8,64,80216,641728,16216,129728,8.0,7.876533359928194,94.51840031913832,85120,1127960,0.05844791599884047,0.04628827899796306,160.45666666666668,140.06533333333334,306.19933333333336,159.22433333333333,162.86766666666668,629.7173333333334,5973,2027,2027,0,0,0,0,0.0,1090.4486901332448,scaling
8,1000,0.25,complete,exponential,10.0,1.0,0.0,0.0,0.0,59,9990,49895055,48220534,1674521,0.9664391391090761,0.03356086089092396,29029,1645492,0.9826642962375509,0.017335703762449084,0.9670017418271911,1.0,0.0,1.0,1.0,1.0,1990,8,64,79920,639360,15920,127360,8.0,7.876676676676676,94.52012012012011,85120,1124112,0.10256260100140935,0.04564249199756887,185.64033333333333,162.53066666666666,353.855,190.10566666666668,187.995,725.837,6010,1990,1990,0,0,0,0,0.0,1051.5995411720198,scaling
8,1000,0.25,complete,exponential,10.0,1.0,0.0,0.0,0.0,60,9952,49516176,47756162,1760014,0.9644557770373867,0.03554422296261327,29255,1730759,0.9833779731297592,0.016622026870240805,0.9650259307908852,1.0,0.0,1.0,1.0,1.0,1952,8,64,79616,636928,15616,124928,8.0,7.86314308681672,94.35771704180064,85120,1120160,0.10256252199906157,0.038949317997321486,134.131,132.23066666666668,291.67566666666664,157.40766666666667,159.742,626.3343333333333,6048,1952,1952,0,0,0,0,0.0,1040.7167653097613,scaling
8,1000,0.25,complete,exponential,10.0,1.0,0.0,0.0,0.0,61,10026,50255325,48593944,1661381,0.9669411947888109,0.03305880521118906,28448,1632933,0.9828768957872999,0.017123104212700156,0.9674888605954935,1.0,0.0,1.0,1.0,1.0,2026,8,64,80208,641664,16208,129664,8.0,7.854079393576701,94.24895272292041,85120,1127856,0.06298503899961361,0.0813327260002552,122.96,126.757,275.79566666666665,140.95666666666668,142.63,579.0526666666667,5974,2026,2026,0,0,0,0,0.0,1062.6987329954075,scaling
8,1000,0.25,complete,exponential,10.0,1.0,0.0,0.0,0.0,62,9979,49785231,48043938,1741293,0.9650239043783888,0.03497609562161116,29994,1711299,0.9827748690197456,0.017225130980254327,0.9656056507177325,1.0,0.0,1.0,1.0,1.0,1979,8,64,79832,638656,15832,126656,8.0,7.875338210241507,94.50405852289808,85120,1122968,0.07172755600186065,0.08547962000011466,123.36066666666666,125.56133333333334,291.445,143.23133333333334,144.78066666666666,575.92,6021,1979,1979,0,0,0,0,0.0,1085.7861982470224,scaling
8,1000,0.25,complete,exponential,10.0,1.0,0.0,0.0,0.0,63,9975,49745325,48010104,1735221,0.9651179080647276,0.03488209193527231,28741,1706480,0.983436691925697,0.016563308074302927,0.9656758396755497,1.0,0.0,1.0,1.0,1.0,1975,8,64,79800,638400,15800,126400,8.0,7.844711779448621,94.13654135338345,85120,1122552,0.06718271800127695,0.08844807000059518,123.13366666666667,119.784,268.8926666666667,139.087,139.98166666666665,573.6393333333333,6025,1975,1975,0,0,0,0,0.0,1042.684391732074,scaling
8,1000,0.25,complete,exponential,10.0,1.0,0.0,0.0,0.0,64,9986,49855105,48138425,1716680,0.9655666154950431,0.034433384504956914,28667,1688013,0.983300906400727,0.016699093599273015,0.9661221418235837,1.0,0.0,1.0,1.0,1.0,1986,8,64,79888,639104,15888,127104,8.0,7.873623072301221,94.48347686761466,85120,1123696,0.05683668300116551,0.05247680100001162,141.241,139.20366666666666,332.2613333333333,158.54633333333334,159.62833333333333,649.4106666666667,6014,1986,1986,0,0,0,0,0.0,1108.9405952238092,scaling
8,1000,0.25,complete,exponential,10.0,1.0,0.0,0.0,0.0,65,10037,50365666,48648539,1717127,0.9659067945214901,0.03409320547850991,28215,1688912,0.9835684838686947,0.016431516131305373,0.9664482017573754,1.0,0.0,1.0,1.0,1.0,2037,8,64,80296,642368,16296,130368,8.0,7.88243499053502,94.58921988642024,85120,1129000,0.0699510439990263,0.04462837699975353,149.05866666666665,151.296,339.6453333333333,167.86733333333333,171.21033333333332,677.5703333333333,5963,2037,2037,0,0,0,0,0.0,1093.619168994837,scaling
8,1000,0.25,complete,exponential,10.0,1.0,0.0,0.0,0.0,66,10092,50919186,49224950,1694236,0.9667269622102758,0.03327303778972429,29104,1665132,0.982821755646793,0.01717824435320699,0.967279832640081,1.0,0.0,1.0,1.0,1.0,2092,8,64,80736,645888,16736,133888,8.0,7.87970669837495,94.55648038049941,85120,1134720,0.10654936600258225,0.053498470999329584,127.612,130.07633333333334,280.9053333333333,146.53733333333332,146.17,586.7936666666667,5908,2092,2092,0,0,0,0,0.0,1043.6821368327255,scaling
8,1000,0.25,complete,exponential,10.0,1.0,0.0,0.0,0.0,67,10074,50737701,49039377,1698324,0.9665273757673806,0.03347262423261945,28896,1669428,0.9829855787234945,0.017014421276505542,0.9670781435295113,1.0,0.0,1.0,1.0,1.0,2074,8,64,80592,644736,16592,132736,8.0,7.835417907484614,94.02501488981537,85120,1132848,0.10796098499849904,0.04401511999822105,130.888,129.676,296.217,148.451,148.391,593.0723333333333,5926,2074,2074,0,0,0,0,0.0,1079.937951610893,scaling
8,1000,0.25,complete,exponential,10.0,1.0,0.0,0.0,0.0,68,9958,49575903,47847023,1728880,0.9651266059641919,0.03487339403580808,28931,1699949,0.9832660450696404,0.016733954930359538,0.9656901535779018,1.0,0.0,1.0,1.0,1.0,1958,8,64,79664,637312,15664,125312,8.0,7.843743723639285,94.12492468367142,85120,1120784,0.06226955199963413,0.12083268300193595,154.99633333333333,152.49833333333333,337.74133333333333,171.06333333333333,169.91766666666666,682.9603333333333,6042,1958,1958,0,0,0,0,0.0,1054.2766448732182,scaling
8,1000,0.25,complete,exponential,10.0,1.0,0.0,0.0,0.0,69,10030,50295435,48588179,1707256,0.966055448173378,0.03394455182662204,29149,1678107,0.982926403538778,0.017073596461221984,0.9666156556702836,1.0,0.0,1.0,1.0,1.0,2030,8,64,80240,641920,16240,129920,8.0,7.809371884346959,93.7124626121635,85120,1128272,0.06199565000133589,0.08892183600255521,131.9,130.71133333333333,308.32666666666665,154.25533333333334,160.14966666666666,639.4056666666667,5970,2030,2030,0,0,0,0,0.0,1048.2388627674961,scaling
8,1000,0.25,complete,exponential,10.0,1.0,0.0,0.0,0.0,70,9960,49595820,47864476,1731344,0.9650909290339388,0.03490907096606125,28976,1702368,0.9832638689942611,0.016736131005738893,0.9656551060624315,1.0,0.0,1.0,1.0,1.0,1960,8,64,79680,637440,15680,125440,8.0,7.870582329317269,94.44698795180723,85120,1120992,0.06493085699912626,0.09395157100152574,138.35566666666668,139.147,305.745,156.70966666666666,157.88833333333332,612.9496666666666,6040,1960,1960,0,0,0,0,0.0,1072.6083421349413,scaling
8,1000,0.25,complete,exponential,10.0,1.0,0.0,0.0,0.0,71,10039,50385741,48670009,1715732,0.965948064552628,0.03405193544737191,29049,1686683,0.9830690340915714,0.01693096590842859,0.9665052859310139,1.0,0.0,1.0,1.0,1.0,2039,8,64,80312,642496,16312,130496,8.0,7.851479230999104,94.21775077198924,85120,1129208,0.06250613399970462,0.04774870099936379,128.30666666666667,126.26966666666667,289.9286666666667,145.54233333333335,147.46566666666666,575.376,5961,2039,2039,0,0,0,0,0.0,1041.269914221877,scaling
16,1000,0.25,complete,exponential,10.0,1.0,0.0,0.0,0.0,42,19973,199450378,189949442,9500936,0.952364412164714,0.04763558783528603,119436,9381500,0.9874290280452368,0.012570971954763194,0.9529350541071541,1.0,0.0,1.0,1.0,1.0,3973,8,128,159784,2556544,31784,508544,16.0,15.629299554398438,187.55159465278126,172960,3528456,0.13035258300078567,0.15346137300002738,129.75233333333333,137.85133333333334,294.21,173.25066666666666,179.34533333333334,948.7306666666667,12027,3973,3973,0,0,0,0,0.0,1061.998840170647,scaling
16,1000,0.25,complete,exponential,10.0,1.0,0.0,0.0,0.0,43,19960,199190820,189751163,9439657,0.9526099797169367,0.047390020283063244,121616,9318041,0.9871164810331562,0.012883518966843817,0.953191951277406,1.0,0.0,1.0,1.0,1.0,3960,8,128,159680,2554880,31680,506880,16.0,15.6499498997996,187.7993987975952,172960,3526272,0.1378471370007901,0.14623913800096489,132.16066666666666,123.80133333333333,298.458,165.85333333333332,168.64866666666666,845.6613333333333,12040,3960,3960,0,0,0,0,0.0,1073.2828446616531,scaling
16,1000,0.25,complete,exponential,10.0,1.0,0.0,0.0,0.0,44,19962,199230741,189749681,9481060,0.9524116612104555,0.04758833878954453,120140,9360920,0.9873284210837184,0.012671578916281514,0.9529863304465642,1.0,0.0,1.0,1.0,1.0,3962,8,128,159696,2555136,31696,507136,16.0,15.646378118425007,187.7565374211001,172960,3526608,0.14268865999838454,0.15494892400238314,137.43366666666665,138.923,306.50966666666665,182.30766666666668,186.452,916.0863333333333,12038,3962,3962,0,0,0,0,0.0,1062.7292177634984,scaling
16,1000,0.25,complete,exponential,10.0,1.0,0.0,0.0,0.0,45,20034,200670561,191209559,9461002,0.9528530644811423,0.047146935518857694,121559,9339443,0.9871515723176044,0.012848427682395585,0.953430618418136,1.0,0.0,1.0,1.0,1.0,4034,8,128,160272,2564352,32272,516352,16.0,15.636368174104023,187.63641808924828,172960,3538704,0.1869782829999167,0.0956688820006093,133.997,133.897,314.84866666666665,169.634,168.30466666666666,939.9743333333333,11966,4034,4034,0,0,0,0,0.0,1107.4687647353146,scaling
16,1000,0.25,complete,exponential,10.0,1.0,0.0,0.0,0.0,46,19911,198214005,188853452,9360553,0.9527755215883963,0.04722447841160366,120924,9239629,0.987081532469289,0.01291846753071106,0.9533571341646203,1.0,0.0,1.0,1.0,1.0,3911,8,128,159288,2548608,31288,500608,16.0,15.63613078197981,187.63356938375773,172960,3518040,0.14069144500172115,0.1568166659999406,130.26033333333334,131.79333333333332,295.99666666666667,169.00266666666667,171.12666666666667,863.007,12089,3911,3911,0,0,0,0,0.0,1069.1042746144776,scaling
16,1000,0.25,complete,exponential,10.0,1.0,0.0,0.0,0.0,47,20010,200190045,190742248,9447797,0.9528058600516325,0.04719413994836756,119811,9327986,0.9873186309993748,0.012681369000625225,0.9533764427945838,1.0,0.0,1.0,1.0,1.0,4010,8,128,160080,2561280,32080,513280,16.0,15.603698150924538,187.24437781109447,172960,3534672,0.14639815500049735,0.14893165199828218,142.443,144.40666666666667,310.878,183.67666666666668,184.32133333333334,928.957,11990,4010,4010,0,0,0,0,0.0,1085.0927589191451,scaling
16,1000,0.25,complete,exponential,10.0,1.0,0.0,0.0,0.0,48,19959,199170861,189456345,9714516,0.9512252146161079,0.04877478538389207,120173,9594343,0.9876295432525923,0.012370456747407693,0.9517994984272549,1.0,0.0,1.0,1.0,1.0,3959,8,128,159672,2554752,31672,506752,16.0,15.61380830702941,187.36569968435293,172960,3526104,0.1837302899984934,0.09329748800155357,127.248,125.58833333333334,279.536,158.31266666666667,163.342,840.6786666666667,12041,3959,3959,0,0,0,0,0.0,1063.9627372013572,scaling
16,1000,0.25,complete,exponential,10.0,1.0,0.0,0.0,0.0,49,20104,202075356,192638758,9436598,0.9533015891358865,0.046698410864113485,120656,9315942,0.9872140362448416,0.012785963755158374,0.9538711305059996,1.0,0.0,1.0,1.0,1.0,4104,8,128,160832,2573312,32832,525312,16.0,15.67150815758058,188.05809789096696,172960,3550464,0.1346767289978743,0.15747878399997717,137.90433333333334,136.08133333333333,309.3553333333333,170.532,175.58166666666668,923.6803333333334,11896,4104,4104,0,0,0,0,0.0,1100.70561263687,scaling
16,1000,0.25,complete,exponential,10.0,1.0,0.0,0.0,0.0,50,19995,199890015,190473374,9416641,0.9528908885218704,0.04710911147812961,122260,9294381,0.9870166017797641,0.012983398220235857,0.9534740679245256,1.0,0.0,1.0,1.0,1.0,3995,8,128,159960,2559360,31960,511360,16.0,15.670817704426106,188.04981245311328,172960,3532152,0.18335942599878763,0.10045341899967752,120.16466666666666,119.46,287.12033333333335,157.81166666666667,163.03166666666667,847.398,12005,3995,3995,0,0,0,0,0.0,1110.8431782646605,scaling
16,1000,0.25,complete,exponential,10.0,1.0,0.0,0.0,0.0,51,19890,197796105,188246000,9550105,0.9517174263871374,0.048282573612862596,121056,9429049,0.987324118425923,0.012675881574076934,0.9523002571761092,1.0,0.0,1.0,1.0,1.0,3890,8,128,159120,2545920,31120,497920,16.0,15.652086475615887,187.82503770739063,172960,3514512,0.12734914800239494,0.1514654310012702,124.63633333333334,127.74866666666667,314.3643333333333,167.59333333333333,167.90733333333333,844.1653333333334,12110,3890,3890,0,0,0,0,0.0,1090.4798229221542,scaling
16,1000,0.25,complete,exponential,10.0,1.0,0.0,0.0,0.0,52,19967,199330561,189806519,9524042,0.9522198605561543,0.047780139443845744,121126,9402916,0.9872820804444163,0.012717919555583648,0.9527988420829565,1.0,0.0,1.0,1.0,1.0,3967,8,128,159736,2555776,31736,507776,16.0,15.656733610457254,187.88080332548705,172960,3527448,0.1348598319964367,0.14624945800096611,151.119,147.83633333333333,348.5316666666667,195.79266666666666,195.569,980.2326666666667,12033,3967,3967,0,0,0,0,0.0,1041.6700934720247,scaling
16,1000,0.25,complete,exponential,10.0,1.0,0.0,0.0,0.0,53,19965,199290630,189848997,9441633,0.9526237987204917,0.04737620127950822,118423,9323210,0.9874573603951774,0.012542639604822598,0.9531902059005652,1.0,0.0,1.0,1.0,1.0,3965,8,128,159720,2555520,31720,507520,16.0,15.666766841973454,188.00120210368144,172960,3527112,0.17735094200179446,0.09280412500083912,128.981,131.41566666666668,302.19533333333334,167.14266666666666,184.418,860.4756666666667,12035,3965,3965,0,0,0,0,0.0,1095.8722654687645,scaling
16,1000,0.25,complete,exponential,10.0,1.0,0.0,0.0,0.0,54,19974,199470351,190040920,9429431,0.9527276562520312,0.04727234374796884,120745,9308686,0.9871948795213624,0.012805120478637577,0.9533047183449161,1.0,0.0,1.0,1.0,1.0,3974,8,128,159792,2556672,31792,508672,16.0,15.585360969260037,187.02433163112045,172960,3528624,0.1383817470014037,0.15180072799921618,139.49766666666667,140.79,323.41133333333335,183.99066666666667,188.92,926.1416666666667,12026,3974,3974,0,0,0,0,0.0,1106.4570169439753,scaling
16,1000,0.25,complete,exponential,10.0,1.0,0.0,0.0,0.0,55,20085,201693570,192085080,9608490,0.9523609503267754,0.04763904967322458,117357,9491133,0.9877861141552939,0.012213885844706089,0.9529154117008836,1.0,0.0,1.0,1.0,1.0,4085,8,128,160680,2570880,32680,522880,16.0,15.660542693552403,187.92651232262884,172960,3547272,0.1375685569983034,0.13966786099990713,118.074,119.677,285.721,165.48266666666666,167.45966666666666,845.424,11915,4085,4085,0,0,0,0,0.0,1066.3718561730882,scaling
16,1000,0.25,complete,exponential,10.0,1.0,0.0,0.0,0.0,56,19959,199170861,189753265,9417596,0.9527159949366288,0.047284005063371194,122259,9295337,0.9870180245574348,0.012981975442565174,0.9533011691285327,1.0,0.0,1.0,1.0,1.0,3959,8,128,159672,2554752,31672,506752,16.0,15.611403376922691,187.33684052307228,172960,3526104,0.1317002030009462,0.15637339699969743,170.84633333333332,172.733,400.449,222.663,221.925,1133.2823333333333,12041,3959,3959,0,0,0,0,0.0,1075.8393414066056,scaling
16,1000,0.25,complete,exponential,10.0,1.0,0.0,0.0,0.0,57,19882,197637021,188053825,9583196,0.9515111290814285,0.04848887091857147,119805,9463391,0.987498429542712,0.012501570457287944,0.9520882726496105,1.0,0.0,1.0,1.0,1.0,3882,8,128,159056,2544896,31056,496896,16.0,15.598128960869127,187.17754753042954,172960,3513168,0.17932750700128963,0.09346554299918353,124.54633333333334,124.12533333333333,294.9146666666667,175.939,174.30266666666665,871.132,12118,3882,3882,0,0,0,0,0.0,1077.8826571726358,scaling
16,1000,0.25,complete,exponential,10.0,1.0,0.0,0.0,0.0,58,20026,200510325,191185470,9324855,0.953494389877429,0.046505610122571,119415,9205440,0.9871939027470132,0.012806097252986776,0.9540625869706365,1.0,0.0,1.0,1.0,1.0,4026,8,128,160208,2563328,32208,515328,16.0,15.639668431039649,187.67602117247577,172960,3537360,0.14210889600144583,0.15780145799726597,131.135,130.778,303.36066666666665,168.24466666666666,192.607,867.786,11974,4026,4026,0,0,0,0,0.0,1090.4486901332448,scaling
16,1000,0.25,complete,exponential,10.0,1.0,0.0,0.0,0.0,59,19954,199071081,189651657,9419424,0.9526831122195996,0.047316887780400406,119824,9299600,0.9872790523072323,0.012720947692767626,0.9532568924658767,1.0,0.0,1.0,1.0,1.0,3954,8,128,159632,2554112,31632,506112,16.0,15.658213891951489,187.89856670341786,172960,3525264,0.14380584899845417,0.14985974899900611,133.54633333333334,130.17,293.522,171.50733333333332,174.042,874.1476666666666,12046,3954,3954,0,0,0,0,0.0,1056.471253447165,scaling
16,1000,0.25,complete,exponential,10.0,1.0,0.0,0.0,0.0,60,19885,197696670,188135533,9561137,0.9516373391620607,0.048362660837939254,121118,9440019,0.9873322597511154,0.012667740248884625,0.952220713016153,1.0,0.0,1.0,1.0,1.0,3885,8,128,159080,2545280,31080,497280,16.0,15.61885843600704,187.42630123208448,172960,3513672,0.18288301599750412,0.09188844399977825,121.27,118.71533333333333,289.2943333333333,165.90333333333334,170.86966666666666,860.833,12115,3885,3885,0,0,0,0,0.0,1078.5329567023712,scaling
16,1000,0.25,complete,exponential,10.0,1.0,0.0,0.0,0.0,61,20070,201392415,192009971,9382444,0.953412128257164,0.046587871742836,120779,9261665,0.9871271280702555,0.01287287192974453,0.953984251412355,1.0,0.0,1.0,1.0,1.0,4070,8,128,160560,2568960,32560,520960,16.0,15.656003986048828,187.87204783258593,172960,3544752,0.13694258599934983,0.16207778399984818,134.37133333333333,141.735,322.44966666666664,179.776,182.49466666666666,911.474,11930,4070,4070,0,0,0,0,0.0,1062.6987329954075,scaling
16,1000,0.25,complete,exponential,10.0,1.0,0.0,0.0,0.0,62,19986,199710105,190148185,9561920,0.9521210005873263,0.047878999412673685,119752,9442168,0.9874761554164854,0.012523844583514607,0.9526922626365614,1.0,0.0,1.0,1.0,1.0,3986,8,128,159888,2558208,31888,510208,16.0,15.657059941959371,187.88471930351244,172960,3530640,0.21521415899769636,0.09628619700015406,128.60033333333334,129.64933333333335,314.89866666666666,161.35166666666666,166.65833333333333,877.0633333333334,12014,3986,3986,0,0,0,0,0.0,1085.7861982470224,scaling
16,1000,0.25,complete,exponential,10.0,1.0,0.0,0.0,0.0,63,19952,199031176,189395732,9635444,0.9515882677596197,0.04841173224038027,117343,9518101,0.9878217340062379,0.012178265993762196,0.9521496275223855,1.0,0.0,1.0,1.0,1.0,3952,8,128,159616,2553856,31616,505856,16.0,15.583049318364074,186.99659182036888,172960,3524928,0.12928535799801466,0.1700788449998072,139.61433333333332,138.39866666666666,309.22133333333335,185.67066666666668,186.44833333333332,951.8363333333333,12048,3952,3952,0,0,0,0,0.0,1067.4664239147276,scaling
16,1000,0.25,complete,exponential,10.0,1.0,0.0,0.0,0.0,64,20101,202015050,192600036,9415014,0.9533944921430358,0.04660550785696412,122010,9293004,0.9870409114633287,0.01295908853667132,0.9539706569379509,1.0,0.0,1.0,1.0,1.0,4101,8,128,160808,2572928,32808,524928,16.0,15.617929456245959,187.4151534749515,172960,3549960,0.18603185399842914,0.09872883400021237,120.27166666666666,138.61566666666667,295.2656666666667,155.751,157.36433333333332,862.0753333333333,11899,4101,4101,0,0,0,0,0.0,1108.9405952238092,scaling
16,1000,0.25,complete,exponential,10.0,1.0,0.0,0.0,0.0,65,20046,200911035,191348933,9562102,0.9524062876884787,0.04759371231152137,120900,9441202,0.987356336504254,0.012643663495746018,0.9529797517193761,1.0,0.0,1.0,1.0,1.0,4046,8,128,160368,2565888,32368,517888,16.0,15.664671256110944,187.97605507333134,172960,3540720,0.13615930100058904,0.15583389899984468,127.39833333333333,131.72633333333334,280.137,165.38933333333333,164.42066666666668,836.621,11954,4046,4046,0,0,0,0,0.0,1093.619168994837,scaling
16,1000,0.25,complete,exponential,10.0,1.0,0.0,0.0,0.0,66,20091,201814095,192325962,9488133,0.9529857763403493,0.04701422365965073,120615,9367518,0.9872878046713721,0.012712195328627876,0.9535556726970054,1.0,0.0,1.0,1.0,1.0,4091,8,128,160728,2571648,32728,523648,16.0,15.675177940371311,188.10213528445573,172960,3548280,0.13172647299870732,0.1499154630000703,174.03233333333333,176.24933333333334,400.33866666666665,232.81533333333334,240.29933333333332,1243.1643333333334,11909,4091,4091,0,0,0,0,0.0,1088.6716486241771,scaling
16,1000,0.25,complete,exponential,10.0,1.0,0.0,0.0,0.0,67,20059,201171711,191861075,9310636,0.9537179658426229,0.046282034157377125,118737,9191899,0.9872471654997574,0.012752834500242519,0.954281208493837,1.0,0.0,1.0,1.0,1.0,4059,8,128,160472,2567552,32472,519552,16.0,15.595593000648089,187.14711600777707,172960,3542904,0.18762947099821758,0.16294324200134724,172.035,179.519,390.65366666666665,231.74333333333334,235.574,1234.7486666666666,11941,4059,4059,0,0,0,0,0.0,1079.937951610893,scaling
16,1000,0.25,complete,exponential,10.0,1.0,0.0,0.0,0.0,68,19945,198891540,189625343,9266197,0.9534108036973318,0.04658919630266828,119787,9146410,0.9870726901230353,0.012927309876964627,0.9539853633026016,1.0,0.0,1.0,1.0,1.0,3945,8,128,159560,2552960,31560,504960,16.0,15.617397844071196,187.40877412885436,172960,3523752,0.13232884000171907,0.20367058500050916,154.62933333333334,148.66466666666668,347.937,183.07566666666668,183.49633333333333,1013.602,12055,3945,3945,0,0,0,0,0.0,1054.2766448732182,scaling
16,1000,0.25,complete,exponential,10.0,1.0,0.0,0.0,0.0,69,20027,200530351,191173470,9356881,0.9533393276711514,0.046660672328848615,120118,9236763,0.9871626025809241,0.012837397419075865,0.9539107217144945,1.0,0.0,1.0,1.0,1.0,4027,8,128,160216,2563456,32216,515456,16.0,15.566085784191342,186.7930294102961,172960,3537528,0.15702625899939449,0.18284158900132752,192.52,212.52733333333333,422.8673333333333,241.32466666666667,242.80066666666667,1214.9386666666667,11973,4027,4027,0,0,0,0,0.0,1061.5496417999873,scaling
16,1000,0.25,complete,exponential,10.0,1.0,0.0,0.0,0.0,70,19934,198672211,189305303,9366908,0.9528524500087232,0.047147549991276835,120526,9246382,0.9871327870413588,0.012867212958641207,0.9534308560514105,1.0,0.0,1.0,1.0,1.0,3934,8,128,159472,2551552,31472,503552,16.0,15.658121801946423,187.8974616233571,172960,3521904,0.20705128600093303,0.11809850099962205,173.548,177.86233333333334,408.888,228.44733333333335,229.703,1186.4816666666666,12066,3934,3934,0,0,0,0,0.0,1079.6438367106152,scaling
16,1000,0.25,complete,exponential,10.0,1.0,0.0,0.0,0.0,71,20024,200470276,191015339,9454937,0.9528362149808184,0.047163785019181594,122320,9332617,0.9870628434647423,0.012937156535257718,0.9534179575058904,1.0,0.0,1.0,1.0,1.0,4024,8,128,160192,2563072,32192,515072,16.0,15.562075509388734,186.7449061126648,172960,3537024,0.18291613799738116,0.2379662109997298,199.73666666666668,198.708,469.094,263.319,322.8736666666667,2046.6566666666668,11976,4024,4024,0,0,0,0,0.0,1041.269914221877,scaling
32,1000,0.25,complete,exponential,10.0,1.0,0.0,0.0,0.0,42,39952,798061176,750278420,47782756,0.9401264496545313,0.059873550345468755,483306,47299450,0.9898853469230615,0.010114653076938467,0.9406961354130852,1.0,0.0,1.0,1.0,1.0,7952,8,256,319616,10227712,63616,2035712,32.0,31.047081497797357,372.56497797356826,351008,12176832,0.41073861200129613,0.3120327010001347,134.575,136.05433333333335,311.22866666666664,228.81433333333334,251.076,1503.558,24048,7952,7952,0,0,0,0,0.0,1095.820723312979,scaling
32,1000,0.25,complete,exponential,10.0,1.0,0.0,0.0,0.0,43,40019,800740171,752775033,47965138,0.9400989987300138,0.059901001269986244,489109,47476029,0.9898028230420186,0.010197176957981441,0.9406735820114414,1.0,0.0,1.0,1.0,1.0,8019,8,256,320152,10244864,64152,2052864,32.0,31.122491816387218,373.4699017966466,351008,12196664,0.5604541229986353,0.39060071899803006,159.45466666666667,157.12066666666666,377.8063333333333,265.343,266.842,1775.7603333333334,23981,8019,8019,0,0,0,0,0.0,1076.3779789361893,scaling
32,1000,0.25,complete,exponential,10.0,1.0,0.0,0.0,0.0,44,39975,798980325,751614751,47365574,0.9407174713595107,0.059282528640489364,487313,46878261,0.9897116627363156,0.01028833726368438,0.9412915826494421,1.0,0.0,1.0,1.0,1.0,7975,8,256,319800,10233600,63800,2041600,32.0,31.100762976860537,373.20915572232644,351008,12183640,0.43329663300028187,0.33431256100084283,144.41333333333333,152.08766666666668,343.2816666666667,243.26166666666666,246.22033333333334,1600.8733333333332,24025,7975,7975,0,0,0,0,0.0,1062.7292177634984,scaling
32,1000,0.25,complete,exponential,10.0,1.0,0.0,0.0,0.0,45,39981,799220190,751504812,47715378,0.9402975818216004,0.05970241817839962,485453,47229925,0.9898260682331805,0.010173931766819494,0.9408690735332323,1.0,0.0,1.0,1.0,1.0,7981,8,256,319848,10235136,63848,2043136,32.0,31.028413496410796,372.34096195692956,351008,12185416,0.4392850799995358,0.33170056699964334,161.532,168.24133333333333,399.88433333333336,270.7126666666667,272.289,1731.9116666666666,24019,7981,7981,0,0,0,0,0.0,1107.4687647353146,scaling
32,1000,0.25,complete,exponential,10.0,1.0,0.0,0.0,0.0,46,39856,794230440,745592148,48638292,0.9387604786338837,0.061239521366116365,492758,48145534,0.989868928785575,0.010131071214425046,0.9393432678177928,1.0,0.0,1.0,1.0,1.0,7856,8,256,318848,10203136,62848,2011136,32.0,31.00782818145323,372.09393817743876,351008,12148416,0.4213947280004504,0.3679590739993728,134.351,153.76433333333333,307.22133333333335,227.11466666666666,237.05,1517.1133333333332,24144,7856,7856,0,0,0,0,0.0,1096.4518464087676,scaling
32,1000,0.25,complete,exponential,10.0,1.0,0.0,0.0,0.0,47,40064,802542016,755027580,47514436,0.9407950798179768,0.05920492018202322,483857,47030579,0.989816631728513,0.010183368271487006,0.9413626325319883,1.0,0.0,1.0,1.0,1.0,8064,8,256,320512,10256384,64512,2064384,32.0,31.019718450479232,372.2366214057508,351008,12209984,0.37245089399948483,0.3771587159972114,151.09933333333333,152.29833333333335,349.54366666666664,255.07333333333332,255.16366666666667,1634.87,23936,8064,8064,0,0,0,0,0.0,1088.3567330680075,scaling
32,1000,0.25,complete,exponential,10.0,1.0,0.0,0.0,0.0,48,39988,799500078,750775872,48724206,0.9390566588537593,0.060943341146240636,480961,48243245,0.9901289104639284,0.00987108953607166,0.9396219139522791,1.0,0.0,1.0,1.0,1.0,7988,8,256,319904,10236928,63904,2044928,32.0,31.080299089726918,372.963589076723,351008,12187488,0.3177259279982536,0.2639437050020206,118.78566666666667,116.66133333333333,264.55466666666666,192.697,196.69766666666666,1298.8216666666667,24012,7988,7988,0,0,0,0,0.0,1082.1200679556496,scaling
32,1000,0.25,complete,exponential,10.0,1.0,0.0,0.0,0.0,49,40143,805710153,757724151,47986002,0.9404425998340373,0.05955740016596266,493040,47492962,0.9897253369847315,0.010274663015268495,0.9410184393336409,1.0,0.0,1.0,1.0,1.0,8143,8,256,321144,10276608,65144,2084608,32.0,31.08198191465511,372.98378297586135,351008,12233368,0.3647159610009112,0.27073211800234276,169.94433333333333,182.74833333333333,408.84433333333334,294.664,295.175,1980.9206666666666,23857,8143,8143,0,0,0,0,0.0,1100.70561263687,scaling
32,1000,0.25,complete,exponential,10.0,1.0,0.0,0.0,0.0,50,40002,800060001,752014294,48045707,0.9399473702722954,0.060052629727704636,486492,47559215,0.9898743918993637,0.010125608100636337,0.9405192712556464,1.0,0.0,1.0,1.0,1.0,8002,8,256,320016,10240512,64016,2048512,32.0,31.078871056447177,372.9464526773661,351008,12191632,0.3171489499982272,0.44034767799894325,166.77866666666668,162.644,409.53566666666666,272.99033333333335,278.367,1872.4946666666667,23998,8002,8002,0,0,0,0,0.0,1110.8431782646605,scaling
32,1000,0.25,complete,exponential,10.0,1.0,0.0,0.0,0.0,51,39933,797302278,749114530,48187748,0.9395615071853589,0.06043849281464112,491870,47695878,0.9897926335964071,0.01020736640359288,0.9401414972481132,1.0,0.0,1.0,1.0,1.0,7933,8,256,319464,10222848,63464,2030848,32.0,31.11927478526532,373.4312974231838,351008,12171208,0.3301301819992659,0.26985570000033476,129.49233333333333,127.181,305.98533333333336,215.727,217.814,1409.8226666666667,24067,7933,7933,0,0,0,0,0.0,1090.4798229221542,scaling
32,1000,0.25,complete,exponential,10.0,1.0,0.0,0.0,0.0,52,39994,799740021,751880209,47859812,0.9401557872017512,0.05984421279824884,490863,47368949,0.9897437332181748,0.01025626678182522,0.9407331887361212,1.0,0.0,1.0,1.0,1.0,7994,8,256,319952,10238464,63952,2046464,32.0,31.012126819022853,372.14552182827424,351008,12189264,0.3875488440025947,0.28981946899875766,132.35433333333333,130.22366666666667,308.21633333333335,216.455,216.782,1432.178,24006,7994,7994,0,0,0,0,0.0,1105.6405127507362,scaling
32,1000,0.25,complete,exponential,10.0,1.0,0.0,0.0,0.0,53,39880,795187260,747108271,48078989,0.9395375260413503,0.06046247395864969,490827,47588162,0.989791237082793,0.010208762917206932,0.9401178109981525,1.0,0.0,1.0,1.0,1.0,7880,8,256,319040,10209280,63040,2017280,32.0,31.08041624874624,372.96499498495484,351008,12155520,0.33415799400245305,0.3629151940003794,126.24933333333334,125.03366666666666,277.499,203.861,209.56833333333333,1430.2306666666666,24120,7880,7880,0,0,0,0,0.0,1095.8722654687645,scaling
32,1000,0.25,complete,exponential,10.0,1.0,0.0,0.0,0.0,54,39988,799500078,751712585,47787493,0.9402282822541513,0.059771717745848676,487115,47300378,0.9898066425037195,0.01019335749628046,0.9408014885986274,1.0,0.0,1.0,1.0,1.0,7988,8,256,319904,10236928,63904,2044928,32.0,31.015379613884164,372.18455536660997,351008,12187488,0.3312433440005407,0.27878676999898744,131.703,127.22133333333333,303.18033333333335,211.86266666666666,213.26866666666666,1377.038,24012,7988,7988,0,0,0,0,0.0,1106.4570169439753,scaling
32,1000,0.25,complete,exponential,10.0,1.0,0.0,0.0,0.0,55,40142,805670011,757874910,47795101,0.9406765793098385,0.059323420690161444,484880,47310221,0.9898550271920128,0.010144972807987162,0.9412430518417012,1.0,0.0,1.0,1.0,1.0,8142,8,256,321136,10276352,65136,2084352,32.0,31.113447262219122,373.36136714662945,351008,12233072,0.3838743339983921,0.2806742690008832,128.34,127.39133333333334,282.725,232.615,212.28033333333335,1371.6583333333333,23858,8142,8142,0,0,0,0,0.0,1072.6390221632842,scaling
32,1000,0.25,complete,exponential,10.0,1.0,0.0,0.0,0.0,56,40007,800260021,752406875,47853146,0.9402030030936658,0.05979699690633427,487445,47365701,0.9898137313688843,0.010186268631115705,0.9407760375619582,1.0,0.0,1.0,1.0,1.0,8007,8,256,320056,10241792,64056,2049792,32.0,31.045592021396256,372.54710425675506,351008,12193112,0.41381995800111326,0.28769471700070426,125.568,123.64133333333334,278.0966666666667,206.63966666666667,207.705,1398.732,23993,8007,8007,0,0,0,0,0.0,1093.0702466468344,scaling
32,1000,0.25,complete,exponential,10.0,1.0,0.0,0.0,0.0,57,39907,796264371,747701624,48562747,0.9390117795437566,0.06098822045624342,486886,48075861,0.9899740844561368,0.010025915543863282,0.939586301565192,1.0,0.0,1.0,1.0,1.0,7907,8,256,319256,10216192,63256,2024192,32.0,31.021700453554516,372.2604054426542,351008,12163512,0.38267204700241564,0.29855775900068693,133.98033333333333,129.716,297.77366666666666,216.525,213.24533333333332,1358.5103333333334,24093,7907,7907,0,0,0,0,0.0,1077.8826571726358,scaling
32,1000,0.25,complete,exponential,10.0,1.0,0.0,0.0,0.0,58,40053,802101378,754228220,47873158,0.9403153275719718,0.05968467242802817,493031,47380127,0.9897013061056051,0.010298693894394851,0.9408936706094454,1.0,0.0,1.0,1.0,1.0,8053,8,256,320424,10253568,64424,2061568,32.0,31.06126881881507,372.73522582578084,351008,12206728,0.33122372800062294,0.2696142789973237,135.43333333333334,141.48766666666666,320.9,223.685,224.52,1466.756,23947,8053,8053,0,0,0,0,0.0,1090.4486901332448,scaling
32,1000,0.25,complete,exponential,10.0,1.0,0.0,0.0,0.0,59,40060,802381770,754475406,47906364,0.9402948000675538,0.05970519993244612,491117,47415247,0.989748397519795,0.010251602480204926,0.9408706825268357,1.0,0.0,1.0,1.0,1.0,8060,8,256,320480,10255360,64480,2063360,32.0,31.10486769845232,373.25841238142783,351008,12208800,0.3823354770029255,0.2664781960011169,121.35366666666667,122.035,265.944,193.67233333333334,195.05833333333334,1316.829,23940,8060,8060,0,0,0,0,0.0,1079.8977420128708,scaling
32,1000,0.25,complete,exponential,10.0,1.0,0.0,0.0,0.0,60,39938,797501953,749695673,47806280,0.9400549681161722,0.059945031883827875,491397,47314883,0.9897210784859227,0.01027892151407723,0.9406345591738938,1.0,0.0,1.0,1.0,1.0,7938,8,256,319504,10224128,63504,2032128,32.0,31.027066953778355,372.32480344534025,351008,12172688,0.37936546499986434,0.2726643630012404,126.85733333333333,130.48066666666668,283.55033333333336,211.59566666666666,214.65466666666666,1389.458,24062,7938,7938,0,0,0,0,0.0,1078.5329567023712,scaling
32,1000,0.25,complete,exponential,10.0,1.0,0.0,0.0,0.0,61,40000,799980000,751995044,47984956,0.9400173054326358,0.059982694567364186,485172,47499784,0.9898890810694919,0.010110918930508138,0.9405877532456033,1.0,0.0,1.0,1.0,1.0,8000,8,256,320000,10240000,64000,2048000,32.0,31.046575,372.5589,351008,12191040,0.3241429679983412,0.2735027210001135,127.632,130.177,294.641,209.92266666666666,228.79466666666667,1390.904,24000,8000,8000,0,0,0,0,0.0,1096.9136918115355,scaling
32,1000,0.25,complete,exponential,10.0,1.0,0.0,0.0,0.0,62,39960,798380820,750065492,48315328,0.9394833558251061,0.06051664417489388,486600,47828728,0.9899286619765885,0.010071338023411536,0.9400563047066565,1.0,0.0,1.0,1.0,1.0,7960,8,256,319680,10229760,63680,2037760,32.0,31.058208208208207,372.69849849849845,351008,12179200,0.3777487420011312,0.28171210100117605,141.89533333333333,126.43966666666667,292.43,201.39633333333333,207.852,1413.8936666666666,24040,7960,7960,0,0,0,0,0.0,1085.7861982470224,scaling
32,1000,0.25,complete,exponential,10.0,1.0,0.0,0.0,0.0,63,39908,796304278,748113590,48190688,0.939482068184996,0.06051793181500401,492229,47698459,0.989785806751711,0.010214193248288964,0.940063160566698,1.0,0.0,1.0,1.0,1.0,7908,8,256,319264,10216448,63264,2024448,32.0,31.030620426982058,372.3674451237847,351008,12163808,0.3370696899983159,0.3409638110024389,130.69433333333333,133.797,315.824,219.91133333333335,222.40266666666668,1506.106,24092,7908,7908,0,0,0,0,0.0,1068.303467604835,scaling
32,1000,0.25,complete,exponential,10.0,1.0,0.0,0.0,0.0,64,40092,803664186,756072030,47592156,0.9407810415978894,0.05921895840211051,500190,47091966,0.9894900747929974,0.010509925207002599,0.9413669359750534,1.0,0.0,1.0,1.0,1.0,8092,8,256,320736,10263552,64736,2071552,32.0,31.057817020852042,372.6938042502245,351008,12218272,0.33179320400086,0.274609790998511,132.10366666666667,129.078,295.93333333333334,221.22033333333334,223.391,1533.4103333333333,23908,8092,8092,0,0,0,0,0.0,1108.9405952238092,scaling
32,1000,0.25,complete,exponential,10.0,1.0,0.0,0.0,0.0,65,40005,800180010,751934327,48245683,0.9397064630494831,0.060293536950516924,492441,47753242,0.9897930556812721,0.010206944318727958,0.9402851265279578,1.0,0.0,1.0,1.0,1.0,8005,8,256,320040,10241280,64040,2049280,32.0,31.028396450443694,372.3407574053243,351008,12192520,0.3834338630003913,0.27702238200072316,132.32066666666665,128.764,300.17766666666665,214.00366666666667,214.224,1382.949,23995,8005,8005,0,0,0,0,0.0,1093.619168994837,scaling
32,1000,0.25,complete,exponential,10.0,1.0,0.0,0.0,0.0,66,40199,807959701,759952410,48007291,0.9405820724219511,0.05941792757804885,491620,47515671,0.9897594721601767,0.01024052783982333,0.9411547377313606,1.0,0.0,1.0,1.0,1.0,8199,8,256,321592,10290944,65592,2098944,32.0,31.16691957511381,374.0030349013657,351008,12249944,0.33454092199826846,0.35345906500151614,123.36733333333333,120.52533333333334,297.32933333333335,201.98433333333332,200.28466666666668,1392.4236666666666,23801,8199,8199,0,0,0,0,0.0,1088.6716486241771,scaling
32,1000,0.25,complete,exponential,10.0,1.0,0.0,0.0,0.0,67,40062,802461891,754563317,47898574,0.940310468899264,0.0596895311007361,472996,47425578,0.9901250504868893,0.009874949513110767,0.9408650440228352,1.0,0.0,1.0,1.0,1.0,8062,8,256,320496,10255872,64496,2063872,32.0,31.04403175078628,372.5283810094354,351008,12209392,0.33718109899928095,0.26535293300185003,156.917,132.541,320.242,221.21366666666665,221.34033333333332,1475.6023333333333,23938,8062,8062,0,0,0,0,0.0,1079.937951610893,scaling
32,1000,0.25,complete,exponential,10.0,1.0,0.0,0.0,0.0,68,40026,801020325,753960504,47059821,0.9412501536711942,0.0587498463288057,484264,46575557,0.9897096081177189,0.010290391882281065,0.9418195390950664,1.0,0.0,1.0,1.0,1.0,8026,8,256,320208,10246656,64208,2054656,32.0,31.066806575725778,372.80167890870933,351008,12198736,0.37551066800006083,0.27716915699784295,153.654,154.27166666666668,348.929,250.55833333333334,253.72766666666666,1724.3376666666666,23974,8026,8026,0,0,0,0,0.0,1097.6221790174181,scaling
32,1000,0.25,complete,exponential,10.0,1.0,0.0,0.0,0.0,69,40013,800500078,752929525,47570553,0.9405739558216508,0.05942604417834922,492680,47077873,0.989643172741759,0.010356827258241039,0.9411532029357559,1.0,0.0,1.0,1.0,1.0,8013,8,256,320104,10243328,64104,2051328,32.0,30.954114912653388,371.4493789518407,351008,12194888,0.3913347359994077,0.28459658499923535,141.15733333333333,144.55033333333333,319.19033333333334,237.37033333333332,243.432,1650.7666666666667,23987,8013,8013,0,0,0,0,0.0,1086.431450540331,scaling
32,1000,0.25,complete,exponential,10.0,1.0,0.0,0.0,0.0,70,40024,800940276,753557092,47383184,0.9408405527605157,0.05915944723948431,488752,46894432,0.9896851169815857,0.010314883018414297,0.9414150256524466,1.0,0.0,1.0,1.0,1.0,8024,8,256,320192,10246144,64192,2054144,32.0,31.108409954027582,373.300919448331,351008,12198144,0.3380540719990677,0.28293166299772565,129.03433333333334,129.706,302.03133333333335,210.39,212.20666666666668,1424.8206666666667,23976,8024,8024,0,0,0,0,0.0,1079.6438367106152,scaling
32,1000,0.25,complete,exponential,10.0,1.0,0.0,0.0,0.0,71,40119,804747021,756784641,47962380,0.9404006740647506,0.05959932593524941,486066,47476314,0.9898656822284465,0.010134317771553455,0.9409690179476635,1.0,0.0,1.0,1.0,1.0,8119,8,256,320952,10270464,64952,2078464,32.0,31.006605349086467,372.0792641890376,351008,12226264,0.38481807200150797,0.31501501300226664,135.51666666666668,135.951,309.068,228.80466666666666,230.89166666666668,1531.9946666666667,23881,8119,8119,0,0,0,0,0.0,1075.233866818145,scaling
64,1000,0.25,complete,exponential,10.0,1.0,0.0,0.0,0.0,42,79827,3186135051,2954749849,231385202,0.9273774657080598,0.07262253429194016,1932287,229452915,0.9916490467700696,0.00835095322993041,0.9279402311956538,1.0,0.0,1.0,1.0,1.0,15827,8,512,638616,40871424,126616,8103424,64.0,61.66386059854435,739.9663271825323,711904,44776440,0.8839051279974228,0.5700076940011058,152.59566666666666,157.39066666666668,370.7733333333333,354.35566666666665,353.8616666666667,3013.9023333333334,48173,15827,15827,0,0,0,0,0.0,1095.820723312979,scaling
64,1000,0.25,complete,exponential,10.0,1.0,0.0,0.0,0.0,43,80087,3206923741,2974567416,232356325,0.9275454161789499,0.07245458382105008,1949460,230406865,0.9916100411727549,0.00838995882724518,0.9281096056321209,1.0,0.0,1.0,1.0,1.0,16087,8,512,640696,41004544,128696,8236544,64.0,61.67831233533532,740.1397480240239,711904,44919960,0.7451159170013852,0.5622608300000138,148.905,151.737,352.726,352.853,354.38933333333335,2975.527,47913,16087,16087,0,0,0,0,0.0,1094.0987252764553,scaling
64,1000,0.25,complete,exponential,10.0,1.0,0.0,0.0,0.0,44,80033,3202600528,2975257250,227343278,0.9290129143449638,0.07098708565503616,1993690,225349588,0.9912304862605175,0.008769513739482546,0.929591605777854,1.0,0.0,1.0,1.0,1.0,16033,8,512,640264,40976896,128264,8208896,64.0,61.77851636200067,741.342196344008,711904,44890152,0.7558156749983027,0.5219202609987406,123.037,122.322,299.059,286.422,285.0196666666667,2475.0446666666667,47967,16033,16033,0,0,0,0,0.0,1107.8672319059604,scaling
64,1000,0.25,complete,exponential,10.0,1.0,0.0,0.0,0.0,45,79965,3197160630,2967248920,229911710,0.9280887835779461,0.07191121642205384,1945001,227966709,0.9915402264634542,0.008459773536545832,0.9286537324958735,1.0,0.0,1.0,1.0,1.0,15965,8,512,639720,40942080,127720,8174080,64.0,61.70070655911962,740.4084787094354,711904,44852616,0.7479402499993739,0.555479151000327,1199.6763333333333,181.8,1675.3626666666667,477.3426666666667,421.23766666666666,4195.518333333333,48035,15965,15965,0,0,0,0,0.0,1107.4687647353146,scaling
64,1000,0.25,complete,exponential,10.0,1.0,0.0,0.0,0.0,46,79659,3172738311,2941944467,230793844,0.9272572076934839,0.0727427923065162,1950789,228843055,0.9915474825229741,0.008452517477025946,0.9278276915711919,1.0,0.0,1.0,1.0,1.0,15659,8,512,637272,40785408,125272,8017408,64.0,61.616339647748525,739.3960757729823,711904,44683704,0.7492801860025793,0.5684145189989067,114.02633333333333,117.21233333333333,272.249,266.268,273.478,2408.43,48341,15659,15659,0,0,0,0,0.0,1096.4518464087676,scaling
64,1000,0.25,complete,exponential,10.0,1.0,0.0,0.0,0.0,47,80132,3210528646,2980341649,230186997,0.9283024628087994,0.07169753719120063,1981305,228205692,0.9913926284897839,0.008607371510216105,0.9288756973961694,1.0,0.0,1.0,1.0,1.0,16132,8,512,641056,41027584,129056,8259584,64.0,61.66808515948685,740.0170219138422,711904,44944800,0.7581417860019428,0.56409332900148,147.389,149.48266666666666,345.269,322.279,325.956,2764.4456666666665,47868,16132,16132,0,0,0,0,0.0,1130.1096460149795,scaling
64,1000,0.25,complete,exponential,10.0,1.0,0.0,0.0,0.0,48,79951,3196041225,2962796556,233244669,0.9270207570617304,0.07297924293826967,1959955,231284714,0.9915969998010973,0.008403000198902723,0.9275895963661563,1.0,0.0,1.0,1.0,1.0,15951,8,512,639608,40934912,127608,8166912,64.0,61.60225638203399,739.2270765844079,711904,44844888,0.7427081999994698,0.5711987770009728,141.06066666666666,142.05566666666667,330.18733333333336,326.003,324.83433333333335,2659.786666666667,48049,15951,15951,0,0,0,0,0.0,1082.1200679556496,scaling
64,1000,0.25,complete,exponential,10.0,1.0,0.0,0.0,0.0,49,80237,3218947966,2988356954,230591012,0.9283644798127811,0.07163552018721883,2013289,228577723,0.9912690048821157,0.0087309951178843,0.9289454881896565,1.0,0.0,1.0,1.0,1.0,16237,8,512,641896,41081344,129896,8313344,64.0,61.79057043508606,741.4868452210327,711904,45002760,0.732051514001796,0.5495383250017767,129.10466666666667,133.62633333333332,306.04533333333336,305.05066666666664,309.13466666666665,2662.4883333333332,47763,16237,16237,0,0,0,0,0.0,1100.70561263687,scaling
64,1000,0.25,complete,exponential,10.0,1.0,0.0,0.0,0.0,50,80133,3210608778,2977598797,233009981,0.9274249847578284,0.07257501524217162,1950132,231059849,0.9916306932791862,0.008369306720813818,0.9279886474405604,1.0,0.0,1.0,1.0,1.0,16133,8,512,641064,41028096,129064,8260096,64.0,61.699574457464465,740.3948934895736,711904,44945352,0.8001830799985328,0.6722638620012731,148.02666666666667,150.48833333333334,348.211,326.18333333333334,330.47433333333333,2971.125666666667,47867,16133,16133,0,0,0,0,0.0,1110.8431782646605,scaling
64,1000,0.25,complete,exponential,10.0,1.0,0.0,0.0,0.0,51,79923,3193803003,2962338853,231464150,0.9275271049020302,0.07247289509796982,1955192,229508958,0.9915529381115823,0.00844706188841771,0.9280952690760982,1.0,0.0,1.0,1.0,1.0,15923,8,512,639384,40920576,127384,8152576,64.0,61.77892471503822,741.3470965804587,711904,44829432,0.7744840680024936,0.6623682999997982,115.98666666666666,118.308,272.01866666666666,261.5593333333333,265.98066666666665,2302.158,48077,15923,15923,0,0,0,0,0.0,1115.0362730068891,scaling
64,1000,0.25,complete,exponential,10.0,1.0,0.0,0.0,0.0,52,80077,3206122926,2975737329,230385597,0.9281419950770783,0.07185800492292166,1926570,228459027,0.9916376282845494,0.008362371715450597,0.9287000540487476,1.0,0.0,1.0,1.0,1.0,16077,8,512,640616,40999424,128616,8231424,64.0,61.733056932702276,740.7966831924273,711904,44914440,0.7753207540008589,0.5659707729973888,124.172,125.68166666666667,281.9236666666667,278.384,281.156,2461.9936666666667,47923,16077,16077,0,0,0,0,0.0,1105.6405127507362,scaling
64,1000,0.25,complete,exponential,10.0,1.0,0.0,0.0,0.0,53,79726,3178077675,2947935652,230142023,0.9275845191543344,0.07241548084566561,1959606,228182417,0.9914852317084221,0.008514768291577936,0.928156821615941,1.0,0.0,1.0,1.0,1.0,15726,8,512,637808,40819712,125808,8051712,64.0,61.75269046484208,741.032285578105,711904,44720688,0.7379205920005916,0.562547221998102,120.809,124.62633333333333,294.801,273.0706666666667,274.206,2474.306666666667,48274,15726,15726,0,0,0,0,0.0,1095.8722654687645,scaling
64,1000,0.25,complete,exponential,10.0,1.0,0.0,0.0,0.0,54,79946,3195641485,2965799513,229841972,0.9280764212509902,0.07192357874900976,1930412,227911560,0.9916011336693543,0.00839886633064565,0.9286373892971126,1.0,0.0,1.0,1.0,1.0,15946,8,512,639568,40932352,127568,8164352,64.0,61.64833762789883,739.780051534786,711904,44842128,0.7582075960017391,0.579237161000492,133.12233333333333,131.46266666666668,323.144,316.021,316.12766666666664,2594.257666666667,48054,15946,15946,0,0,0,0,0.0,1108.4982808150019,scaling
64,1000,0.25,complete,exponential,10.0,1.0,0.0,0.0,0.0,55,80152,3212131476,2980996253,231135223,0.9280430378622522,0.07195696213774781,1952985,229182238,0.9915504656769687,0.008449534323031327,0.9286076339236179,1.0,0.0,1.0,1.0,1.0,16152,8,512,641216,41037824,129216,8269824,64.0,61.75585138237349,741.0702165884819,711904,44955840,0.7331738579996454,0.5435231720002776,140.76666666666668,136.57866666666666,335.4236666666667,325.0076666666667,326.16333333333336,2844.4486666666667,47848,16152,16152,0,0,0,0,0.0,1090.6853531620502,scaling
64,1000,0.25,complete,exponential,10.0,1.0,0.0,0.0,0.0,56,79925,3193962850,2963116086,230846764,0.9277240297268955,0.07227597027310446,1919118,228927646,0.9916866151088867,0.00831338489111331,0.9282817952319959,1.0,0.0,1.0,1.0,1.0,15925,8,512,639400,40921600,127400,8153600,64.0,61.7025086018142,740.4301032217704,711904,44830536,0.7370803529993282,0.5656219739976223,112.69066666666667,112.76433333333334,267.604,273.8186666666667,277.512,2324.8773333333334,48075,15925,15925,0,0,0,0,0.0,1093.0702466468344,scaling
64,1000,0.25,complete,exponential,10.0,1.0,0.0,0.0,0.0,57,79859,3188690011,2956369417,232320594,0.9271423082210671,0.07285769177893285,1975650,230344944,0.9914960186439606,0.008503981356039405,0.9277171036039399,1.0,0.0,1.0,1.0,1.0,15859,8,512,638872,40887808,126872,8119808,64.0,61.847994590465696,742.1759350855883,711904,44794104,0.7287518410012126,0.5740703219998977,164.82133333333334,169.751,385.003,384.4286666666667,390.5536666666667,3372.596,48141,15859,15859,0,0,0,0,0.0,1123.5530318675692,scaling
64,1000,0.25,complete,exponential,10.0,1.0,0.0,0.0,0.0,58,79894,3191485671,2960251106,231234565,0.9275464191798968,0.07245358082010327,1902572,229331993,0.9917721124434835,0.008227887556516475,0.9280996964550319,1.0,0.0,1.0,1.0,1.0,15894,8,512,639152,40905728,127152,8137728,64.0,61.67135204145493,740.0562244974592,711904,44813424,0.7717421779998404,0.5706240379986411,146.14333333333335,144.116,342.6406666666667,325.4216666666667,328.91833333333335,2889.062,48106,15894,15894,0,0,0,0,0.0,1090.557698072386,scaling
64,1000,0.25,complete,exponential,10.0,1.0,0.0,0.0,0.0,59,80092,3207324186,2977906682,229417504,0.9284707467360457,0.07152925326395428,1954397,227463107,0.9914810467121113,0.008518953287888617,0.9290368594036811,1.0,0.0,1.0,1.0,1.0,16092,8,512,640736,41007104,128736,8239104,64.0,61.72848723967437,740.7418468760925,711904,44922720,0.761513923000166,0.5771048870010418,119.67033333333333,117.082,283.75733333333335,264.28766666666667,264.28766666666667,2294.153,47908,16092,16092,0,0,0,0,0.0,1099.3184838595582,scaling
64,1000,0.25,complete,exponential,10.0,1.0,0.0,0.0,0.0,60,79925,3193962850,2963922297,230040553,0.9279764468769572,0.07202355312304275,1933307,228107246,0.9915957991980657,0.008404200801934257,0.9285384916000446,1.0,0.0,1.0,1.0,1.0,15925,8,512,639400,40921600,127400,8153600,64.0,61.644641851736004,739.7357022208321,711904,44830536,0.7406501320001553,0.5616541159979533,127.495,128.84733333333332,302.342,279.793,279.0283333333333,2492.033,48075,15925,15925,0,0,0,0,0.0,1107.649465568165,scaling
64,1000,0.25,complete,exponential,10.0,1.0,0.0,0.0,0.0,61,79910,3192764095,2960343315,232420780,0.9272038982259978,0.0727961017740022,1932993,230487787,0.991683217825876,0.008316782174124017,0.9277655947205945,1.0,0.0,1.0,1.0,1.0,15910,8,512,639280,40913920,127280,8145920,64.0,61.70146414716556,740.4175697659867,711904,44822256,0.7522100280002633,0.5645015609989059,127.51166666666667,119.88433333333333,283.38666666666666,277.85633333333334,274.48333333333335,2420.222,48090,15910,15910,0,0,0,0,0.0,1096.9136918115355,scaling
64,1000,0.25,complete,exponential,10.0,1.0,0.0,0.0,0.0,62,79999,3199880001,2969955915,229924086,0.9281460286235278,0.07185397137647224,1961141,227962945,0.9914704847407766,0.008529515259223429,0.928715219184767,1.0,0.0,1.0,1.0,1.0,15999,8,512,639992,40959488,127992,8191488,64.0,61.749146864335806,740.9897623720296,711904,44871384,0.7900085159999435,0.5924661420031043,143.936,146.56066666666666,336.26533333333333,325.475,324.9243333333333,2893.5903333333335,48001,15999,15999,0,0,0,0,0.0,1100.710237070796,scaling
64,1000,0.25,complete,exponential,10.0,1.0,0.0,0.0,0.0,63,79872,3189728256,2957490672,232237584,0.9271920472964579,0.07280795270354215,1940181,230297403,0.9916457062350424,0.008354293764957527,0.9277563634778325,1.0,0.0,1.0,1.0,1.0,15872,8,512,638976,40894464,126976,8126464,64.0,61.672914162660255,740.0749699519231,711904,44801280,0.753572076002456,0.5615345859987428,113.158,112.991,278.92133333333334,283.086,284.51533333333333,2552.209,48128,15872,15872,0,0,0,0,0.0,1068.303467604835,scaling
64,1000,0.25,complete,exponential,10.0,1.0,0.0,0.0,0.0,64,80123,3209807503,2978277827,231529676,0.9278680494753644,0.07213195052463556,1991472,229538204,0.9913986317676184,0.00860136823238158,0.9284440872600652,1.0,0.0,1.0,1.0,1.0,16123,8,512,640984,41022976,128984,8254976,64.0,61.68902811926663,740.2683374311996,711904,44939832,0.7495496259980428,0.5713125490001403,121.42366666666666,119.62033333333333,267.821,269.9583333333333,275.23133333333334,2396.8016666666667,47877,16123,16123,0,0,0,0,0.0,1108.9405952238092,scaling
64,1000,0.25,complete,exponential,10.0,1.0,0.0,0.0,0.0,65,79975,3197960325,2964031110,233929215,0.9268504949322659,0.07314950506773407,1962191,231967024,0.9916120310154506,0.00838796898454945,0.9274195370978899,1.0,0.0,1.0,1.0,1.0,15975,8,512,639800,40947200,127800,8179200,64.0,61.711997499218505,740.543969990622,711904,44858136,0.7471830219983531,0.5737035909987753,136.492,133.276,322.11566666666664,302.2486666666667,304.2386666666667,2658.0936666666666,48025,15975,15975,0,0,0,0,0.0,1101.0794736882003,scaling
64,1000,0.25,complete,exponential,10.0,1.0,0.0,0.0,0.0,66,80197,3215739306,2985647436,230091870,0.9284482204230021,0.07155177957699783,1974700,228117170,0.9914177758649186,0.008582224135081348,0.9290187061074379,1.0,0.0,1.0,1.0,1.0,16197,8,512,641576,41060864,129576,8292864,64.0,61.81878374502787,741.8254049403345,711904,44980680,0.881288639997365,0.6348018759999832,136.03766666666667,132.471,312.1603333333333,300.0643333333333,303.4406666666667,2687.8393333333333,47803,16197,16197,0,0,0,0,0.0,1088.6716486241771,scaling
64,1000,0.25,complete,exponential,10.0,1.0,0.0,0.0,0.0,67,80084,3206683486,2976194494,230488992,0.9281223129734233,0.07187768702657672,1963275,228525717,0.9914821311726679,0.00851786882733211,0.9286908990633255,1.0,0.0,1.0,1.0,1.0,16084,8,512,640672,41003008,128672,8235008,64.0,61.69636881274661,740.3564257529594,711904,44918304,0.8010463590035215,0.5739682860003086,134.95566666666667,132.855,310.975,305.34433333333334,308.7873333333333,2678.7356666666665,47916,16084,16084,0,0,0,0,0.0,1111.7264508535736,scaling
64,1000,0.25,complete,exponential,10.0,1.0,0.0,0.0,0.0,68,80069,3205482346,2977136483,228345863,0.9287639617529186,0.07123603824708133,1930824,226415039,0.9915443004982315,0.008455699501768508,0.929323740403386,1.0,0.0,1.0,1.0,1.0,16069,8,512,640552,40995328,128552,8227328,64.0,61.67735328279359,740.128239393523,711904,44910024,0.7594767509981466,0.5778520189996925,115.86,118.84566666666667,293.12466666666666,292.674,303.68766666666664,2583.227,47931,16069,16069,0,0,0,0,0.0,1097.6221790174181,scaling
64,1000,0.25,complete,exponential,10.0,1.0,0.0,0.0,0.0,69,79825,3185975400,2953822859,232152541,0.927132977549042,0.07286702245095804,1959440,230193101,0.9915596874729017,0.008440312527098292,0.9277035341870585,1.0,0.0,1.0,1.0,1.0,15825,8,512,638600,40870400,126600,8102400,64.0,61.55328531161917,738.6394237394301,711904,44775336,0.7340255919989431,0.5767162769989227,173.037,170.10466666666667,398.061,387.481,384.27866666666665,3253.179666666667,48175,15825,15825,0,0,0,0,0.0,1087.040047209889,scaling
64,1000,0.25,complete,exponential,10.0,1.0,0.0,0.0,0.0,70,80111,3208846105,2979523130,229322975,0.9285341311187624,0.07146586888123761,1962565,227360410,0.9914419172348519,0.00855808276514815,0.9291023801880876,1.0,0.0,1.0,1.0,1.0,16111,8,512,640888,41016832,128888,8248832,64.0,61.7784324250103,741.3411891001236,711904,44933208,0.784583788998134,0.5648969860012585,131.31533333333334,128.36333333333334,313.249,294.9716666666667,297.336,2809.4766666666665,47889,16111,16111,0,0,0,0,0.0,1079.6438367106152,scaling
64,1000,0.25,complete,exponential,10.0,1.0,0.0,0.0,0.0,71,80109,3208685886,2978863272,229822614,0.928374848095056,0.07162515190494405,1927589,227895025,0.9916127096178621,0.008387290382137938,0.9289328961234149,1.0,0.0,1.0,1.0,1.0,16109,8,512,640872,41015808,128872,8247808,64.0,61.75309890274501,741.03718683294,711904,44932104,0.8844165039990912,0.6544134110008599,117.386,119.70366666666666,271.324,266.25466666666665,267.54366666666664,2373.882,47891,16109,16109,0,0,0,0,0.0,1107.04907581239,scaling
128,1000,0.25,complete,exponential,10.0,1.0,0.0,0.0,0.0,42,159828,12772414878,11697016038,1075398840,0.9158030137392159,0.08419698626078406,7763743,1067635097,0.9927805919894799,0.007219408010520078,0.9163600253772232,1.0,0.0,1.0,1.0,1.0,31828,8,1024,1278624,163663872,254624,32591872,128.0,122.49319893885928,1469.9183872663114,1283104,171340128,2.006764297002519,1.7319914019972202,146.87133333333333,145.552,351.7943333333333,497.801,490.417,5377.021,96172,31828,31828,0,0,0,0,0.0,1107.3222799783407,scaling
128,1000,0.25,complete,exponential,10.0,1.0,0.0,0.0,0.0,43,160081,12812883240,11732823765,1080059475,0.9157051964987702,0.08429480350122975,7914058,1072145417,0.9926725720359058,0.007327427964094292,0.9162711442908337,1.0,0.0,1.0,1.0,1.0,32081,8,1024,1280648,163922944,256648,32850944,128.0,122.69260561840568,1472.3112674208683,1283104,171609320,2.16664496699741,1.376896988000226,146.828,143.465,331.27633333333335,497.57033333333334,515.4773333333334,5960.047666666666,95919,32081,32081,0,0,0,0,0.0,1094.0987252764553,scaling
128,1000,0.25,complete,exponential,10.0,1.0,0.0,0.0,0.0,44,160058,12809201653,11738824918,1070376735,0.9164368893552932,0.08356311064470678,7773657,1062603078,0.9927374570599201,0.007262542940079878,0.9169933949296886,1.0,0.0,1.0,1.0,1.0,32058,8,1024,1280464,163899392,256464,32827392,128.0,122.53981681640406,1470.4778017968488,1283104,171584848,1.9123847609989753,1.332783586000005,121.908,121.06633333333333,292.3333333333333,418.1286666666667,421.241,4831.003333333333,95942,32058,32058,0,0,0,0,0.0,1107.8672319059604,scaling
128,1000,0.25,complete,exponential,10.0,1.0,0.0,0.0,0.0,45,159998,12799600003,11726381182,1073218821,0.9161521593840076,0.08384784061599242,7799036,1065419785,0.9927330420903977,0.0072669579096022955,0.9167107283995001,1.0,0.0,1.0,1.0,1.0,31998,8,1024,1279984,163837952,255984,32765952,128.0,122.66381454768185,1471.9657745721822,1283104,171521008,1.9311687000008533,1.3975373310022405,119.59033333333333,117.61333333333333,275.4916666666667,408.868,406.1893333333333,4613.476333333333,96002,31998,31998,0,0,0,0,0.0,1141.3992346656253,scaling
128,1000,0.25,complete,exponential,10.0,1.0,0.0,0.0,0.0,46,159662,12745897291,11665737943,1080159348,0.9152543502164645,0.0847456497835355,7793779,1072365569,0.9927846025547704,0.007215397445229535,0.9158143464614044,1.0,0.0,1.0,1.0,1.0,31662,8,1024,1277296,163493888,253296,32421888,128.0,122.4091330435545,1468.909596522654,1283104,171163504,2.0432123630016576,1.3612084060005145,126.71066666666667,122.83,275.12533333333334,377.504,379.85833333333335,4807.950333333333,96338,31662,31662,0,0,0,0,0.0,1107.051129088036,scaling
128,1000,0.25,complete,exponential,10.0,1.0,0.0,0.0,0.0,47,160050,12807921225,11735165114,1072756111,0.9162427616351927,0.08375723836480732,7737045,1065019066,0.9927876943131205,0.007212305686879466,0.916796582687922,1.0,0.0,1.0,1.0,1.0,32050,8,1024,1280400,163891200,256400,32819200,128.0,122.53479537644486,1470.4175445173382,1283104,171576336,2.004318110000895,1.3622015509972698,121.01333333333334,122.56633333333333,271.572,403.7663333333333,400.3933333333333,4431.802,95950,32050,32050,0,0,0,0,0.0,1130.1096460149795,scaling
128,1000,0.25,complete,exponential,10.0,1.0,0.0,0.0,0.0,48,159875,12779927875,11697209877,1082717998,0.9152798037211145,0.0847201962788855,7820204,1074897794,0.9927772476171584,0.007222752382841612,0.9158402182561745,1.0,0.0,1.0,1.0,1.0,31875,8,1024,1279000,163712000,255000,32640000,128.0,122.52527912431587,1470.3033494917904,1283104,171390136,1.9927408160001505,1.3674210319986742,123.24066666666667,120.65266666666666,275.05833333333334,401.2416666666667,416.6236666666667,4862.108,96125,31875,31875,0,0,0,0,0.0,1107.4178970130472,scaling
128,1000,0.25,complete,exponential,10.0,1.0,0.0,0.0,0.0,49,160525,12884057550,11811207391,1072850159,0.9167304123847227,0.08326958761527731,7854462,1064995697,0.9926788825689125,0.007321117431087597,0.9172896163782532,1.0,0.0,1.0,1.0,1.0,32525,8,1024,1284200,164377600,260200,33305600,128.0,122.70468774334216,1472.456252920106,1443520,172242152,2.11256663200038,1.3910813469992718,121.12033333333333,120.49233333333333,286.8206666666667,391.727,385.72266666666667,4486.240333333333,95475,32525,32525,0,0,0,0,0.0,1100.70561263687,scaling
128,1000,0.25,complete,exponential,10.0,1.0,0.0,0.0,0.0,50,160052,12808241326,11725942940,1082298386,0.9154998443226553,0.0845001556773447,7820480,1074477906,0.9927741923104004,0.007225807689599567,0.9160591734500851,1.0,0.0,1.0,1.0,1.0,32052,8,1024,1280416,163893248,256416,32821248,128.0,122.62547796965985,1471.5057356359182,1283104,171578464,2.0697106430015992,1.4179646390002745,128.47066666666666,133.02233333333334,310.311,483.5323333333333,488.44166666666666,4777.088333333333,95948,32052,32052,0,0,0,0,0.0,1110.8431782646605,scaling
128,1000,0.25,complete,exponential,10.0,1.0,0.0,0.0,0.0,51,159942,12790641711,11713222219,1077419492,0.9157650166157484,0.08423498338425156,7807154,1069612338,0.9927538400242716,0.007246159975728377,0.9163243228072392,1.0,0.0,1.0,1.0,1.0,31942,8,1024,1279536,163780608,255536,32708608,128.0,122.7096447462205,1472.515736954646,1283104,171461424,1.9929612390005786,1.382671842999116,147.31933333333333,145.509,323.2556666666667,467.28833333333336,466.8913333333333,4949.528,96058,31942,31942,0,0,0,0,0.0,1115.0362730068891,scaling
128,1000,0.25,complete,exponential,10.0,1.0,0.0,0.0,0.0,52,160144,12822970296,11748324301,1074645995,0.9161936766448546,0.08380632335514536,7704625,1066941370,0.992830546025531,0.007169453974469053,0.9167444985230069,1.0,0.0,1.0,1.0,1.0,32144,8,1024,1281152,163987456,257152,32915456,128.0,122.54528424418024,1470.5434109301627,1283104,171676352,2.0454142569979012,1.3607734210017952,122.04533333333333,122.58966666666667,275.399,407.784,417.465,4535.429,95856,32144,32144,0,0,0,0,0.0,1106.171831612325,scaling
128,1000,0.25,complete,exponential,10.0,1.0,0.0,0.0,0.0,53,159831,12772894365,11703851254,1069043111,0.9163037694941432,0.08369623050585684,7845985,1061197126,0.992660740320696,0.0073392596793039905,0.9168669718743361,1.0,0.0,1.0,1.0,1.0,31831,8,1024,1278648,163666944,254648,32594944,128.0,122.70786643392083,1472.49439720705,1283104,171343320,2.0602355250011897,1.3707283629992162,117.92766666666667,118.91933333333333,281.704,422.93233333333336,436.9716666666667,4834.185,96169,31831,31831,0,0,0,0,0.0,1095.8722654687645,scaling
128,1000,0.25,complete,exponential,10.0,1.0,0.0,0.0,0.0,54,159659,12745418311,11672083701,1073334610,0.915786631414549,0.08421336858545105,7901530,1065433080,0.9926383348432228,0.007361665156777158,0.916354726096278,1.0,0.0,1.0,1.0,1.0,31659,8,1024,1277272,163490816,253272,32418816,128.0,122.74858918069135,1472.9830701682963,1283104,171160312,2.0275502069998765,1.3489673100011714,124.72033333333333,123.69166666666666,304.397,416.006,413.62166666666667,4696.430333333334,96341,31659,31659,0,0,0,0,0.0,1108.4982808150019,scaling
128,1000,0.25,complete,exponential,10.0,1.0,0.0,0.0,0.0,55,160336,12853736280,11782529708,1071206572,0.9166618523466392,0.08333814765336076,7779396,1063427176,0.9927377256606301,0.0072622743393699046,0.9172169745233593,1.0,0.0,1.0,1.0,1.0,32336,8,1024,1282688,164184064,258688,33112064,128.0,122.7540664604331,1473.0487975251972,1283104,171880640,1.8999421449989313,1.452639368999371,125.161,125.191,279.50333333333333,421.9533333333333,405.2056666666667,4451.551,95664,32336,32336,0,0,0,0,0.0,1090.6853531620502,scaling
128,1000,0.25,complete,exponential,10.0,1.0,0.0,0.0,0.0,56,159792,12766661736,11689546324,1077115412,0.915630613994988,0.08436938600501195,7795957,1069319455,0.9927621897215969,0.0072378102784031095,0.9161900851124237,1.0,0.0,1.0,1.0,1.0,31792,8,1024,1278336,163627008,254336,32555008,128.0,122.50026284169421,1470.0031541003304,1283104,171301824,1.9286328260022856,1.3621807859999535,121.81133333333334,120.609,271.65233333333333,427.1333333333333,445.481,4866.865666666667,96208,31792,31792,0,0,0,0,0.0,1093.0702466468344,scaling
128,1000,0.25,complete,exponential,10.0,1.0,0.0,0.0,0.0,57,159891,12782485995,11706326858,1076159137,0.9158098716148838,0.08419012838511622,7895260,1068263877,0.9926634828172257,0.007336517182774243,0.9163758824716666,1.0,0.0,1.0,1.0,1.0,31891,8,1024,1279128,163728384,255128,32656384,128.0,122.69230288133791,1472.3076345760549,1283104,171407160,2.0058426299983694,1.4706849809990672,123.555,126.05966666666667,302.79066666666665,428.369,427.858,4599.925333333334,96109,31891,31891,0,0,0,0,0.0,1123.5530318675692,scaling
128,1000,0.25,complete,exponential,10.0,1.0,0.0,0.0,0.0,58,160032,12805040496,11724555134,1080485362,0.9156203088668468,0.08437969113315329,7726479,1072758883,0.9928490664735169,0.007150933526483073,0.9161731218304917,1.0,0.0,1.0,1.0,1.0,32032,8,1024,1280256,163872768,256256,32800768,128.0,122.45403419316136,1469.4484103179364,1283104,171557184,1.9445224060000328,1.40513025400287,124.51,128.63066666666666,297.42033333333336,404.02666666666664,412.7196666666667,4845.712333333333,95968,32032,32032,0,0,0,0,0.0,1109.8198044390147,scaling
128,1000,0.25,complete,exponential,10.0,1.0,0.0,0.0,0.0,59,160024,12803760276,11733142208,1070618068,0.9163825278729391,0.08361747212706093,7673796,1062944272,0.9928323683026056,0.007167631697394444,0.9169320812530176,1.0,0.0,1.0,1.0,1.0,32024,8,1024,1280192,163864576,256192,32792576,128.0,122.65633280008,1471.8759936009599,1283104,171548672,2.0003522129991325,1.3499108100004378,124.00233333333334,120.646,272.7006666666667,369.1546666666667,374.211,4474.460333333333,95976,32024,32024,0,0,0,0,0.0,1099.3184838595582,scaling
128,1000,0.25,complete,exponential,10.0,1.0,0.0,0.0,0.0,60,159815,12770337205,11694108333,1076228872,0.915724318416696,0.08427568158330397,7799433,1068429439,0.9927529978028689,0.00724700219713117,0.9162839352104367,1.0,0.0,1.0,1.0,1.0,31815,8,1024,1278520,163650560,254520,32578560,128.0,122.5604167318462,1470.7250007821544,1283104,171326296,2.0034144810015277,1.3440455260024464,133.79366666666667,127.43866666666666,302.01233333333334,440.89566666666667,446.149,4725.790666666667,96185,31815,31815,0,0,0,0,0.0,1107.649465568165,scaling
128,1000,0.25,complete,exponential,10.0,1.0,0.0,0.0,0.0,61,159933,12789202278,11711866932,1077335346,0.9157621153703047,0.08423788462969528,7763096,1069572250,0.9927941694024769,0.007205830597523159,0.916318324191045,1.0,0.0,1.0,1.0,1.0,31933,8,1024,1279464,163771392,255464,32699392,128.0,122.52682060612882,1470.321847273546,1283104,171451848,2.079086533998634,1.5617403169999307,141.09766666666667,136.88966666666667,334.9406666666667,518.027,501.45933333333335,6232.001666666667,96067,31933,31933,0,0,0,0,0.0,1116.83790324432,scaling
128,1000,0.25,complete,exponential,10.0,1.0,0.0,0.0,0.0,62,159958,12793200903,11722957249,1070243654,0.9163427775335703,0.08365722246642968,7805248,1062438406,0.9927070364109816,0.0072929635890183935,0.9169021878814904,1.0,0.0,1.0,1.0,1.0,31958,8,1024,1279664,163796992,255664,32724992,128.0,122.4976243763988,1469.9714925167857,1283104,171478448,2.0704764660004003,1.3877508369987481,149.82733333333334,151.61066666666667,349.7753333333333,500.7846666666667,499.085,5167.327666666667,96042,31958,31958,0,0,0,0,0.0,1100.710237070796,scaling
128,1000,0.25,complete,exponential,10.0,1.0,0.0,0.0,0.0,63,159838,12774013203,11694921342,1079091861,0.9155244445225269,0.08447555547747307,7672791,1071419070,0.9928895849581428,0.007110415041857127,0.9160746905203235,1.0,0.0,1.0,1.0,1.0,31838,8,1024,1278704,163674112,254704,32602112,128.0,122.46438268747106,1469.5725922496526,1283104,171350768,2.1682101839978714,1.3932236370019382,129.41566666666668,124.189,270.273,402.47366666666665,391.453,4378.740666666667,96162,31838,31838,0,0,0,0,0.0,1106.144011170349,scaling
128,1000,0.25,complete,exponential,10.0,1.0,0.0,0.0,0.0,64,160019,12802960171,11728223537,1074736634,0.9160556137295196,0.08394438627048041,7784731,1066951903,0.9927566151988079,0.00724338480119214,0.9166129524363912,1.0,0.0,1.0,1.0,1.0,32019,8,1024,1280152,163859456,256152,32787456,128.0,122.61124616451796,1471.3349539742155,1283104,171543352,1.9947830909986806,1.4094869059990742,127.27166666666666,124.57333333333334,288.674,430.0686666666667,432.6736666666667,4633.577666666667,95981,32019,32019,0,0,0,0,0.0,1128.639923666389,scaling
128,1000,0.25,complete,exponential,10.0,1.0,0.0,0.0,0.0,65,159988,12798000078,11721375171,1076624907,0.9158755352056344,0.08412446479436567,7812597,1068812310,0.9927434365030903,0.0072565634969097,0.9164349770800674,1.0,0.0,1.0,1.0,1.0,31988,8,1024,1279904,163827712,255904,32755712,128.0,122.49217441308097,1469.9060929569716,1283104,171510368,1.9940855500026373,1.3315819509989524,127.45533333333333,121.05333333333333,292.89166666666665,418.31666666666666,433.27133333333336,4601.611,96012,31988,31988,0,0,0,0,0.0,1101.0794736882003,scaling
128,1000,0.25,complete,exponential,10.0,1.0,0.0,0.0,0.0,66,160066,12810482145,11736582754,1073899391,0.9161702597260051,0.08382974027399497,7691345,1066208046,0.9928379277756756,0.007162072224324411,0.9167206539061781,1.0,0.0,1.0,1.0,1.0,32066,8,1024,1280528,163907584,256528,32835584,128.0,122.65826596528932,1471.8991915834717,1283104,171593360,1.9468082470011723,1.3777264390009805,137.02633333333333,126.43333333333334,296.91266666666667,405.75966666666665,407.54966666666667,4713.557333333333,95934,32066,32066,0,0,0,0,0.0,1150.5362442978212,scaling
128,1000,0.25,complete,exponential,10.0,1.0,0.0,0.0,0.0,67,160184,12829376836,11754374784,1075002052,0.9162077733204095,0.08379222667959053,7771828,1067230224,0.9927704063582569,0.007229593641743114,0.9167631335285945,1.0,0.0,1.0,1.0,1.0,32184,8,1024,1281472,164028416,257472,32956416,128.0,122.64397817509864,1471.7277381011836,1283104,171718912,2.070764369000244,1.4333766700001433,148.07733333333334,143.365,360.395,531.1046666666666,522.829,5516.844333333333,95816,32184,32184,0,0,0,0,0.0,1111.7264508535736,scaling
128,1000,0.25,complete,exponential,10.0,1.0,0.0,0.0,0.0,68,159986,12797680105,11731218927,1066461178,0.9166676171579459,0.08333238284205417,7775050,1058686128,0.9927094861394008,0.007290513860599247,0.9172248641841071,1.0,0.0,1.0,1.0,1.0,31986,8,1024,1279888,163825664,255888,32753664,128.0,122.55849261810408,1470.701911417249,1283104,171508240,2.306123149999621,1.6556616540001414,135.61733333333333,135.84433333333334,307.0516666666667,459.5473333333333,455.0486666666667,4900.136333333333,96014,31986,31986,0,0,0,0,0.0,1112.2917867506983,scaling
128,1000,0.25,complete,exponential,10.0,1.0,0.0,0.0,0.0,69,159874,12779768001,11700704331,1079063670,0.9155646902263355,0.0844353097736645,7831088,1071232582,0.9927427007157048,0.0072572992842952445,0.9161260669155327,1.0,0.0,1.0,1.0,1.0,31874,8,1024,1278992,163710976,254992,32638976,128.0,122.49347611243854,1469.9217133492625,1283104,171389072,2.0589983880017826,1.3491273499967065,124.139,123.01366666666667,277.463,382.22933333333333,384.687,4494.222666666667,96126,31874,31874,0,0,0,0,0.0,1087.040047209889,scaling
128,1000,0.25,complete,exponential,10.0,1.0,0.0,0.0,0.0,70,160037,12805840666,11738463272,1067377394,0.9166491742448485,0.08335082575515156,7805691,1059571703,0.9926870373647805,0.007312962635219535,0.9172082507142859,1.0,0.0,1.0,1.0,1.0,32037,8,1024,1280296,163877888,256296,32805888,128.0,122.62385573336167,1471.48626880034,1283104,171562504,1.9099431629983883,1.3128296659997432,118.39833333333333,117.12933333333334,283.835,438.384,442.118,4769.631666666667,95963,32037,32037,0,0,0,0,0.0,1090.8848482750268,scaling
128,1000,0.25,complete,exponential,10.0,1.0,0.0,0.0,0.0,71,160165,12826333530,11751817218,1074516312,0.9162257624529432,0.08377423754705683,7849921,1066666391,0.9926944608356956,0.007305539164304469,0.916786850649707,1.0,0.0,1.0,1.0,1.0,32165,8,1024,1281320,164008960,257320,32936960,128.0,122.41901164424188,1469.0281397309025,1283104,171698696,2.3590746080008103,1.506690702000924,161.63266666666667,161.9,354.67766666666665,515.068,521.5366666666666,5669.860333333333,95835,32165,32165,0,0,0,0,0.0,1113.4929052421294,scaling
